timestamp,resource_type,priority,system_load,available_resources,queue_length,user_role,duration,success,resource_id,predicted_load,allocation_time
2026-01-01 00:00:00,GPU,Medium,33,1,11,user,38,1,GPU-Node-25,48,269
2026-01-01 00:02:00,CPU,High,19,13,7,user,35,1,CPU-Node-9,24,198
2026-01-01 00:04:00,GPU,Low,29,2,0,admin,28,1,GPU-Node-1,22,106
2026-01-01 00:06:00,CPU,High,42,7,4,user,35,1,CPU-Node-19,53,212
2026-01-01 00:08:00,CPU,Low,35,5,10,admin,25,1,CPU-Node-17,58,279
2026-01-01 00:10:00,CPU,Low,16,9,4,user,34,1,CPU-Node-26,24,151
2026-01-01 00:12:00,CPU,Medium,33,9,5,user,38,1,CPU-Node-1,51,184
2026-01-01 00:14:00,GPU,Medium,44,0,12,user,36,0,GPU-Node-22,71,311
2026-01-01 00:16:00,CPU,High,41,10,10,admin,39,1,CPU-Node-35,67,303
2026-01-01 00:18:00,GPU,Low,34,2,6,user,23,1,GPU-Node-17,48,222
2026-01-01 00:20:00,CPU,Medium,35,5,5,user,31,1,CPU-Node-35,49,205
2026-01-01 00:22:00,CPU,Medium,29,8,13,admin,23,1,CPU-Node-24,58,301
2026-01-01 00:24:00,CPU,Medium,34,10,2,user,29,1,CPU-Node-16,27,154
2026-01-01 00:26:00,GPU,Medium,35,2,7,admin,14,1,GPU-Node-49,52,250
2026-01-01 00:28:00,GPU,Medium,31,2,5,user,31,1,GPU-Node-30,48,175
2026-01-01 00:30:00,CPU,Low,29,6,6,user,16,1,CPU-Node-36,33,233
2026-01-01 00:32:00,GPU,Low,28,2,10,user,27,1,GPU-Node-1,50,219
2026-01-01 00:34:00,GPU,Low,24,3,4,user,17,1,GPU-Node-38,29,169
2026-01-01 00:36:00,GPU,Low,52,1,5,user,41,1,GPU-Node-19,65,191
2026-01-01 00:38:00,GPU,High,43,1,10,admin,26,1,GPU-Node-1,61,300
2026-01-01 00:40:00,GPU,High,35,2,11,user,20,1,GPU-Node-10,55,252
2026-01-01 00:42:00,GPU,Medium,35,3,10,user,38,1,GPU-Node-37,50,254
2026-01-01 00:44:00,CPU,High,63,6,14,user,32,1,CPU-Node-37,88,378
2026-01-01 00:46:00,GPU,High,25,2,2,user,17,1,GPU-Node-41,32,141
2026-01-01 00:48:00,CPU,Low,20,10,3,user,16,1,CPU-Node-23,23,135
2026-01-01 00:50:00,CPU,Medium,53,6,10,user,16,1,CPU-Node-12,73,288
2026-01-01 00:52:00,CPU,Low,36,11,3,user,30,1,CPU-Node-1,37,156
2026-01-01 00:54:00,CPU,High,47,11,5,user,35,1,CPU-Node-38,53,193
2026-01-01 00:56:00,CPU,Medium,18,9,0,user,22,1,CPU-Node-44,18,110
2026-01-01 00:58:00,GPU,Low,39,2,4,user,29,1,GPU-Node-42,52,200
2026-01-01 01:00:00,CPU,Medium,40,16,3,admin,27,1,CPU-Node-39,54,185
2026-01-01 01:02:00,CPU,Medium,32,10,9,user,28,1,CPU-Node-12,49,298
2026-01-01 01:04:00,GPU,High,32,1,8,user,24,1,GPU-Node-1,52,215
2026-01-01 01:06:00,CPU,Medium,17,4,1,user,41,1,CPU-Node-49,23,61
2026-01-01 01:08:00,CPU,Medium,27,12,3,admin,21,1,CPU-Node-6,32,169
2026-01-01 01:10:00,CPU,Medium,41,5,5,admin,39,1,CPU-Node-11,53,225
2026-01-01 01:12:00,CPU,Medium,35,12,1,user,34,1,CPU-Node-7,41,135
2026-01-01 01:14:00,CPU,Medium,22,11,7,user,31,1,CPU-Node-40,39,186
2026-01-01 01:16:00,GPU,Low,43,4,4,user,24,1,GPU-Node-19,54,237
2026-01-01 01:18:00,CPU,Medium,30,8,6,user,39,1,CPU-Node-36,44,230
2026-01-01 01:20:00,CPU,High,44,8,11,user,38,1,CPU-Node-43,71,313
2026-01-01 01:22:00,CPU,Medium,30,2,7,user,39,1,CPU-Node-36,48,258
2026-01-01 01:24:00,CPU,Medium,38,7,12,user,37,1,CPU-Node-37,64,305
2026-01-01 01:26:00,GPU,High,19,0,8,user,24,0,GPU-Node-28,25,198
2026-01-01 01:28:00,CPU,Medium,37,11,6,user,36,1,CPU-Node-33,44,183
2026-01-01 01:30:00,CPU,Medium,42,8,13,user,16,1,CPU-Node-12,63,311
2026-01-01 01:32:00,CPU,Medium,47,9,9,user,35,1,CPU-Node-36,63,289
2026-01-01 01:34:00,CPU,High,47,3,13,user,5,1,CPU-Node-5,67,353
2026-01-01 01:36:00,GPU,Medium,21,2,5,user,19,1,GPU-Node-19,42,124
2026-01-01 01:38:00,CPU,Low,36,4,11,user,28,1,CPU-Node-42,71,273
2026-01-01 01:40:00,CPU,Low,27,12,8,user,30,1,CPU-Node-5,45,251
2026-01-01 01:42:00,GPU,High,33,1,12,user,31,1,GPU-Node-41,62,309
2026-01-01 01:44:00,CPU,High,21,6,1,admin,23,1,CPU-Node-31,12,101
2026-01-01 01:46:00,GPU,Medium,32,2,7,user,40,1,GPU-Node-50,49,247
2026-01-01 01:48:00,GPU,Low,33,0,5,user,39,0,GPU-Node-2,44,212
2026-01-01 01:50:00,CPU,High,38,9,9,user,30,1,CPU-Node-46,53,284
2026-01-01 01:52:00,CPU,High,41,11,2,user,12,1,CPU-Node-26,41,147
2026-01-01 01:54:00,GPU,Medium,27,3,2,admin,36,1,GPU-Node-37,36,121
2026-01-01 01:56:00,CPU,Low,38,10,6,user,27,1,CPU-Node-19,53,179
2026-01-01 01:58:00,CPU,Low,20,10,3,user,36,1,CPU-Node-43,19,144
2026-01-01 02:00:00,CPU,Low,36,4,2,user,18,1,CPU-Node-49,38,136
2026-01-01 02:02:00,CPU,Low,39,5,11,user,33,1,CPU-Node-47,51,281
2026-01-01 02:04:00,CPU,High,32,7,6,admin,40,1,CPU-Node-23,44,182
2026-01-01 02:06:00,CPU,Medium,19,5,4,user,42,1,CPU-Node-47,25,140
2026-01-01 02:08:00,GPU,Low,21,0,0,user,37,0,GPU-Node-44,18,70
2026-01-01 02:10:00,CPU,Low,41,5,7,user,28,1,CPU-Node-45,60,199
2026-01-01 02:12:00,CPU,Low,25,6,3,admin,16,1,CPU-Node-15,29,114
2026-01-01 02:14:00,CPU,Low,33,10,4,user,39,1,CPU-Node-49,40,191
2026-01-01 02:16:00,CPU,High,38,8,8,user,42,1,CPU-Node-14,47,237
2026-01-01 02:18:00,GPU,Low,31,2,4,user,5,1,GPU-Node-4,40,196
2026-01-01 02:20:00,CPU,Low,32,13,9,user,27,1,CPU-Node-25,59,273
2026-01-01 02:22:00,CPU,Low,18,11,3,user,31,1,CPU-Node-15,26,132
2026-01-01 02:24:00,CPU,Medium,48,8,10,user,33,1,CPU-Node-46,64,279
2026-01-01 02:26:00,CPU,Low,39,4,5,user,40,1,CPU-Node-17,47,266
2026-01-01 02:28:00,GPU,Low,35,1,4,admin,28,1,GPU-Node-32,38,159
2026-01-01 02:30:00,CPU,High,35,5,5,user,20,1,CPU-Node-20,45,226
2026-01-01 02:32:00,CPU,Medium,42,4,6,admin,27,1,CPU-Node-41,53,232
2026-01-01 02:34:00,CPU,Low,37,9,6,user,21,1,CPU-Node-30,46,237
2026-01-01 02:36:00,CPU,Low,41,6,10,admin,26,1,CPU-Node-36,65,279
2026-01-01 02:38:00,GPU,Medium,42,3,10,user,31,1,GPU-Node-27,67,275
2026-01-01 02:40:00,CPU,High,52,6,8,admin,7,1,CPU-Node-40,67,273
2026-01-01 02:42:00,GPU,High,39,1,7,admin,24,1,GPU-Node-46,54,244
2026-01-01 02:44:00,CPU,High,37,7,12,user,15,1,CPU-Node-22,60,300
2026-01-01 02:46:00,GPU,Low,31,3,9,user,18,1,GPU-Node-16,54,205
2026-01-01 02:48:00,CPU,Low,30,11,3,user,43,1,CPU-Node-11,43,148
2026-01-01 02:50:00,CPU,Low,49,3,7,admin,41,1,CPU-Node-23,55,269
2026-01-01 02:52:00,CPU,High,26,9,6,user,24,1,CPU-Node-23,43,193
2026-01-01 02:54:00,CPU,Medium,32,3,5,user,36,1,CPU-Node-5,36,214
2026-01-01 02:56:00,CPU,Medium,33,6,5,user,37,1,CPU-Node-21,38,202
2026-01-01 02:58:00,GPU,Medium,26,2,7,user,24,1,GPU-Node-42,45,227
2026-01-01 03:00:00,CPU,Medium,34,4,6,user,23,1,CPU-Node-31,51,183
2026-01-01 03:02:00,GPU,High,21,1,0,user,18,1,GPU-Node-39,20,73
2026-01-01 03:04:00,CPU,Low,49,10,10,admin,32,1,CPU-Node-3,73,295
2026-01-01 03:06:00,CPU,Low,33,5,8,user,5,1,CPU-Node-40,52,261
2026-01-01 03:08:00,GPU,Low,25,2,2,user,33,1,GPU-Node-46,34,149
2026-01-01 03:10:00,CPU,Low,17,5,8,user,34,1,CPU-Node-26,32,225
2026-01-01 03:12:00,GPU,High,43,3,10,user,36,1,GPU-Node-41,65,255
2026-01-01 03:14:00,GPU,High,39,1,6,user,38,1,GPU-Node-43,40,229
2026-01-01 03:16:00,CPU,Medium,33,5,7,user,10,1,CPU-Node-29,54,174
2026-01-01 03:18:00,CPU,High,32,11,4,admin,12,1,CPU-Node-47,43,185
2026-01-01 03:20:00,CPU,Low,28,9,9,user,28,1,CPU-Node-13,49,222
2026-01-01 03:22:00,CPU,Low,21,11,2,user,32,1,CPU-Node-36,23,117
2026-01-01 03:24:00,CPU,High,31,4,2,user,31,1,CPU-Node-38,48,156
2026-01-01 03:26:00,CPU,Medium,26,6,12,user,25,1,CPU-Node-24,57,264
2026-01-01 03:28:00,GPU,Medium,29,1,7,admin,20,1,GPU-Node-31,45,237
2026-01-01 03:30:00,CPU,Low,28,7,12,user,46,1,CPU-Node-5,53,279
2026-01-01 03:32:00,CPU,Low,38,10,7,user,33,1,CPU-Node-38,58,219
2026-01-01 03:34:00,GPU,High,29,0,4,user,24,0,GPU-Node-28,40,186
2026-01-01 03:36:00,CPU,Medium,33,6,7,user,25,1,CPU-Node-45,50,230
2026-01-01 03:38:00,GPU,High,27,1,9,user,14,1,GPU-Node-9,45,234
2026-01-01 03:40:00,CPU,Medium,40,5,9,user,22,1,CPU-Node-50,61,245
2026-01-01 03:42:00,CPU,Low,31,16,13,user,24,1,CPU-Node-22,50,291
2026-01-01 03:44:00,GPU,Low,31,1,8,user,18,1,GPU-Node-32,46,241
2026-01-01 03:46:00,GPU,Medium,30,1,9,user,39,1,GPU-Node-36,41,242
2026-01-01 03:48:00,GPU,High,50,2,12,user,45,1,GPU-Node-2,80,321
2026-01-01 03:50:00,CPU,Medium,27,2,1,user,31,1,CPU-Node-28,30,106
2026-01-01 03:52:00,CPU,High,65,12,8,admin,32,1,CPU-Node-41,74,295
2026-01-01 03:54:00,GPU,Medium,24,0,6,user,39,0,GPU-Node-33,46,166
2026-01-01 03:56:00,GPU,High,42,2,4,user,21,1,GPU-Node-3,47,183
2026-01-01 03:58:00,CPU,High,50,12,11,user,26,1,CPU-Node-48,77,297
2026-01-01 04:00:00,CPU,High,25,10,6,user,40,1,CPU-Node-41,41,193
2026-01-01 04:02:00,CPU,High,46,1,4,user,23,1,CPU-Node-16,53,222
2026-01-01 04:04:00,GPU,Medium,41,1,12,user,46,1,GPU-Node-6,59,291
2026-01-01 04:06:00,CPU,Medium,28,7,5,user,29,1,CPU-Node-25,41,161
2026-01-01 04:08:00,CPU,Medium,25,12,1,user,29,1,CPU-Node-35,37,112
2026-01-01 04:10:00,CPU,Medium,39,9,8,user,12,1,CPU-Node-41,48,281
2026-01-01 04:12:00,CPU,Low,18,10,3,user,31,1,CPU-Node-2,30,156
2026-01-01 04:14:00,GPU,Low,29,1,6,user,31,1,GPU-Node-31,37,216
2026-01-01 04:16:00,GPU,High,36,1,7,user,21,1,GPU-Node-8,44,221
2026-01-01 04:18:00,CPU,Medium,24,12,5,user,14,1,CPU-Node-25,28,177
2026-01-01 04:20:00,GPU,Low,31,1,10,user,36,1,GPU-Node-31,53,258
2026-01-01 04:22:00,GPU,Medium,32,1,2,user,33,1,GPU-Node-39,43,171
2026-01-01 04:24:00,CPU,Medium,31,9,8,user,45,1,CPU-Node-14,50,217
2026-01-01 04:26:00,CPU,Low,49,11,12,user,37,1,CPU-Node-20,71,327
2026-01-01 04:28:00,GPU,High,38,2,8,user,43,1,GPU-Node-16,51,267
2026-01-01 04:30:00,CPU,Low,55,5,9,user,33,1,CPU-Node-47,77,266
2026-01-01 04:32:00,CPU,Medium,43,4,12,user,23,1,CPU-Node-16,66,341
2026-01-01 04:34:00,CPU,Medium,34,6,3,user,25,1,CPU-Node-32,38,155
2026-01-01 04:36:00,CPU,Medium,39,3,5,user,36,1,CPU-Node-33,41,202
2026-01-01 04:38:00,CPU,High,33,11,6,user,19,1,CPU-Node-22,54,199
2026-01-01 04:40:00,CPU,High,30,13,0,user,25,1,CPU-Node-36,32,61
2026-01-01 04:42:00,CPU,High,43,11,7,user,22,1,CPU-Node-12,62,244
2026-01-01 04:44:00,CPU,High,27,10,5,user,23,1,CPU-Node-20,34,220
2026-01-01 04:46:00,CPU,Medium,28,5,0,user,23,1,CPU-Node-46,25,87
2026-01-01 04:48:00,GPU,High,48,1,8,user,20,1,GPU-Node-7,66,263
2026-01-01 04:50:00,GPU,Low,25,3,5,user,14,1,GPU-Node-24,26,154
2026-01-01 04:52:00,CPU,Medium,45,5,9,user,34,1,CPU-Node-22,61,267
2026-01-01 04:54:00,CPU,Low,24,10,1,user,17,1,CPU-Node-4,25,80
2026-01-01 04:56:00,CPU,High,14,8,6,admin,34,1,CPU-Node-38,23,148
2026-01-01 04:58:00,CPU,Low,25,7,8,user,32,1,CPU-Node-38,42,187
2026-01-01 05:00:00,CPU,High,39,8,5,user,23,1,CPU-Node-36,42,206
2026-01-01 05:02:00,CPU,High,25,3,1,admin,18,1,CPU-Node-2,27,102
2026-01-01 05:04:00,CPU,High,49,6,8,user,22,1,CPU-Node-4,62,285
2026-01-01 05:06:00,GPU,Low,32,2,6,user,38,1,GPU-Node-50,42,223
2026-01-01 05:08:00,GPU,Medium,22,1,6,admin,25,1,GPU-Node-39,36,195
2026-01-01 05:10:00,CPU,Low,22,4,3,user,11,1,CPU-Node-49,21,193
2026-01-01 05:12:00,GPU,Medium,37,3,3,admin,22,1,GPU-Node-50,43,168
2026-01-01 05:14:00,CPU,High,56,7,16,user,40,0,CPU-Node-13,99,406
2026-01-01 05:16:00,CPU,Medium,24,7,8,admin,42,1,CPU-Node-26,47,225
2026-01-01 05:18:00,CPU,Low,30,8,4,user,34,1,CPU-Node-45,42,155
2026-01-01 05:20:00,GPU,Low,28,1,5,user,18,1,GPU-Node-11,41,153
2026-01-01 05:22:00,CPU,Medium,31,10,8,user,33,1,CPU-Node-35,48,205
2026-01-01 05:24:00,CPU,Medium,28,11,7,user,34,1,CPU-Node-37,38,215
2026-01-01 05:26:00,GPU,Medium,54,0,6,user,27,0,GPU-Node-39,59,280
2026-01-01 05:28:00,CPU,Low,41,10,6,user,35,1,CPU-Node-2,60,205
2026-01-01 05:30:00,CPU,Medium,48,7,8,user,50,1,CPU-Node-11,64,242
2026-01-01 05:32:00,GPU,High,39,2,9,user,37,1,GPU-Node-2,60,246
2026-01-01 05:34:00,CPU,Medium,37,10,12,user,36,1,CPU-Node-29,61,332
2026-01-01 05:36:00,CPU,Low,32,11,9,user,58,1,CPU-Node-48,54,260
2026-01-01 05:38:00,GPU,Medium,41,0,8,user,39,0,GPU-Node-6,54,261
2026-01-01 05:40:00,CPU,Medium,25,6,5,admin,26,1,CPU-Node-28,41,193
2026-01-01 05:42:00,GPU,High,45,1,5,user,19,1,GPU-Node-7,45,248
2026-01-01 05:44:00,CPU,Medium,37,10,3,user,37,1,CPU-Node-21,41,217
2026-01-01 05:46:00,CPU,Medium,35,10,5,user,43,1,CPU-Node-18,34,203
2026-01-01 05:48:00,CPU,Medium,29,11,2,admin,30,1,CPU-Node-31,33,140
2026-01-01 05:50:00,GPU,Medium,25,2,4,user,23,1,GPU-Node-36,36,168
2026-01-01 05:52:00,GPU,Medium,29,0,6,user,29,0,GPU-Node-39,35,230
2026-01-01 05:54:00,CPU,Low,35,6,8,user,24,1,CPU-Node-1,39,247
2026-01-01 05:56:00,GPU,Low,41,2,15,user,37,1,GPU-Node-35,68,380
2026-01-01 05:58:00,CPU,Medium,40,7,4,user,33,1,CPU-Node-32,48,172
2026-01-01 06:00:00,GPU,High,32,2,5,user,26,1,GPU-Node-16,42,193
2026-01-01 06:02:00,CPU,High,27,13,4,user,21,1,CPU-Node-47,30,184
2026-01-01 06:04:00,GPU,Medium,28,1,9,user,21,1,GPU-Node-36,48,214
2026-01-01 06:06:00,CPU,Low,41,6,3,user,30,1,CPU-Node-41,43,204
2026-01-01 06:08:00,GPU,Low,54,1,13,user,23,1,GPU-Node-29,87,340
2026-01-01 06:10:00,CPU,High,49,9,11,user,22,1,CPU-Node-33,72,314
2026-01-01 06:12:00,CPU,Medium,32,8,3,user,38,1,CPU-Node-10,34,150
2026-01-01 06:14:00,CPU,Medium,31,2,7,user,39,1,CPU-Node-16,47,227
2026-01-01 06:16:00,CPU,High,44,10,7,user,19,1,CPU-Node-18,61,220
2026-01-01 06:18:00,GPU,Medium,56,0,11,user,27,0,GPU-Node-40,88,351
2026-01-01 06:20:00,GPU,Medium,22,2,5,user,38,1,GPU-Node-28,36,179
2026-01-01 06:22:00,CPU,High,32,8,9,admin,21,1,CPU-Node-28,48,239
2026-01-01 06:24:00,CPU,High,31,7,9,user,21,1,CPU-Node-44,47,242
2026-01-01 06:26:00,GPU,Medium,47,1,7,user,46,1,GPU-Node-7,51,268
2026-01-01 06:28:00,CPU,Low,38,9,9,admin,9,1,CPU-Node-40,47,275
2026-01-01 06:30:00,GPU,Medium,20,3,0,user,35,1,GPU-Node-46,26,102
2026-01-01 06:32:00,CPU,Medium,29,3,7,user,12,1,CPU-Node-5,47,245
2026-01-01 06:34:00,CPU,Medium,41,6,11,user,32,1,CPU-Node-37,68,313
2026-01-01 06:36:00,GPU,Medium,49,0,15,user,22,0,GPU-Node-39,71,396
2026-01-01 06:38:00,CPU,Medium,44,8,8,admin,24,1,CPU-Node-35,61,281
2026-01-01 06:40:00,CPU,Medium,53,4,6,user,23,1,CPU-Node-6,69,245
2026-01-01 06:42:00,CPU,Medium,29,4,6,user,18,1,CPU-Node-14,46,165
2026-01-01 06:44:00,GPU,Medium,44,2,9,user,37,1,GPU-Node-22,61,266
2026-01-01 06:46:00,CPU,Medium,49,8,9,user,42,1,CPU-Node-48,75,329
2026-01-01 06:48:00,CPU,Medium,44,8,7,user,21,1,CPU-Node-14,57,222
2026-01-01 06:50:00,GPU,Low,16,2,0,user,26,1,GPU-Node-11,5,83
2026-01-01 06:52:00,GPU,High,44,1,10,user,39,1,GPU-Node-5,68,264
2026-01-01 06:54:00,GPU,Medium,23,1,4,admin,24,1,GPU-Node-2,42,117
2026-01-01 06:56:00,CPU,Low,50,4,12,user,29,1,CPU-Node-42,73,329
2026-01-01 06:58:00,GPU,High,37,2,4,user,26,1,GPU-Node-13,42,189
2026-01-01 07:00:00,CPU,Low,39,11,9,user,27,1,CPU-Node-39,54,275
2026-01-01 07:02:00,GPU,Low,27,2,6,user,29,1,GPU-Node-31,35,216
2026-01-01 07:04:00,GPU,High,41,3,7,user,29,1,GPU-Node-29,65,222
2026-01-01 07:06:00,GPU,Low,37,1,5,user,31,1,GPU-Node-39,53,197
2026-01-01 07:08:00,GPU,High,41,2,13,admin,23,1,GPU-Node-41,63,337
2026-01-01 07:10:00,GPU,Medium,19,2,10,user,22,1,GPU-Node-13,41,247
2026-01-01 07:12:00,CPU,Low,35,7,4,admin,45,1,CPU-Node-2,41,200
2026-01-01 07:14:00,CPU,High,46,8,7,admin,36,1,CPU-Node-45,56,267
2026-01-01 07:16:00,GPU,High,38,1,11,user,25,1,GPU-Node-33,55,315
2026-01-01 07:18:00,CPU,Medium,49,11,7,user,28,1,CPU-Node-1,54,249
2026-01-01 07:20:00,CPU,Medium,31,11,6,user,43,1,CPU-Node-29,46,161
2026-01-01 07:22:00,GPU,High,33,2,5,admin,40,1,GPU-Node-27,43,188
2026-01-01 07:24:00,CPU,Medium,35,2,5,user,28,1,CPU-Node-36,45,203
2026-01-01 07:26:00,GPU,Medium,29,2,8,user,29,1,GPU-Node-36,49,196
2026-01-01 07:28:00,GPU,Medium,39,2,10,user,27,1,GPU-Node-35,69,295
2026-01-01 07:30:00,CPU,Medium,35,1,8,user,50,1,CPU-Node-9,44,225
2026-01-01 07:32:00,GPU,High,31,2,10,admin,34,1,GPU-Node-24,46,224
2026-01-01 07:34:00,GPU,Low,25,1,9,user,26,1,GPU-Node-1,45,238
2026-01-01 07:36:00,GPU,Low,36,0,15,user,21,0,GPU-Node-49,75,353
2026-01-01 07:38:00,CPU,Medium,17,7,1,user,34,1,CPU-Node-44,4,73
2026-01-01 07:40:00,GPU,Medium,19,1,7,user,28,1,GPU-Node-24,30,183
2026-01-01 07:42:00,GPU,High,32,0,7,user,5,0,GPU-Node-42,53,233
2026-01-01 07:44:00,CPU,Low,42,10,4,admin,46,1,CPU-Node-6,43,197
2026-01-01 07:46:00,CPU,High,41,12,10,user,26,1,CPU-Node-20,54,294
2026-01-01 07:48:00,CPU,High,44,7,9,user,38,1,CPU-Node-11,61,265
2026-01-01 07:50:00,GPU,High,21,0,0,user,22,0,GPU-Node-2,14,110
2026-01-01 07:52:00,GPU,Low,23,2,2,admin,37,1,GPU-Node-26,28,136
2026-01-01 07:54:00,GPU,Medium,34,1,0,user,41,1,GPU-Node-6,40,132
2026-01-01 07:56:00,CPU,Low,45,6,5,user,33,1,CPU-Node-47,53,211
2026-01-01 07:58:00,CPU,High,35,8,4,user,32,1,CPU-Node-38,39,190
2026-01-01 08:00:00,CPU,High,45,2,8,user,34,1,CPU-Node-38,64,271
2026-01-01 08:02:00,CPU,Medium,34,7,13,user,18,1,CPU-Node-13,63,298
2026-01-01 08:04:00,GPU,Medium,26,1,9,user,32,1,GPU-Node-33,38,246
2026-01-01 08:06:00,GPU,Medium,47,2,6,admin,23,1,GPU-Node-33,61,271
2026-01-01 08:08:00,CPU,Medium,53,8,16,user,10,0,CPU-Node-20,88,377
2026-01-01 08:10:00,CPU,Medium,24,7,4,user,39,1,CPU-Node-1,25,167
2026-01-01 08:12:00,GPU,Low,24,1,6,admin,33,1,GPU-Node-10,38,192
2026-01-01 08:14:00,CPU,High,34,6,4,user,34,1,CPU-Node-31,44,183
2026-01-01 08:16:00,CPU,Low,36,8,2,user,31,1,CPU-Node-10,39,149
2026-01-01 08:18:00,GPU,Medium,36,1,5,user,30,1,GPU-Node-29,43,185
2026-01-01 08:20:00,CPU,Low,55,10,15,user,32,1,CPU-Node-23,90,386
2026-01-01 08:22:00,CPU,Low,47,8,11,user,36,1,CPU-Node-9,74,310
2026-01-01 08:24:00,GPU,Low,28,1,1,user,26,1,GPU-Node-45,36,124
2026-01-01 08:26:00,CPU,Low,49,6,10,user,21,1,CPU-Node-37,71,317
2026-01-01 08:28:00,CPU,Low,39,7,7,user,31,1,CPU-Node-17,51,200
2026-01-01 08:30:00,CPU,Low,30,4,11,admin,20,1,CPU-Node-26,50,291
2026-01-01 08:32:00,GPU,Low,37,1,6,user,47,1,GPU-Node-39,44,230
2026-01-01 08:34:00,CPU,Low,50,12,12,admin,24,1,CPU-Node-13,74,362
2026-01-01 08:36:00,CPU,Low,42,9,12,user,44,1,CPU-Node-44,65,311
2026-01-01 08:38:00,GPU,Medium,18,1,2,user,31,1,GPU-Node-39,24,134
2026-01-01 08:40:00,CPU,High,22,6,0,admin,30,1,CPU-Node-29,21,79
2026-01-01 08:42:00,CPU,High,38,7,6,user,40,1,CPU-Node-36,49,211
2026-01-01 08:44:00,CPU,Medium,32,8,6,admin,27,1,CPU-Node-49,55,183
2026-01-01 08:46:00,CPU,Low,48,11,6,user,28,1,CPU-Node-24,56,236
2026-01-01 08:48:00,CPU,Low,40,8,9,user,42,1,CPU-Node-46,51,287
2026-01-01 08:50:00,GPU,Low,60,2,6,user,23,1,GPU-Node-16,68,257
2026-01-01 08:52:00,CPU,Medium,14,5,0,user,30,1,CPU-Node-47,18,111
2026-01-01 08:54:00,GPU,High,23,2,4,admin,35,1,GPU-Node-5,27,152
2026-01-01 08:56:00,CPU,High,34,8,8,admin,56,1,CPU-Node-5,48,211
2026-01-01 08:58:00,CPU,Low,50,5,9,user,26,1,CPU-Node-46,65,253
2026-01-01 09:00:00,CPU,High,70,9,18,user,43,0,CPU-Node-14,100,466
2026-01-01 09:02:00,GPU,Medium,76,0,13,user,27,0,GPU-Node-16,100,387
2026-01-01 09:04:00,GPU,High,85,0,15,user,35,0,GPU-Node-34,100,450
2026-01-01 09:06:00,CPU,High,69,9,17,user,18,0,CPU-Node-38,100,461
2026-01-01 09:08:00,CPU,Medium,65,13,10,user,29,1,CPU-Node-46,82,315
2026-01-01 09:10:00,CPU,Medium,69,8,17,user,30,0,CPU-Node-14,98,444
2026-01-01 09:12:00,CPU,Low,85,2,17,user,24,0,CPU-Node-28,100,486
2026-01-01 09:14:00,GPU,Medium,73,1,16,user,36,0,GPU-Node-42,100,450
2026-01-01 09:16:00,CPU,High,71,4,16,user,37,0,CPU-Node-14,100,398
2026-01-01 09:18:00,CPU,High,79,4,16,user,40,0,CPU-Node-41,100,411
2026-01-01 09:20:00,CPU,Medium,69,4,13,user,34,1,CPU-Node-45,89,374
2026-01-01 09:22:00,CPU,Medium,77,7,14,user,28,1,CPU-Node-48,100,442
2026-01-01 09:24:00,GPU,High,77,2,18,user,29,0,GPU-Node-21,100,447
2026-01-01 09:26:00,GPU,Medium,81,3,16,user,45,0,GPU-Node-21,100,478
2026-01-01 09:28:00,GPU,Medium,81,2,20,user,38,0,GPU-Node-36,100,514
2026-01-01 09:30:00,CPU,Medium,62,8,12,user,39,1,CPU-Node-19,91,338
2026-01-01 09:32:00,CPU,Medium,86,4,17,user,18,0,CPU-Node-13,100,479
2026-01-01 09:34:00,GPU,Medium,55,1,10,admin,25,1,GPU-Node-47,76,299
2026-01-01 09:36:00,CPU,Medium,60,6,15,user,24,1,CPU-Node-5,86,424
2026-01-01 09:38:00,CPU,Medium,60,8,12,user,44,1,CPU-Node-38,80,352
2026-01-01 09:40:00,CPU,Low,63,6,11,user,48,1,CPU-Node-26,85,340
2026-01-01 09:42:00,CPU,High,90,8,16,admin,33,1,CPU-Node-17,100,475
2026-01-01 09:44:00,GPU,High,73,1,18,user,30,0,GPU-Node-17,100,498
2026-01-01 09:46:00,GPU,High,61,2,5,user,35,1,GPU-Node-45,63,265
2026-01-01 09:48:00,GPU,Medium,76,1,15,user,36,1,GPU-Node-16,100,429
2026-01-01 09:50:00,CPU,Medium,77,12,15,user,5,1,CPU-Node-5,100,406
2026-01-01 09:52:00,CPU,High,69,4,5,user,25,1,CPU-Node-29,85,272
2026-01-01 09:54:00,CPU,Medium,73,9,15,user,22,1,CPU-Node-3,91,406
2026-01-01 09:56:00,CPU,Medium,68,13,13,user,16,1,CPU-Node-41,93,397
2026-01-01 09:58:00,GPU,Medium,88,2,15,admin,26,1,GPU-Node-49,100,489
2026-01-01 10:00:00,CPU,Low,76,12,12,user,32,1,CPU-Node-7,100,408
2026-01-01 10:02:00,CPU,High,52,6,10,user,30,1,CPU-Node-7,75,281
2026-01-01 10:04:00,CPU,Medium,66,7,5,user,31,1,CPU-Node-17,77,245
2026-01-01 10:06:00,CPU,Low,70,5,13,user,30,1,CPU-Node-44,100,390
2026-01-01 10:08:00,GPU,High,75,1,17,user,13,0,GPU-Node-9,100,451
2026-01-01 10:10:00,CPU,High,94,5,18,user,28,0,CPU-Node-23,100,540
2026-01-01 10:12:00,GPU,Low,73,3,12,user,31,1,GPU-Node-40,96,366
2026-01-01 10:14:00,GPU,Medium,60,3,13,user,28,1,GPU-Node-50,97,318
2026-01-01 10:16:00,GPU,Low,67,2,7,user,36,1,GPU-Node-35,88,325
2026-01-01 10:18:00,CPU,High,59,8,8,user,13,1,CPU-Node-22,64,296
2026-01-01 10:20:00,CPU,Medium,85,7,23,user,25,0,CPU-Node-36,100,563
2026-01-01 10:22:00,CPU,Medium,55,9,10,user,29,1,CPU-Node-25,71,311
2026-01-01 10:24:00,CPU,Medium,79,6,14,user,33,1,CPU-Node-22,100,433
2026-01-01 10:26:00,GPU,Medium,79,2,17,user,37,0,GPU-Node-44,100,476
2026-01-01 10:28:00,GPU,Low,74,4,14,user,32,1,GPU-Node-6,100,414
2026-01-01 10:30:00,CPU,High,74,4,12,user,36,1,CPU-Node-31,100,408
2026-01-01 10:32:00,CPU,Low,79,9,19,user,26,0,CPU-Node-21,100,505
2026-01-01 10:34:00,GPU,Medium,90,3,19,user,39,0,GPU-Node-40,100,525
2026-01-01 10:36:00,GPU,Low,78,0,15,user,23,0,GPU-Node-26,100,407
2026-01-01 10:38:00,GPU,High,92,2,16,user,41,0,GPU-Node-15,100,517
2026-01-01 10:40:00,GPU,Medium,77,3,16,user,36,0,GPU-Node-4,100,458
2026-01-01 10:42:00,CPU,Low,63,8,14,admin,10,1,CPU-Node-26,84,383
2026-01-01 10:44:00,CPU,Medium,68,9,8,admin,40,1,CPU-Node-44,85,322
2026-01-01 10:46:00,GPU,Medium,94,2,20,user,35,0,GPU-Node-33,100,504
2026-01-01 10:48:00,GPU,Low,77,2,12,user,30,1,GPU-Node-46,99,380
2026-01-01 10:50:00,GPU,Medium,80,2,19,user,54,0,GPU-Node-24,100,479
2026-01-01 10:52:00,GPU,Medium,72,2,15,user,34,1,GPU-Node-10,99,406
2026-01-01 10:54:00,GPU,High,98,0,17,user,18,0,GPU-Node-19,100,514
2026-01-01 10:56:00,CPU,Medium,79,10,18,user,38,0,CPU-Node-10,100,479
2026-01-01 10:58:00,GPU,Low,90,1,19,user,35,0,GPU-Node-50,100,575
2026-01-01 11:00:00,CPU,Medium,71,8,14,user,28,1,CPU-Node-3,94,414
2026-01-01 11:02:00,CPU,High,65,7,12,admin,19,1,CPU-Node-50,88,334
2026-01-01 11:04:00,CPU,High,79,10,16,user,28,0,CPU-Node-17,100,442
2026-01-01 11:06:00,CPU,Medium,70,12,12,user,16,1,CPU-Node-47,91,385
2026-01-01 11:08:00,CPU,Medium,76,8,13,admin,27,1,CPU-Node-31,96,415
2026-01-01 11:10:00,GPU,Medium,73,0,16,user,35,0,GPU-Node-22,100,444
2026-01-01 11:12:00,CPU,Low,84,6,18,user,28,0,CPU-Node-49,100,477
2026-01-01 11:14:00,GPU,Medium,79,1,18,user,41,0,GPU-Node-35,100,496
2026-01-01 11:16:00,GPU,Medium,67,1,10,user,26,1,GPU-Node-31,92,319
2026-01-01 11:18:00,CPU,Low,83,7,16,user,26,0,CPU-Node-40,100,439
2026-01-01 11:20:00,CPU,High,97,5,14,user,14,1,CPU-Node-12,100,460
2026-01-01 11:22:00,CPU,Medium,80,3,19,user,33,0,CPU-Node-10,100,469
2026-01-01 11:24:00,CPU,Low,76,7,11,user,23,1,CPU-Node-20,96,389
2026-01-01 11:26:00,GPU,High,67,3,8,admin,27,1,GPU-Node-25,76,308
2026-01-01 11:28:00,GPU,Medium,73,1,21,user,35,0,GPU-Node-4,100,505
2026-01-01 11:30:00,GPU,High,67,0,8,user,30,0,GPU-Node-47,81,239
2026-01-01 11:32:00,GPU,Low,83,2,12,user,45,1,GPU-Node-19,100,412
2026-01-01 11:34:00,GPU,Low,65,3,4,user,47,1,GPU-Node-42,71,224
2026-01-01 11:36:00,CPU,Low,69,11,10,admin,13,1,CPU-Node-30,90,334
2026-01-01 11:38:00,GPU,High,72,1,16,admin,27,1,GPU-Node-45,100,411
2026-01-01 11:40:00,GPU,High,65,2,15,user,38,1,GPU-Node-30,100,400
2026-01-01 11:42:00,CPU,High,60,6,12,user,20,1,CPU-Node-8,82,351
2026-01-01 11:44:00,CPU,High,67,13,16,user,37,0,CPU-Node-8,100,437
2026-01-01 11:46:00,CPU,Low,57,6,11,user,26,1,CPU-Node-11,76,323
2026-01-01 11:48:00,CPU,Low,65,10,17,user,47,0,CPU-Node-32,100,446
2026-01-01 11:50:00,CPU,Low,69,8,14,user,35,1,CPU-Node-48,96,418
2026-01-01 11:52:00,CPU,Medium,80,6,15,admin,19,1,CPU-Node-45,100,390
2026-01-01 11:54:00,CPU,High,84,8,15,user,45,1,CPU-Node-18,100,422
2026-01-01 11:56:00,GPU,Medium,83,2,17,user,52,0,GPU-Node-14,100,473
2026-01-01 11:58:00,GPU,High,77,2,13,user,31,1,GPU-Node-45,100,425
2026-01-01 12:00:00,CPU,Medium,62,6,13,user,30,1,CPU-Node-32,79,364
2026-01-01 12:02:00,CPU,Low,78,11,18,user,24,0,CPU-Node-26,100,450
2026-01-01 12:04:00,CPU,Medium,55,10,10,user,24,1,CPU-Node-37,76,282
2026-01-01 12:06:00,GPU,Medium,75,0,15,user,29,0,GPU-Node-22,97,413
2026-01-01 12:08:00,GPU,Low,78,1,16,user,11,0,GPU-Node-44,100,408
2026-01-01 12:10:00,GPU,Medium,74,3,17,user,39,0,GPU-Node-28,100,455
2026-01-01 12:12:00,CPU,High,72,10,13,user,32,1,CPU-Node-30,99,386
2026-01-01 12:14:00,CPU,High,72,9,17,user,35,0,CPU-Node-28,100,463
2026-01-01 12:16:00,GPU,High,67,3,12,user,30,1,GPU-Node-18,87,354
2026-01-01 12:18:00,CPU,High,69,9,13,admin,24,1,CPU-Node-2,90,381
2026-01-01 12:20:00,CPU,Medium,79,9,11,user,42,1,CPU-Node-21,100,381
2026-01-01 12:22:00,GPU,High,83,1,15,user,23,1,GPU-Node-27,100,481
2026-01-01 12:24:00,CPU,High,69,3,13,user,37,1,CPU-Node-37,95,375
2026-01-01 12:26:00,GPU,Medium,75,1,17,user,52,0,GPU-Node-35,100,420
2026-01-01 12:28:00,CPU,Low,63,10,11,user,45,1,CPU-Node-32,86,358
2026-01-01 12:30:00,CPU,Medium,66,12,11,user,31,1,CPU-Node-7,80,366
2026-01-01 12:32:00,CPU,Medium,82,8,16,user,13,0,CPU-Node-30,100,466
2026-01-01 12:34:00,GPU,Medium,80,0,11,user,30,0,GPU-Node-34,98,355
2026-01-01 12:36:00,CPU,Medium,70,9,15,user,35,1,CPU-Node-9,100,409
2026-01-01 12:38:00,CPU,Low,82,4,14,user,30,1,CPU-Node-23,100,422
2026-01-01 12:40:00,CPU,Medium,93,3,16,admin,26,0,CPU-Node-45,100,473
2026-01-01 12:42:00,CPU,Low,65,9,15,user,33,1,CPU-Node-20,98,411
2026-01-01 12:44:00,GPU,Medium,78,2,11,user,32,1,GPU-Node-26,96,367
2026-01-01 12:46:00,GPU,Low,72,1,11,user,24,1,GPU-Node-25,91,375
2026-01-01 12:48:00,GPU,Medium,80,2,15,admin,41,1,GPU-Node-45,100,465
2026-01-01 12:50:00,CPU,Low,49,8,12,user,28,1,CPU-Node-47,77,356
2026-01-01 12:52:00,CPU,Low,86,10,18,admin,15,0,CPU-Node-9,100,507
2026-01-01 12:54:00,CPU,High,73,7,13,admin,43,1,CPU-Node-24,100,421
2026-01-01 12:56:00,CPU,Low,79,9,12,user,30,1,CPU-Node-48,100,416
2026-01-01 12:58:00,GPU,High,71,1,22,user,30,0,GPU-Node-11,100,559
2026-01-01 13:00:00,GPU,High,65,1,11,admin,21,1,GPU-Node-10,93,351
2026-01-01 13:02:00,CPU,Medium,92,10,17,user,42,0,CPU-Node-24,100,515
2026-01-01 13:04:00,CPU,Low,82,8,19,user,24,0,CPU-Node-23,100,473
2026-01-01 13:06:00,CPU,Medium,63,10,8,user,32,1,CPU-Node-1,73,298
2026-01-01 13:08:00,CPU,High,76,9,21,user,31,0,CPU-Node-44,100,465
2026-01-01 13:10:00,CPU,Medium,81,4,16,user,28,0,CPU-Node-49,100,438
2026-01-01 13:12:00,CPU,High,67,1,10,user,23,1,CPU-Node-4,86,360
2026-01-01 13:14:00,GPU,Medium,65,2,15,user,23,1,GPU-Node-13,98,408
2026-01-01 13:16:00,CPU,High,63,10,14,user,28,1,CPU-Node-46,89,372
2026-01-01 13:18:00,CPU,Medium,74,8,14,admin,17,1,CPU-Node-21,100,430
2026-01-01 13:20:00,CPU,High,81,6,21,user,26,0,CPU-Node-11,100,524
2026-01-01 13:22:00,CPU,Low,84,7,16,admin,28,0,CPU-Node-43,100,457
2026-01-01 13:24:00,GPU,Low,84,0,16,user,18,0,GPU-Node-8,100,491
2026-01-01 13:26:00,CPU,High,62,8,7,user,42,1,CPU-Node-11,78,267
2026-01-01 13:28:00,CPU,Medium,84,4,19,user,35,0,CPU-Node-48,100,477
2026-01-01 13:30:00,GPU,Low,83,1,25,user,33,0,GPU-Node-13,100,598
2026-01-01 13:32:00,GPU,Medium,52,2,7,user,39,1,GPU-Node-15,65,276
2026-01-01 13:34:00,GPU,Medium,68,0,12,user,15,0,GPU-Node-10,92,327
2026-01-01 13:36:00,CPU,Low,82,5,15,user,25,1,CPU-Node-11,100,446
2026-01-01 13:38:00,GPU,Medium,71,2,17,user,28,0,GPU-Node-13,100,461
2026-01-01 13:40:00,CPU,Low,70,10,13,user,53,1,CPU-Node-48,100,368
2026-01-01 13:42:00,GPU,Low,70,2,14,user,40,1,GPU-Node-12,98,427
2026-01-01 13:44:00,CPU,Low,67,7,20,admin,21,0,CPU-Node-21,100,486
2026-01-01 13:46:00,CPU,Low,86,5,23,user,49,0,CPU-Node-6,100,546
2026-01-01 13:48:00,CPU,High,74,6,17,user,38,0,CPU-Node-26,100,466
2026-01-01 13:50:00,GPU,Medium,72,3,5,admin,28,1,GPU-Node-6,87,248
2026-01-01 13:52:00,CPU,Medium,60,5,9,user,37,1,CPU-Node-48,75,308
2026-01-01 13:54:00,GPU,Medium,75,2,14,admin,10,1,GPU-Node-38,100,386
2026-01-01 13:56:00,GPU,Low,87,1,16,user,27,0,GPU-Node-17,100,468
2026-01-01 13:58:00,CPU,High,65,5,11,admin,30,1,CPU-Node-21,86,350
2026-01-01 14:00:00,GPU,High,78,0,16,user,34,0,GPU-Node-47,100,441
2026-01-01 14:02:00,CPU,Medium,81,2,15,user,22,1,CPU-Node-36,100,464
2026-01-01 14:04:00,GPU,High,60,0,10,user,33,0,GPU-Node-21,81,330
2026-01-01 14:06:00,CPU,Medium,77,9,17,user,20,0,CPU-Node-5,100,453
2026-01-01 14:08:00,CPU,Medium,92,6,20,user,43,0,CPU-Node-11,100,501
2026-01-01 14:10:00,CPU,Low,73,8,15,user,37,1,CPU-Node-44,100,410
2026-01-01 14:12:00,CPU,Medium,69,10,16,admin,42,0,CPU-Node-32,100,427
2026-01-01 14:14:00,CPU,Medium,83,6,14,user,34,1,CPU-Node-36,100,447
2026-01-01 14:16:00,GPU,Medium,91,1,20,user,30,0,GPU-Node-9,100,545
2026-01-01 14:18:00,CPU,Medium,79,11,14,user,31,1,CPU-Node-23,98,414
2026-01-01 14:20:00,CPU,Low,81,4,19,user,11,0,CPU-Node-5,100,526
2026-01-01 14:22:00,GPU,Low,74,0,8,admin,39,0,GPU-Node-18,89,309
2026-01-01 14:24:00,GPU,Medium,92,2,14,user,31,1,GPU-Node-43,100,418
2026-01-01 14:26:00,CPU,Low,90,5,19,user,31,0,CPU-Node-35,100,488
2026-01-01 14:28:00,GPU,Medium,71,0,13,admin,28,0,GPU-Node-11,87,411
2026-01-01 14:30:00,GPU,High,68,0,15,admin,25,0,GPU-Node-43,92,417
2026-01-01 14:32:00,CPU,High,64,3,18,user,41,0,CPU-Node-44,100,492
2026-01-01 14:34:00,CPU,Low,97,7,15,user,31,1,CPU-Node-14,100,489
2026-01-01 14:36:00,CPU,Low,88,8,12,user,28,1,CPU-Node-48,100,416
2026-01-01 14:38:00,CPU,Low,74,7,19,user,31,0,CPU-Node-4,100,482
2026-01-01 14:40:00,CPU,Low,80,4,11,user,27,1,CPU-Node-49,100,369
2026-01-01 14:42:00,CPU,Medium,56,11,13,admin,41,1,CPU-Node-32,82,371
2026-01-01 14:44:00,CPU,Medium,100,11,21,user,27,0,CPU-Node-14,100,562
2026-01-01 14:46:00,CPU,Medium,79,7,17,user,12,0,CPU-Node-10,100,505
2026-01-01 14:48:00,GPU,Low,82,2,20,user,13,0,GPU-Node-34,100,500
2026-01-01 14:50:00,CPU,High,87,4,20,user,41,0,CPU-Node-10,100,508
2026-01-01 14:52:00,CPU,Medium,73,9,16,user,34,0,CPU-Node-15,100,412
2026-01-01 14:54:00,CPU,High,89,9,21,admin,24,1,CPU-Node-43,100,532
2026-01-01 14:56:00,CPU,Medium,64,5,18,user,27,0,CPU-Node-3,97,445
2026-01-01 14:58:00,GPU,Low,83,1,19,user,18,0,GPU-Node-2,100,455
2026-01-01 15:00:00,CPU,High,73,8,16,user,25,0,CPU-Node-15,95,410
2026-01-01 15:02:00,CPU,High,85,8,12,user,35,1,CPU-Node-48,100,370
2026-01-01 15:04:00,CPU,High,65,8,16,user,40,0,CPU-Node-47,96,436
2026-01-01 15:06:00,CPU,High,83,12,9,user,27,1,CPU-Node-37,89,363
2026-01-01 15:08:00,CPU,High,79,11,16,user,32,0,CPU-Node-4,100,454
2026-01-01 15:10:00,CPU,Low,76,8,16,user,36,0,CPU-Node-32,100,441
2026-01-01 15:12:00,CPU,High,100,12,19,user,24,0,CPU-Node-10,100,535
2026-01-01 15:14:00,GPU,Low,73,3,17,user,35,0,GPU-Node-50,100,442
2026-01-01 15:16:00,GPU,Low,63,1,16,user,24,0,GPU-Node-34,87,429
2026-01-01 15:18:00,CPU,High,64,8,6,admin,29,1,CPU-Node-41,76,285
2026-01-01 15:20:00,GPU,Medium,74,3,13,user,35,1,GPU-Node-23,96,405
2026-01-01 15:22:00,GPU,High,66,3,11,admin,29,1,GPU-Node-21,89,347
2026-01-01 15:24:00,CPU,Medium,62,7,13,user,33,1,CPU-Node-28,86,359
2026-01-01 15:26:00,GPU,Medium,71,2,14,user,24,1,GPU-Node-38,99,416
2026-01-01 15:28:00,CPU,Low,91,7,17,user,30,0,CPU-Node-17,100,491
2026-01-01 15:30:00,GPU,Low,79,1,18,user,20,0,GPU-Node-18,100,445
2026-01-01 15:32:00,CPU,Medium,79,8,17,user,44,0,CPU-Node-1,100,473
2026-01-01 15:34:00,CPU,Medium,69,14,12,user,26,1,CPU-Node-45,83,321
2026-01-01 15:36:00,CPU,High,82,7,11,user,18,1,CPU-Node-20,99,415
2026-01-01 15:38:00,CPU,Medium,71,8,7,admin,27,1,CPU-Node-5,84,261
2026-01-01 15:40:00,GPU,Medium,84,2,21,user,20,0,GPU-Node-9,100,550
2026-01-01 15:42:00,GPU,High,81,2,12,user,40,1,GPU-Node-27,100,400
2026-01-01 15:44:00,GPU,High,81,3,17,admin,29,1,GPU-Node-25,100,486
2026-01-01 15:46:00,GPU,Low,67,2,14,user,18,1,GPU-Node-14,91,414
2026-01-01 15:48:00,CPU,Low,84,11,15,user,35,1,CPU-Node-31,100,466
2026-01-01 15:50:00,GPU,Low,75,1,14,user,29,1,GPU-Node-9,100,425
2026-01-01 15:52:00,GPU,Medium,74,0,9,user,26,0,GPU-Node-34,95,299
2026-01-01 15:54:00,CPU,Low,62,9,10,user,40,1,CPU-Node-37,85,320
2026-01-01 15:56:00,GPU,Medium,72,2,16,user,40,0,GPU-Node-30,100,444
2026-01-01 15:58:00,GPU,Low,77,2,13,user,44,1,GPU-Node-33,96,374
2026-01-01 16:00:00,GPU,High,68,0,12,user,35,0,GPU-Node-17,81,357
2026-01-01 16:02:00,CPU,High,94,8,19,user,30,0,CPU-Node-14,100,509
2026-01-01 16:04:00,CPU,Medium,66,7,21,user,37,0,CPU-Node-41,100,453
2026-01-01 16:06:00,CPU,High,64,4,11,user,32,1,CPU-Node-3,87,344
2026-01-01 16:08:00,CPU,Medium,67,11,12,user,20,1,CPU-Node-5,98,371
2026-01-01 16:10:00,CPU,Low,86,9,17,admin,20,0,CPU-Node-27,100,483
2026-01-01 16:12:00,GPU,High,76,1,15,user,37,1,GPU-Node-43,97,409
2026-01-01 16:14:00,CPU,Medium,79,6,13,user,45,1,CPU-Node-4,100,414
2026-01-01 16:16:00,CPU,Low,74,5,12,user,39,1,CPU-Node-19,98,378
2026-01-01 16:18:00,CPU,Medium,88,5,17,user,41,0,CPU-Node-23,100,492
2026-01-01 16:20:00,CPU,Low,75,6,18,user,28,0,CPU-Node-13,100,447
2026-01-01 16:22:00,GPU,High,78,2,18,user,65,0,GPU-Node-25,100,492
2026-01-01 16:24:00,CPU,Medium,71,5,15,admin,22,1,CPU-Node-27,100,408
2026-01-01 16:26:00,GPU,Medium,80,0,15,user,10,0,GPU-Node-44,100,408
2026-01-01 16:28:00,CPU,Medium,68,7,10,user,26,1,CPU-Node-7,78,328
2026-01-01 16:30:00,GPU,Low,73,2,21,user,29,0,GPU-Node-41,100,529
2026-01-01 16:32:00,CPU,Low,68,7,14,user,30,1,CPU-Node-50,95,375
2026-01-01 16:34:00,CPU,High,63,6,14,user,28,1,CPU-Node-49,85,370
2026-01-01 16:36:00,GPU,Low,82,1,17,user,22,0,GPU-Node-30,100,471
2026-01-01 16:38:00,CPU,Low,77,7,13,user,12,1,CPU-Node-50,100,451
2026-01-01 16:40:00,GPU,High,61,2,11,user,44,1,GPU-Node-5,71,323
2026-01-01 16:42:00,GPU,Medium,72,0,19,user,32,0,GPU-Node-20,100,495
2026-01-01 16:44:00,CPU,Low,84,5,12,user,17,1,CPU-Node-30,100,407
2026-01-01 16:46:00,CPU,High,77,5,10,user,35,1,CPU-Node-36,99,368
2026-01-01 16:48:00,CPU,Medium,67,4,10,admin,36,1,CPU-Node-31,86,331
2026-01-01 16:50:00,CPU,High,78,9,9,user,19,1,CPU-Node-12,93,323
2026-01-01 16:52:00,CPU,Medium,92,6,17,user,20,0,CPU-Node-13,100,513
2026-01-01 16:54:00,GPU,Low,86,1,14,user,37,0,GPU-Node-40,100,454
2026-01-01 16:56:00,GPU,Medium,53,2,12,user,21,1,GPU-Node-26,80,314
2026-01-01 16:58:00,CPU,High,93,10,15,user,5,1,CPU-Node-31,100,466
2026-01-01 17:00:00,CPU,Medium,67,7,13,user,23,1,CPU-Node-14,92,384
2026-01-01 17:02:00,GPU,High,72,0,9,user,49,0,GPU-Node-36,82,344
2026-01-01 17:04:00,CPU,Medium,85,3,21,user,16,0,CPU-Node-41,100,494
2026-01-01 17:06:00,CPU,Low,69,6,9,user,33,1,CPU-Node-13,89,357
2026-01-01 17:08:00,GPU,Medium,78,2,15,user,38,1,GPU-Node-32,100,449
2026-01-01 17:10:00,CPU,Medium,67,9,12,user,30,1,CPU-Node-20,97,382
2026-01-01 17:12:00,GPU,High,72,1,19,user,20,0,GPU-Node-2,100,477
2026-01-01 17:14:00,GPU,Low,62,0,10,admin,30,0,GPU-Node-17,82,328
2026-01-01 17:16:00,GPU,Medium,79,1,12,user,49,1,GPU-Node-23,100,383
2026-01-01 17:18:00,CPU,High,92,6,21,user,24,0,CPU-Node-47,100,576
2026-01-01 17:20:00,CPU,High,71,12,15,user,24,1,CPU-Node-32,96,403
2026-01-01 17:22:00,GPU,Medium,83,1,16,user,34,0,GPU-Node-45,100,485
2026-01-01 17:24:00,CPU,Low,67,3,15,user,20,1,CPU-Node-8,93,400
2026-01-01 17:26:00,GPU,Medium,75,1,14,user,25,1,GPU-Node-21,100,399
2026-01-01 17:28:00,CPU,High,79,11,20,admin,33,1,CPU-Node-13,100,474
2026-01-01 17:30:00,GPU,High,61,1,14,user,43,1,GPU-Node-17,93,394
2026-01-01 17:32:00,CPU,High,54,11,10,user,26,1,CPU-Node-50,68,314
2026-01-01 17:34:00,GPU,Low,85,2,17,user,34,0,GPU-Node-38,100,490
2026-01-01 17:36:00,CPU,Low,67,13,14,user,24,1,CPU-Node-1,94,409
2026-01-01 17:38:00,GPU,High,67,0,9,user,34,0,GPU-Node-30,80,325
2026-01-01 17:40:00,CPU,Low,74,8,15,user,27,1,CPU-Node-16,100,443
2026-01-01 17:42:00,GPU,Medium,77,3,10,user,14,1,GPU-Node-35,100,348
2026-01-01 17:44:00,CPU,High,80,10,18,user,15,0,CPU-Node-41,100,466
2026-01-01 17:46:00,CPU,Low,72,5,10,user,30,1,CPU-Node-34,92,341
2026-01-01 17:48:00,GPU,Medium,72,1,17,admin,30,0,GPU-Node-12,100,448
2026-01-01 17:50:00,CPU,Medium,60,7,8,admin,32,1,CPU-Node-50,73,303
2026-01-01 17:52:00,GPU,Low,74,2,12,user,32,1,GPU-Node-14,97,332
2026-01-01 17:54:00,GPU,Low,52,3,7,admin,20,1,GPU-Node-14,64,256
2026-01-01 17:56:00,CPU,Medium,86,2,20,user,21,0,CPU-Node-15,100,507
2026-01-01 17:58:00,GPU,High,63,1,13,user,25,1,GPU-Node-47,90,337
2026-01-01 18:00:00,CPU,Medium,79,7,18,user,29,0,CPU-Node-2,100,494
2026-01-01 18:02:00,CPU,Low,63,5,11,admin,6,1,CPU-Node-38,88,331
2026-01-01 18:04:00,CPU,Low,94,6,18,user,27,0,CPU-Node-20,100,488
2026-01-01 18:06:00,GPU,Low,62,2,18,user,34,0,GPU-Node-1,94,434
2026-01-01 18:08:00,CPU,Medium,59,8,16,user,22,0,CPU-Node-35,96,434
2026-01-01 18:10:00,GPU,Low,75,2,17,user,12,0,GPU-Node-41,100,467
2026-01-01 18:12:00,GPU,Medium,66,0,11,user,31,0,GPU-Node-31,90,325
2026-01-01 18:14:00,CPU,Medium,73,12,17,user,19,0,CPU-Node-18,100,447
2026-01-01 18:16:00,CPU,Low,78,6,12,user,25,1,CPU-Node-18,100,382
2026-01-01 18:18:00,GPU,High,69,2,9,admin,38,1,GPU-Node-17,93,291
2026-01-01 18:20:00,CPU,Low,84,8,22,user,30,0,CPU-Node-37,100,554
2026-01-01 18:22:00,CPU,Medium,57,10,13,user,30,1,CPU-Node-38,85,395
2026-01-01 18:24:00,CPU,Medium,72,6,11,user,29,1,CPU-Node-42,91,386
2026-01-01 18:26:00,CPU,Medium,59,4,7,user,23,1,CPU-Node-33,72,296
2026-01-01 18:28:00,CPU,Low,76,8,16,user,20,0,CPU-Node-13,100,426
2026-01-01 18:30:00,CPU,Low,74,1,9,admin,42,1,CPU-Node-34,93,321
2026-01-01 18:32:00,CPU,Medium,62,3,13,user,31,1,CPU-Node-29,80,382
2026-01-01 18:34:00,GPU,High,75,2,15,user,28,1,GPU-Node-23,100,413
2026-01-01 18:36:00,GPU,Medium,65,1,13,user,21,1,GPU-Node-4,92,365
2026-01-01 18:38:00,CPU,High,68,5,11,user,34,1,CPU-Node-27,95,321
2026-01-01 18:40:00,GPU,High,67,2,16,user,16,0,GPU-Node-34,100,412
2026-01-01 18:42:00,GPU,Low,71,0,16,admin,47,0,GPU-Node-41,99,450
2026-01-01 18:44:00,CPU,High,76,10,19,user,26,0,CPU-Node-4,99,507
2026-01-01 18:46:00,CPU,Medium,64,10,11,user,38,1,CPU-Node-34,92,327
2026-01-01 18:48:00,GPU,Medium,66,1,7,admin,29,1,GPU-Node-1,86,301
2026-01-01 18:50:00,CPU,Medium,67,6,10,user,25,1,CPU-Node-44,95,375
2026-01-01 18:52:00,CPU,High,66,7,10,user,41,1,CPU-Node-21,83,351
2026-01-01 18:54:00,CPU,Medium,74,9,14,user,30,1,CPU-Node-13,100,413
2026-01-01 18:56:00,GPU,High,100,1,23,admin,26,1,GPU-Node-4,100,563
2026-01-01 18:58:00,CPU,High,53,9,15,user,45,1,CPU-Node-46,86,393
2026-01-01 19:00:00,CPU,High,41,5,17,user,34,0,CPU-Node-16,76,410
2026-01-01 19:02:00,GPU,Low,34,2,2,user,37,1,GPU-Node-12,40,140
2026-01-01 19:04:00,GPU,High,37,1,2,user,17,1,GPU-Node-46,36,175
2026-01-01 19:06:00,CPU,Medium,27,12,0,user,37,1,CPU-Node-44,25,75
2026-01-01 19:08:00,GPU,Medium,35,1,11,user,22,1,GPU-Node-11,55,300
2026-01-01 19:10:00,CPU,Low,25,9,1,admin,16,1,CPU-Node-35,19,115
2026-01-01 19:12:00,CPU,Low,30,13,5,admin,19,1,CPU-Node-8,36,171
2026-01-01 19:14:00,CPU,Medium,33,7,9,user,33,1,CPU-Node-37,49,218
2026-01-01 19:16:00,CPU,Medium,42,6,10,user,38,1,CPU-Node-16,58,284
2026-01-01 19:18:00,CPU,High,31,3,10,user,16,1,CPU-Node-11,57,262
2026-01-01 19:20:00,CPU,Low,28,3,9,user,44,1,CPU-Node-11,39,263
2026-01-01 19:22:00,CPU,High,32,10,4,user,40,1,CPU-Node-31,50,156
2026-01-01 19:24:00,CPU,Medium,19,9,5,user,36,1,CPU-Node-9,29,169
2026-01-01 19:26:00,GPU,High,43,1,13,user,46,1,GPU-Node-30,63,307
2026-01-01 19:28:00,CPU,Low,50,9,14,user,39,1,CPU-Node-19,84,363
2026-01-01 19:30:00,CPU,Low,14,8,7,user,21,1,CPU-Node-9,32,208
2026-01-01 19:32:00,GPU,High,29,1,7,user,45,1,GPU-Node-23,41,217
2026-01-01 19:34:00,CPU,Low,35,7,1,user,20,1,CPU-Node-26,34,149
2026-01-01 19:36:00,CPU,Medium,25,11,6,admin,22,1,CPU-Node-5,36,174
2026-01-01 19:38:00,CPU,High,33,4,5,user,21,1,CPU-Node-24,47,180
2026-01-01 19:40:00,CPU,High,33,9,5,user,45,1,CPU-Node-1,35,197
2026-01-01 19:42:00,CPU,High,53,9,10,user,24,1,CPU-Node-14,72,305
2026-01-01 19:44:00,CPU,Medium,23,10,6,admin,17,1,CPU-Node-13,27,169
2026-01-01 19:46:00,CPU,Medium,37,7,3,admin,20,1,CPU-Node-44,43,214
2026-01-01 19:48:00,CPU,Medium,48,1,8,user,48,1,CPU-Node-29,62,282
2026-01-01 19:50:00,CPU,Medium,56,8,11,user,26,1,CPU-Node-9,70,316
2026-01-01 19:52:00,GPU,High,20,1,5,user,25,1,GPU-Node-5,22,181
2026-01-01 19:54:00,CPU,Medium,36,4,6,user,42,1,CPU-Node-48,52,217
2026-01-01 19:56:00,CPU,Medium,36,10,10,user,26,1,CPU-Node-9,51,266
2026-01-01 19:58:00,CPU,Medium,31,7,6,user,33,1,CPU-Node-4,39,192
2026-01-01 20:00:00,GPU,Low,35,1,2,user,16,1,GPU-Node-39,42,149
2026-01-01 20:02:00,CPU,Medium,44,4,9,user,26,1,CPU-Node-15,63,248
2026-01-01 20:04:00,GPU,High,40,2,9,user,43,1,GPU-Node-45,56,241
2026-01-01 20:06:00,GPU,High,30,1,1,user,20,1,GPU-Node-1,34,100
2026-01-01 20:08:00,CPU,High,34,6,4,user,27,1,CPU-Node-45,44,167
2026-01-01 20:10:00,GPU,Medium,36,2,7,user,51,1,GPU-Node-13,47,222
2026-01-01 20:12:00,GPU,Medium,39,2,10,user,24,1,GPU-Node-23,67,272
2026-01-01 20:14:00,GPU,Medium,30,2,7,user,26,1,GPU-Node-44,46,220
2026-01-01 20:16:00,CPU,Low,29,10,5,user,10,1,CPU-Node-3,38,157
2026-01-01 20:18:00,GPU,Medium,36,1,7,user,25,1,GPU-Node-26,48,200
2026-01-01 20:20:00,CPU,High,12,8,0,user,39,1,CPU-Node-3,17,75
2026-01-01 20:22:00,CPU,Low,17,5,0,user,21,1,CPU-Node-21,11,92
2026-01-01 20:24:00,CPU,High,29,11,6,user,36,1,CPU-Node-22,47,195
2026-01-01 20:26:00,GPU,Low,33,1,5,user,25,1,GPU-Node-9,48,180
2026-01-01 20:28:00,CPU,Low,47,7,10,user,24,1,CPU-Node-22,62,279
2026-01-01 20:30:00,GPU,Medium,37,1,6,user,25,1,GPU-Node-19,48,209
2026-01-01 20:32:00,GPU,Low,50,1,11,user,18,1,GPU-Node-43,80,320
2026-01-01 20:34:00,CPU,Low,55,7,8,admin,9,1,CPU-Node-38,68,287
2026-01-01 20:36:00,GPU,High,36,1,10,user,37,1,GPU-Node-45,54,238
2026-01-01 20:38:00,CPU,Low,28,7,0,user,31,1,CPU-Node-18,37,127
2026-01-01 20:40:00,CPU,Low,24,3,5,user,27,1,CPU-Node-23,30,190
2026-01-01 20:42:00,CPU,High,26,6,2,admin,13,1,CPU-Node-2,27,135
2026-01-01 20:44:00,CPU,High,32,4,6,user,13,1,CPU-Node-13,42,212
2026-01-01 20:46:00,CPU,Medium,10,11,6,user,37,1,CPU-Node-1,15,158
2026-01-01 20:48:00,CPU,High,27,7,3,user,35,1,CPU-Node-11,41,153
2026-01-01 20:50:00,GPU,Low,45,0,8,user,50,0,GPU-Node-18,62,264
2026-01-01 20:52:00,CPU,Medium,24,3,1,user,29,1,CPU-Node-6,23,88
2026-01-01 20:54:00,GPU,Low,47,0,6,user,37,0,GPU-Node-20,65,219
2026-01-01 20:56:00,GPU,Low,21,1,1,user,26,1,GPU-Node-20,20,149
2026-01-01 20:58:00,CPU,Low,44,7,6,user,38,1,CPU-Node-23,58,241
2026-01-01 21:00:00,GPU,Medium,31,0,11,user,26,0,GPU-Node-8,55,283
2026-01-01 21:02:00,CPU,Low,42,5,8,user,12,1,CPU-Node-4,54,283
2026-01-01 21:04:00,GPU,Medium,36,3,2,user,16,1,GPU-Node-30,34,167
2026-01-01 21:06:00,CPU,Low,37,8,11,user,8,1,CPU-Node-8,61,279
2026-01-01 21:08:00,CPU,Medium,35,8,13,user,16,1,CPU-Node-49,67,316
2026-01-01 21:10:00,GPU,High,26,0,6,user,24,0,GPU-Node-33,35,194
2026-01-01 21:12:00,CPU,Low,22,10,0,user,39,1,CPU-Node-18,19,113
2026-01-01 21:14:00,GPU,High,23,2,3,user,33,1,GPU-Node-35,28,115
2026-01-01 21:16:00,GPU,High,28,2,8,user,30,1,GPU-Node-17,40,257
2026-01-01 21:18:00,CPU,High,36,9,6,user,41,1,CPU-Node-42,49,209
2026-01-01 21:20:00,GPU,High,36,0,1,user,26,0,GPU-Node-15,33,123
2026-01-01 21:22:00,GPU,Medium,38,0,6,user,32,0,GPU-Node-49,45,215
2026-01-01 21:24:00,GPU,Medium,37,1,10,user,11,1,GPU-Node-19,50,304
2026-01-01 21:26:00,GPU,Low,36,4,5,user,29,1,GPU-Node-34,39,163
2026-01-01 21:28:00,CPU,Low,30,7,7,user,24,1,CPU-Node-13,48,217
2026-01-01 21:30:00,GPU,Medium,32,2,0,user,38,1,GPU-Node-28,34,140
2026-01-01 21:32:00,CPU,High,34,9,5,user,33,1,CPU-Node-25,36,212
2026-01-01 21:34:00,GPU,High,47,2,12,user,40,1,GPU-Node-10,61,315
2026-01-01 21:36:00,GPU,Low,39,1,8,user,36,1,GPU-Node-30,59,280
2026-01-01 21:38:00,CPU,High,15,8,6,user,30,1,CPU-Node-17,25,172
2026-01-01 21:40:00,GPU,Low,39,1,9,user,20,1,GPU-Node-13,62,272
2026-01-01 21:42:00,GPU,High,42,2,11,user,33,1,GPU-Node-27,65,355
2026-01-01 21:44:00,CPU,Low,27,6,7,user,33,1,CPU-Node-30,45,211
2026-01-01 21:46:00,CPU,Medium,43,7,12,user,30,1,CPU-Node-2,61,292
2026-01-01 21:48:00,CPU,Low,31,4,7,user,31,1,CPU-Node-42,49,225
2026-01-01 21:50:00,CPU,High,33,11,9,user,53,1,CPU-Node-11,55,234
2026-01-01 21:52:00,GPU,High,32,2,3,user,27,1,GPU-Node-48,45,185
2026-01-01 21:54:00,CPU,High,19,10,3,user,22,1,CPU-Node-32,21,100
2026-01-01 21:56:00,GPU,Medium,43,3,15,user,23,1,GPU-Node-37,69,361
2026-01-01 21:58:00,CPU,Medium,27,8,7,user,35,1,CPU-Node-23,43,208
2026-01-01 22:00:00,GPU,High,51,2,13,user,16,1,GPU-Node-22,68,354
2026-01-01 22:02:00,CPU,High,20,8,6,user,29,1,CPU-Node-3,35,152
2026-01-01 22:04:00,GPU,Medium,27,1,3,user,24,1,GPU-Node-7,25,153
2026-01-01 22:06:00,GPU,High,45,2,12,user,42,1,GPU-Node-45,77,337
2026-01-01 22:08:00,CPU,Medium,23,3,0,admin,32,1,CPU-Node-4,21,94
2026-01-01 22:10:00,CPU,Medium,27,8,3,user,37,1,CPU-Node-49,28,165
2026-01-01 22:12:00,GPU,Low,34,2,11,admin,7,1,GPU-Node-48,41,262
2026-01-01 22:14:00,CPU,Medium,37,9,5,admin,44,1,CPU-Node-21,52,228
2026-01-01 22:16:00,GPU,Medium,21,3,8,user,41,1,GPU-Node-37,35,210
2026-01-01 22:18:00,GPU,High,29,1,7,user,46,1,GPU-Node-42,51,248
2026-01-01 22:20:00,GPU,Medium,40,1,7,user,37,1,GPU-Node-38,50,236
2026-01-01 22:22:00,CPU,Medium,45,3,6,user,35,1,CPU-Node-43,55,263
2026-01-01 22:24:00,GPU,Low,47,2,7,admin,34,1,GPU-Node-21,66,218
2026-01-01 22:26:00,CPU,Low,40,11,9,user,20,1,CPU-Node-5,51,263
2026-01-01 22:28:00,GPU,High,39,1,6,user,27,1,GPU-Node-23,55,191
2026-01-01 22:30:00,GPU,High,40,1,9,user,28,1,GPU-Node-5,68,298
2026-01-01 22:32:00,CPU,Low,20,16,6,user,12,1,CPU-Node-27,31,168
2026-01-01 22:34:00,GPU,Medium,47,3,12,user,19,1,GPU-Node-29,69,357
2026-01-01 22:36:00,GPU,Medium,39,1,9,user,35,1,GPU-Node-41,61,272
2026-01-01 22:38:00,GPU,Low,27,1,6,user,43,1,GPU-Node-10,36,181
2026-01-01 22:40:00,CPU,Medium,29,7,6,user,28,1,CPU-Node-18,37,208
2026-01-01 22:42:00,CPU,High,16,8,5,user,47,1,CPU-Node-9,29,184
2026-01-01 22:44:00,GPU,High,30,1,1,user,33,1,GPU-Node-26,35,130
2026-01-01 22:46:00,CPU,High,34,10,5,admin,25,1,CPU-Node-36,42,191
2026-01-01 22:48:00,CPU,Medium,33,9,10,user,33,1,CPU-Node-32,53,248
2026-01-01 22:50:00,CPU,High,34,6,5,user,25,1,CPU-Node-3,41,189
2026-01-01 22:52:00,CPU,High,44,3,5,user,25,1,CPU-Node-49,65,228
2026-01-01 22:54:00,CPU,High,39,6,10,user,32,1,CPU-Node-10,67,257
2026-01-01 22:56:00,CPU,High,31,9,7,user,42,1,CPU-Node-42,44,227
2026-01-01 22:58:00,CPU,Medium,19,6,0,user,27,1,CPU-Node-18,23,68
2026-01-01 23:00:00,GPU,Medium,44,1,6,admin,37,1,GPU-Node-20,54,238
2026-01-01 23:02:00,CPU,Medium,30,8,6,user,31,1,CPU-Node-27,44,236
2026-01-01 23:04:00,GPU,High,18,1,2,user,16,1,GPU-Node-12,18,96
2026-01-01 23:06:00,CPU,Medium,29,10,6,admin,18,1,CPU-Node-21,44,240
2026-01-01 23:08:00,CPU,Low,36,4,10,user,51,1,CPU-Node-20,63,226
2026-01-01 23:10:00,GPU,Medium,41,2,8,admin,36,1,GPU-Node-48,55,238
2026-01-01 23:12:00,CPU,High,27,8,5,user,35,1,CPU-Node-10,29,195
2026-01-01 23:14:00,GPU,Low,55,3,7,user,31,1,GPU-Node-41,73,274
2026-01-01 23:16:00,CPU,Medium,42,12,13,user,36,1,CPU-Node-3,64,314
2026-01-01 23:18:00,GPU,Low,31,1,3,user,30,1,GPU-Node-15,34,138
2026-01-01 23:20:00,CPU,High,52,8,7,user,5,1,CPU-Node-4,72,227
2026-01-01 23:22:00,CPU,High,47,12,15,user,35,1,CPU-Node-35,80,402
2026-01-01 23:24:00,CPU,High,34,5,3,user,25,1,CPU-Node-46,39,163
2026-01-01 23:26:00,GPU,High,32,2,10,user,45,1,GPU-Node-13,50,251
2026-01-01 23:28:00,GPU,Low,42,1,8,user,19,1,GPU-Node-20,49,266
2026-01-01 23:30:00,GPU,Low,35,1,8,user,21,1,GPU-Node-3,60,235
2026-01-01 23:32:00,CPU,High,39,10,8,user,22,1,CPU-Node-45,43,278
2026-01-01 23:34:00,CPU,Medium,35,5,5,user,27,1,CPU-Node-30,46,215
2026-01-01 23:36:00,CPU,Low,48,11,3,user,24,1,CPU-Node-30,48,184
2026-01-01 23:38:00,CPU,High,50,3,7,user,23,1,CPU-Node-33,58,228
2026-01-01 23:40:00,CPU,High,22,12,0,user,43,1,CPU-Node-40,18,98
2026-01-01 23:42:00,CPU,High,35,9,4,user,45,1,CPU-Node-31,45,192
2026-01-01 23:44:00,CPU,Medium,39,8,9,user,13,1,CPU-Node-6,56,259
2026-01-01 23:46:00,CPU,Medium,31,8,5,user,40,1,CPU-Node-27,39,177
2026-01-01 23:48:00,GPU,Low,28,1,8,user,19,1,GPU-Node-14,47,247
2026-01-01 23:50:00,CPU,High,35,3,10,user,30,1,CPU-Node-37,48,242
2026-01-01 23:52:00,CPU,Medium,21,10,4,user,23,1,CPU-Node-4,31,137
2026-01-01 23:54:00,GPU,Low,33,1,3,user,34,1,GPU-Node-30,35,165
2026-01-01 23:56:00,GPU,High,34,1,11,user,26,1,GPU-Node-20,52,288
2026-01-01 23:58:00,CPU,Medium,27,11,5,user,16,1,CPU-Node-13,29,151
2026-01-02 00:00:00,GPU,High,53,1,11,user,24,1,GPU-Node-5,75,315
2026-01-02 00:02:00,GPU,Medium,15,0,2,user,20,0,GPU-Node-33,18,118
2026-01-02 00:04:00,CPU,Low,39,10,6,user,39,1,CPU-Node-13,54,210
2026-01-02 00:06:00,GPU,Medium,36,3,7,user,17,1,GPU-Node-37,49,224
2026-01-02 00:08:00,CPU,Medium,27,6,3,user,48,1,CPU-Node-20,39,134
2026-01-02 00:10:00,CPU,Low,30,9,4,user,33,1,CPU-Node-5,44,178
2026-01-02 00:12:00,GPU,Medium,42,2,4,user,31,1,GPU-Node-11,57,209
2026-01-02 00:14:00,CPU,Low,34,11,5,admin,24,1,CPU-Node-34,49,199
2026-01-02 00:16:00,CPU,Medium,51,7,8,user,32,1,CPU-Node-25,71,272
2026-01-02 00:18:00,CPU,Medium,42,9,6,user,25,1,CPU-Node-36,53,227
2026-01-02 00:20:00,CPU,Medium,30,8,8,admin,22,1,CPU-Node-18,40,223
2026-01-02 00:22:00,GPU,High,32,0,5,user,33,0,GPU-Node-19,46,159
2026-01-02 00:24:00,CPU,Medium,39,8,7,user,29,1,CPU-Node-29,48,231
2026-01-02 00:26:00,CPU,High,36,7,9,user,39,1,CPU-Node-20,53,235
2026-01-02 00:28:00,CPU,High,43,8,9,user,11,1,CPU-Node-28,61,258
2026-01-02 00:30:00,CPU,Medium,34,7,3,admin,22,1,CPU-Node-23,39,167
2026-01-02 00:32:00,GPU,High,18,0,4,user,33,0,GPU-Node-10,22,157
2026-01-02 00:34:00,CPU,Medium,44,9,3,user,18,1,CPU-Node-2,54,165
2026-01-02 00:36:00,CPU,Medium,37,10,4,user,10,1,CPU-Node-48,37,176
2026-01-02 00:38:00,CPU,High,32,1,9,user,23,1,CPU-Node-26,47,259
2026-01-02 00:40:00,GPU,Low,33,1,13,user,27,1,GPU-Node-22,52,300
2026-01-02 00:42:00,GPU,Medium,29,3,6,user,16,1,GPU-Node-47,54,208
2026-01-02 00:44:00,CPU,Low,25,12,0,user,22,1,CPU-Node-18,28,114
2026-01-02 00:46:00,CPU,Low,40,8,1,user,38,1,CPU-Node-10,42,143
2026-01-02 00:48:00,CPU,Low,55,6,6,user,36,1,CPU-Node-29,59,240
2026-01-02 00:50:00,GPU,Medium,30,0,8,user,51,0,GPU-Node-8,44,236
2026-01-02 00:52:00,CPU,High,26,11,0,admin,28,1,CPU-Node-14,15,117
2026-01-02 00:54:00,CPU,High,32,7,2,user,18,1,CPU-Node-44,34,126
2026-01-02 00:56:00,GPU,Medium,31,0,1,user,26,0,GPU-Node-40,30,140
2026-01-02 00:58:00,CPU,High,14,9,1,admin,34,1,CPU-Node-37,15,76
2026-01-02 01:00:00,GPU,Medium,30,2,3,user,29,1,GPU-Node-14,33,124
2026-01-02 01:02:00,GPU,Medium,15,2,3,user,6,1,GPU-Node-38,17,148
2026-01-02 01:04:00,GPU,Medium,19,4,0,user,24,1,GPU-Node-48,26,71
2026-01-02 01:06:00,GPU,Medium,30,1,5,user,39,1,GPU-Node-27,41,217
2026-01-02 01:08:00,GPU,Medium,39,1,8,user,33,1,GPU-Node-35,51,295
2026-01-02 01:10:00,CPU,High,19,12,2,user,26,1,CPU-Node-3,30,111
2026-01-02 01:12:00,CPU,Medium,45,10,11,admin,36,1,CPU-Node-46,67,286
2026-01-02 01:14:00,GPU,Low,29,2,4,user,33,1,GPU-Node-16,34,170
2026-01-02 01:16:00,CPU,High,35,10,1,user,31,1,CPU-Node-1,31,121
2026-01-02 01:18:00,CPU,Medium,40,11,5,admin,46,1,CPU-Node-31,51,224
2026-01-02 01:20:00,CPU,Medium,42,12,14,admin,17,1,CPU-Node-46,69,319
2026-01-02 01:22:00,CPU,High,52,8,16,user,33,0,CPU-Node-10,81,425
2026-01-02 01:24:00,CPU,High,30,11,5,user,19,1,CPU-Node-44,41,193
2026-01-02 01:26:00,GPU,Medium,24,0,7,user,33,0,GPU-Node-43,41,170
2026-01-02 01:28:00,CPU,Medium,33,7,5,user,37,1,CPU-Node-8,43,217
2026-01-02 01:30:00,CPU,Medium,22,6,4,user,28,1,CPU-Node-32,24,152
2026-01-02 01:32:00,GPU,High,35,1,3,admin,34,1,GPU-Node-26,40,146
2026-01-02 01:34:00,CPU,High,26,6,10,user,32,1,CPU-Node-5,49,256
2026-01-02 01:36:00,CPU,Low,44,4,5,admin,41,1,CPU-Node-14,50,201
2026-01-02 01:38:00,CPU,High,46,5,9,user,17,1,CPU-Node-17,68,275
2026-01-02 01:40:00,CPU,Low,41,9,9,user,32,1,CPU-Node-34,57,252
2026-01-02 01:42:00,CPU,Medium,53,4,13,user,23,1,CPU-Node-16,79,321
2026-01-02 01:44:00,CPU,High,41,10,4,user,33,1,CPU-Node-47,48,210
2026-01-02 01:46:00,GPU,Low,39,3,10,user,31,1,GPU-Node-47,63,263
2026-01-02 01:48:00,CPU,High,45,9,11,user,12,1,CPU-Node-49,69,273
2026-01-02 01:50:00,CPU,High,34,5,7,user,41,1,CPU-Node-26,60,221
2026-01-02 01:52:00,CPU,High,34,8,1,user,43,1,CPU-Node-22,45,122
2026-01-02 01:54:00,GPU,Low,18,0,5,user,24,0,GPU-Node-35,27,180
2026-01-02 01:56:00,GPU,Medium,19,0,1,user,25,0,GPU-Node-25,28,97
2026-01-02 01:58:00,GPU,Low,32,1,6,user,25,1,GPU-Node-4,50,191
2026-01-02 02:00:00,GPU,Medium,27,1,7,user,38,1,GPU-Node-4,36,210
2026-01-02 02:02:00,GPU,Low,35,2,6,user,27,1,GPU-Node-26,47,207
2026-01-02 02:04:00,GPU,High,45,2,15,user,17,1,GPU-Node-42,74,363
2026-01-02 02:06:00,GPU,Low,29,2,10,user,21,1,GPU-Node-13,47,261
2026-01-02 02:08:00,CPU,Medium,33,9,4,admin,28,1,CPU-Node-2,44,200
2026-01-02 02:10:00,GPU,Medium,31,1,7,admin,27,1,GPU-Node-15,47,191
2026-01-02 02:12:00,CPU,Low,39,14,5,user,24,1,CPU-Node-17,50,232
2026-01-02 02:14:00,GPU,Medium,47,2,9,user,21,1,GPU-Node-15,69,331
2026-01-02 02:16:00,CPU,Low,32,8,9,admin,41,1,CPU-Node-13,50,255
2026-01-02 02:18:00,GPU,Medium,29,3,7,admin,15,1,GPU-Node-48,47,242
2026-01-02 02:20:00,CPU,Low,39,7,8,user,36,1,CPU-Node-27,57,229
2026-01-02 02:22:00,CPU,Medium,38,10,8,user,37,1,CPU-Node-46,64,226
2026-01-02 02:24:00,GPU,High,33,0,1,user,32,0,GPU-Node-8,32,179
2026-01-02 02:26:00,CPU,Medium,52,7,16,user,22,0,CPU-Node-6,75,392
2026-01-02 02:28:00,CPU,Low,15,9,1,user,21,1,CPU-Node-12,23,101
2026-01-02 02:30:00,GPU,Low,48,1,14,user,15,1,GPU-Node-28,83,334
2026-01-02 02:32:00,CPU,Medium,10,7,4,admin,32,1,CPU-Node-12,19,110
2026-01-02 02:34:00,CPU,Medium,15,5,2,user,26,1,CPU-Node-27,16,91
2026-01-02 02:36:00,CPU,Medium,22,6,5,user,25,1,CPU-Node-11,40,141
2026-01-02 02:38:00,CPU,Low,31,14,9,user,21,1,CPU-Node-30,42,230
2026-01-02 02:40:00,CPU,High,29,4,6,user,24,1,CPU-Node-49,30,207
2026-01-02 02:42:00,GPU,Medium,53,1,7,user,18,1,GPU-Node-28,64,260
2026-01-02 02:44:00,CPU,Medium,57,10,12,user,33,1,CPU-Node-33,73,342
2026-01-02 02:46:00,GPU,Medium,54,1,11,user,30,1,GPU-Node-25,75,297
2026-01-02 02:48:00,GPU,Medium,47,1,9,admin,20,1,GPU-Node-30,63,274
2026-01-02 02:50:00,CPU,Low,43,8,13,user,38,1,CPU-Node-34,71,340
2026-01-02 02:52:00,CPU,Medium,41,4,2,user,45,1,CPU-Node-49,45,180
2026-01-02 02:54:00,GPU,Low,34,0,3,user,42,0,GPU-Node-21,39,141
2026-01-02 02:56:00,GPU,High,33,2,6,admin,32,1,GPU-Node-37,41,220
2026-01-02 02:58:00,CPU,Medium,35,7,7,user,24,1,CPU-Node-13,53,217
2026-01-02 03:00:00,CPU,High,37,3,10,admin,24,1,CPU-Node-37,49,264
2026-01-02 03:02:00,GPU,Medium,46,3,10,user,29,1,GPU-Node-6,64,298
2026-01-02 03:04:00,GPU,Medium,47,1,14,user,30,1,GPU-Node-38,84,367
2026-01-02 03:06:00,CPU,High,45,9,7,user,5,1,CPU-Node-6,55,199
2026-01-02 03:08:00,GPU,High,29,2,0,user,24,1,GPU-Node-1,30,103
2026-01-02 03:10:00,GPU,Medium,22,2,5,user,39,1,GPU-Node-28,37,148
2026-01-02 03:12:00,GPU,High,25,3,2,user,53,1,GPU-Node-16,39,138
2026-01-02 03:14:00,CPU,Medium,33,8,6,user,31,1,CPU-Node-28,49,214
2026-01-02 03:16:00,GPU,Medium,47,2,10,admin,40,1,GPU-Node-32,80,317
2026-01-02 03:18:00,GPU,High,58,1,7,user,36,1,GPU-Node-30,73,287
2026-01-02 03:20:00,CPU,High,30,8,3,user,44,1,CPU-Node-34,37,137
2026-01-02 03:22:00,CPU,Low,47,7,13,user,24,1,CPU-Node-28,71,321
2026-01-02 03:24:00,CPU,High,39,3,8,user,34,1,CPU-Node-42,50,217
2026-01-02 03:26:00,CPU,High,26,3,4,user,32,1,CPU-Node-7,35,153
2026-01-02 03:28:00,GPU,Medium,40,2,11,user,21,1,GPU-Node-46,60,299
2026-01-02 03:30:00,GPU,Medium,25,0,1,user,28,0,GPU-Node-1,19,121
2026-01-02 03:32:00,CPU,High,25,6,7,user,42,1,CPU-Node-25,36,187
2026-01-02 03:34:00,GPU,Medium,32,1,6,user,36,1,GPU-Node-30,48,212
2026-01-02 03:36:00,GPU,Medium,47,1,7,user,33,1,GPU-Node-37,62,259
2026-01-02 03:38:00,CPU,Medium,23,8,8,user,20,1,CPU-Node-9,44,204
2026-01-02 03:40:00,CPU,Low,19,7,3,user,21,1,CPU-Node-43,33,119
2026-01-02 03:42:00,CPU,Medium,35,8,3,user,31,1,CPU-Node-49,40,142
2026-01-02 03:44:00,CPU,High,24,9,7,user,30,1,CPU-Node-21,41,212
2026-01-02 03:46:00,CPU,Medium,26,1,3,user,32,1,CPU-Node-33,28,162
2026-01-02 03:48:00,CPU,Low,32,7,9,user,22,1,CPU-Node-35,47,230
2026-01-02 03:50:00,GPU,Low,12,2,4,user,40,1,GPU-Node-43,26,92
2026-01-02 03:52:00,CPU,Low,33,6,2,admin,20,1,CPU-Node-20,37,178
2026-01-02 03:54:00,GPU,High,44,2,7,user,39,1,GPU-Node-9,66,227
2026-01-02 03:56:00,CPU,Medium,28,4,8,user,27,1,CPU-Node-44,51,240
2026-01-02 03:58:00,GPU,High,28,0,6,admin,31,0,GPU-Node-44,47,187
2026-01-02 04:00:00,GPU,Low,41,3,8,user,46,1,GPU-Node-13,62,211
2026-01-02 04:02:00,GPU,Medium,73,1,10,user,23,1,GPU-Node-8,89,352
2026-01-02 04:04:00,CPU,High,36,4,6,user,14,1,CPU-Node-13,45,188
2026-01-02 04:06:00,CPU,High,24,8,7,user,38,1,CPU-Node-29,37,200
2026-01-02 04:08:00,GPU,Low,32,1,4,user,34,1,GPU-Node-39,36,190
2026-01-02 04:10:00,CPU,Low,22,6,4,user,40,1,CPU-Node-28,37,151
2026-01-02 04:12:00,CPU,High,56,8,13,user,31,1,CPU-Node-36,91,372
2026-01-02 04:14:00,GPU,Low,33,2,4,admin,58,1,GPU-Node-3,42,155
2026-01-02 04:16:00,GPU,High,10,2,1,user,46,1,GPU-Node-32,10,78
2026-01-02 04:18:00,CPU,High,46,6,8,user,17,1,CPU-Node-50,64,271
2026-01-02 04:20:00,CPU,High,17,5,5,user,38,1,CPU-Node-31,27,130
2026-01-02 04:22:00,CPU,Medium,35,6,7,user,22,1,CPU-Node-45,42,224
2026-01-02 04:24:00,CPU,Medium,25,9,7,user,26,1,CPU-Node-4,33,246
2026-01-02 04:26:00,CPU,High,35,12,9,admin,31,1,CPU-Node-41,57,257
2026-01-02 04:28:00,CPU,High,30,5,2,user,19,1,CPU-Node-42,37,101
2026-01-02 04:30:00,CPU,High,25,5,11,admin,25,1,CPU-Node-30,51,258
2026-01-02 04:32:00,CPU,Medium,35,13,7,admin,36,1,CPU-Node-48,62,223
2026-01-02 04:34:00,GPU,Medium,35,2,9,user,20,1,GPU-Node-2,61,246
2026-01-02 04:36:00,GPU,High,28,0,10,user,30,0,GPU-Node-36,54,245
2026-01-02 04:38:00,GPU,High,31,0,1,user,27,0,GPU-Node-43,32,132
2026-01-02 04:40:00,GPU,Low,10,3,0,user,23,1,GPU-Node-25,8,61
2026-01-02 04:42:00,GPU,High,43,3,9,user,16,1,GPU-Node-47,59,264
2026-01-02 04:44:00,CPU,High,31,5,8,admin,31,1,CPU-Node-19,41,238
2026-01-02 04:46:00,CPU,Low,10,6,4,user,21,1,CPU-Node-9,24,101
2026-01-02 04:48:00,CPU,Low,30,5,1,user,41,1,CPU-Node-36,29,131
2026-01-02 04:50:00,CPU,High,34,3,9,user,31,1,CPU-Node-18,52,259
2026-01-02 04:52:00,GPU,High,22,0,3,user,19,0,GPU-Node-37,33,155
2026-01-02 04:54:00,CPU,Medium,36,7,6,user,28,1,CPU-Node-39,46,230
2026-01-02 04:56:00,GPU,High,24,2,1,user,11,1,GPU-Node-50,26,123
2026-01-02 04:58:00,GPU,Medium,23,0,0,admin,28,0,GPU-Node-48,23,89
2026-01-02 05:00:00,CPU,Low,41,4,11,user,47,1,CPU-Node-27,69,293
2026-01-02 05:02:00,CPU,Medium,12,9,2,user,44,1,CPU-Node-31,28,117
2026-01-02 05:04:00,CPU,Medium,33,5,8,user,10,1,CPU-Node-11,46,248
2026-01-02 05:06:00,CPU,Low,52,7,10,user,30,1,CPU-Node-15,68,330
2026-01-02 05:08:00,GPU,High,16,2,1,user,51,1,GPU-Node-43,15,119
2026-01-02 05:10:00,CPU,High,29,12,2,user,24,1,CPU-Node-19,34,115
2026-01-02 05:12:00,CPU,Medium,30,9,3,user,48,1,CPU-Node-2,32,197
2026-01-02 05:14:00,CPU,Medium,23,7,3,user,25,1,CPU-Node-21,21,163
2026-01-02 05:16:00,CPU,Medium,38,9,11,user,29,1,CPU-Node-38,59,258
2026-01-02 05:18:00,CPU,Low,46,13,8,user,18,1,CPU-Node-18,64,276
2026-01-02 05:20:00,GPU,Medium,53,3,14,user,45,1,GPU-Node-8,80,377
2026-01-02 05:22:00,CPU,Medium,33,13,3,user,33,1,CPU-Node-34,40,182
2026-01-02 05:24:00,CPU,High,37,5,11,user,30,1,CPU-Node-31,51,284
2026-01-02 05:26:00,GPU,Low,42,0,3,user,34,0,GPU-Node-43,57,169
2026-01-02 05:28:00,CPU,Medium,56,7,9,user,43,1,CPU-Node-46,76,288
2026-01-02 05:30:00,GPU,Medium,41,3,6,user,39,1,GPU-Node-4,53,242
2026-01-02 05:32:00,CPU,Low,42,9,6,user,36,1,CPU-Node-17,52,210
2026-01-02 05:34:00,CPU,Medium,31,9,10,user,21,1,CPU-Node-27,46,276
2026-01-02 05:36:00,GPU,High,46,2,12,user,36,1,GPU-Node-45,66,306
2026-01-02 05:38:00,CPU,High,28,6,5,user,38,1,CPU-Node-39,37,195
2026-01-02 05:40:00,GPU,Low,17,2,0,user,35,1,GPU-Node-45,13,100
2026-01-02 05:42:00,GPU,Medium,25,1,2,user,37,1,GPU-Node-25,29,146
2026-01-02 05:44:00,CPU,Low,54,5,8,user,43,1,CPU-Node-34,68,291
2026-01-02 05:46:00,GPU,High,30,2,10,user,41,1,GPU-Node-36,55,246
2026-01-02 05:48:00,GPU,High,37,1,8,user,28,1,GPU-Node-29,46,251
2026-01-02 05:50:00,GPU,Medium,41,0,8,user,39,0,GPU-Node-21,63,259
2026-01-02 05:52:00,GPU,Medium,42,0,4,user,31,0,GPU-Node-48,41,215
2026-01-02 05:54:00,CPU,Medium,25,9,4,user,33,1,CPU-Node-9,36,153
2026-01-02 05:56:00,CPU,High,36,4,2,admin,40,1,CPU-Node-42,36,151
2026-01-02 05:58:00,GPU,High,20,1,6,user,32,1,GPU-Node-7,36,183
2026-01-02 06:00:00,CPU,Medium,25,7,3,admin,47,1,CPU-Node-10,27,134
2026-01-02 06:02:00,CPU,High,35,6,10,user,21,1,CPU-Node-48,51,269
2026-01-02 06:04:00,GPU,Medium,32,1,10,user,31,1,GPU-Node-39,50,262
2026-01-02 06:06:00,CPU,Medium,37,12,4,user,42,1,CPU-Node-24,54,168
2026-01-02 06:08:00,GPU,Medium,46,1,9,user,38,1,GPU-Node-18,70,254
2026-01-02 06:10:00,CPU,Medium,25,13,4,user,29,1,CPU-Node-24,35,177
2026-01-02 06:12:00,GPU,Low,36,2,4,user,48,1,GPU-Node-27,41,209
2026-01-02 06:14:00,CPU,Medium,40,10,9,admin,37,1,CPU-Node-26,63,261
2026-01-02 06:16:00,CPU,Low,40,6,7,user,20,1,CPU-Node-49,50,229
2026-01-02 06:18:00,CPU,Low,43,7,7,user,27,1,CPU-Node-11,57,263
2026-01-02 06:20:00,GPU,Medium,35,0,1,user,27,0,GPU-Node-10,36,141
2026-01-02 06:22:00,CPU,High,20,4,3,user,27,1,CPU-Node-29,23,120
2026-01-02 06:24:00,CPU,High,34,10,5,user,27,1,CPU-Node-46,38,138
2026-01-02 06:26:00,GPU,Low,54,3,9,user,38,1,GPU-Node-13,69,263
2026-01-02 06:28:00,CPU,Low,29,5,8,admin,26,1,CPU-Node-31,47,206
2026-01-02 06:30:00,GPU,High,37,2,0,user,37,1,GPU-Node-10,34,126
2026-01-02 06:32:00,GPU,Medium,42,0,6,user,27,0,GPU-Node-34,54,209
2026-01-02 06:34:00,CPU,Low,41,8,8,user,14,1,CPU-Node-40,65,259
2026-01-02 06:36:00,CPU,High,27,6,9,admin,34,1,CPU-Node-30,41,241
2026-01-02 06:38:00,CPU,Low,31,7,4,user,25,1,CPU-Node-47,41,181
2026-01-02 06:40:00,GPU,High,16,2,8,user,31,1,GPU-Node-42,40,242
2026-01-02 06:42:00,CPU,Low,43,4,13,admin,24,1,CPU-Node-27,70,320
2026-01-02 06:44:00,CPU,High,15,8,3,user,38,1,CPU-Node-16,14,110
2026-01-02 06:46:00,CPU,Low,38,9,8,user,21,1,CPU-Node-17,53,262
2026-01-02 06:48:00,CPU,Low,34,9,4,user,32,1,CPU-Node-9,38,202
2026-01-02 06:50:00,GPU,High,25,0,5,user,15,0,GPU-Node-19,36,186
2026-01-02 06:52:00,CPU,Medium,32,7,7,user,40,1,CPU-Node-30,44,197
2026-01-02 06:54:00,CPU,Low,33,10,4,user,24,1,CPU-Node-29,43,142
2026-01-02 06:56:00,CPU,Medium,20,8,1,user,34,1,CPU-Node-39,17,128
2026-01-02 06:58:00,CPU,Medium,30,6,6,user,30,1,CPU-Node-25,36,189
2026-01-02 07:00:00,CPU,High,49,7,6,user,35,1,CPU-Node-34,59,184
2026-01-02 07:02:00,GPU,Medium,26,1,5,user,24,1,GPU-Node-37,30,162
2026-01-02 07:04:00,GPU,High,23,1,5,user,19,1,GPU-Node-34,31,183
2026-01-02 07:06:00,CPU,High,34,5,8,admin,33,1,CPU-Node-11,48,240
2026-01-02 07:08:00,GPU,High,41,2,13,user,33,1,GPU-Node-38,72,335
2026-01-02 07:10:00,CPU,High,24,7,4,user,30,1,CPU-Node-30,28,150
2026-01-02 07:12:00,GPU,Medium,39,1,5,user,62,1,GPU-Node-32,50,219
2026-01-02 07:14:00,CPU,Low,30,6,10,user,32,1,CPU-Node-30,45,279
2026-01-02 07:16:00,CPU,Medium,36,3,3,user,45,1,CPU-Node-34,33,173
2026-01-02 07:18:00,CPU,Low,39,10,8,user,26,1,CPU-Node-43,56,239
2026-01-02 07:20:00,GPU,Low,39,2,6,user,16,1,GPU-Node-11,49,231
2026-01-02 07:22:00,CPU,High,32,9,3,user,49,1,CPU-Node-23,35,147
2026-01-02 07:24:00,GPU,Medium,18,3,4,user,38,1,GPU-Node-32,24,165
2026-01-02 07:26:00,GPU,Medium,32,0,3,user,16,0,GPU-Node-8,41,183
2026-01-02 07:28:00,CPU,Medium,40,4,7,user,18,1,CPU-Node-37,55,239
2026-01-02 07:30:00,CPU,High,35,11,7,user,37,1,CPU-Node-23,38,216
2026-01-02 07:32:00,GPU,Medium,21,3,6,user,52,1,GPU-Node-43,27,201
2026-01-02 07:34:00,CPU,Low,37,12,6,user,37,1,CPU-Node-28,49,201
2026-01-02 07:36:00,GPU,Low,37,2,6,user,35,1,GPU-Node-2,54,215
2026-01-02 07:38:00,CPU,Medium,20,9,2,user,28,1,CPU-Node-27,28,125
2026-01-02 07:40:00,CPU,Low,18,6,3,user,24,1,CPU-Node-28,28,106
2026-01-02 07:42:00,CPU,Medium,36,12,7,user,28,1,CPU-Node-15,52,216
2026-01-02 07:44:00,GPU,Low,37,2,10,admin,8,1,GPU-Node-34,60,229
2026-01-02 07:46:00,GPU,Medium,24,3,11,admin,28,1,GPU-Node-44,51,286
2026-01-02 07:48:00,GPU,Medium,15,1,4,admin,18,1,GPU-Node-21,20,98
2026-01-02 07:50:00,CPU,High,27,7,3,user,44,1,CPU-Node-27,27,169
2026-01-02 07:52:00,GPU,Low,26,3,5,admin,28,1,GPU-Node-39,35,198
2026-01-02 07:54:00,GPU,High,28,2,8,user,35,1,GPU-Node-20,42,254
2026-01-02 07:56:00,CPU,High,43,10,5,user,22,1,CPU-Node-30,46,196
2026-01-02 07:58:00,GPU,High,33,3,13,user,39,1,GPU-Node-6,58,317
2026-01-02 08:00:00,CPU,Medium,46,1,12,user,27,1,CPU-Node-37,76,349
2026-01-02 08:02:00,GPU,Medium,46,0,5,user,21,0,GPU-Node-46,54,253
2026-01-02 08:04:00,GPU,High,28,1,9,user,30,1,GPU-Node-48,37,211
2026-01-02 08:06:00,GPU,Low,29,0,6,user,21,0,GPU-Node-8,39,154
2026-01-02 08:08:00,CPU,High,27,7,8,user,28,1,CPU-Node-41,53,196
2026-01-02 08:10:00,GPU,Medium,52,3,13,user,10,1,GPU-Node-24,84,377
2026-01-02 08:12:00,CPU,Low,19,12,4,user,38,1,CPU-Node-11,26,177
2026-01-02 08:14:00,GPU,Medium,44,2,11,user,28,1,GPU-Node-15,67,278
2026-01-02 08:16:00,CPU,Medium,40,8,4,user,36,1,CPU-Node-38,55,209
2026-01-02 08:18:00,CPU,High,42,10,7,user,19,1,CPU-Node-1,70,213
2026-01-02 08:20:00,CPU,High,33,6,5,user,9,1,CPU-Node-42,39,214
2026-01-02 08:22:00,CPU,High,49,11,13,user,18,1,CPU-Node-42,78,337
2026-01-02 08:24:00,CPU,Medium,28,7,0,user,35,1,CPU-Node-22,43,69
2026-01-02 08:26:00,CPU,High,29,1,3,user,27,1,CPU-Node-16,38,116
2026-01-02 08:28:00,CPU,High,46,3,6,user,18,1,CPU-Node-6,60,276
2026-01-02 08:30:00,GPU,Medium,33,3,3,user,35,1,GPU-Node-33,43,161
2026-01-02 08:32:00,CPU,Medium,55,5,9,admin,42,1,CPU-Node-33,64,269
2026-01-02 08:34:00,CPU,High,21,13,9,user,36,1,CPU-Node-16,43,222
2026-01-02 08:36:00,CPU,Low,23,7,9,user,10,1,CPU-Node-27,40,232
2026-01-02 08:38:00,CPU,Low,44,6,10,admin,17,1,CPU-Node-45,70,260
2026-01-02 08:40:00,CPU,Low,44,10,11,user,39,1,CPU-Node-5,75,276
2026-01-02 08:42:00,CPU,Medium,40,9,4,user,41,1,CPU-Node-50,40,221
2026-01-02 08:44:00,GPU,Low,24,5,2,user,36,1,GPU-Node-34,29,129
2026-01-02 08:46:00,CPU,Medium,38,7,8,user,20,1,CPU-Node-17,57,242
2026-01-02 08:48:00,GPU,Low,42,3,8,user,36,1,GPU-Node-45,54,257
2026-01-02 08:50:00,CPU,High,46,4,3,user,27,1,CPU-Node-10,54,189
2026-01-02 08:52:00,GPU,Medium,40,1,8,user,34,1,GPU-Node-34,61,237
2026-01-02 08:54:00,CPU,Low,25,5,5,user,30,1,CPU-Node-29,38,180
2026-01-02 08:56:00,GPU,Low,25,3,2,admin,31,1,GPU-Node-38,32,110
2026-01-02 08:58:00,CPU,Low,38,7,8,user,28,1,CPU-Node-10,57,276
2026-01-02 09:00:00,GPU,Medium,60,1,14,user,34,1,GPU-Node-20,85,346
2026-01-02 09:02:00,CPU,High,60,11,12,user,41,1,CPU-Node-18,80,367
2026-01-02 09:04:00,CPU,Medium,87,2,16,admin,33,0,CPU-Node-32,100,466
2026-01-02 09:06:00,CPU,Low,61,4,7,user,25,1,CPU-Node-27,80,278
2026-01-02 09:08:00,CPU,Medium,83,11,20,user,35,0,CPU-Node-49,100,526
2026-01-02 09:10:00,CPU,High,77,6,17,user,37,0,CPU-Node-41,100,463
2026-01-02 09:12:00,CPU,Low,83,12,18,user,16,0,CPU-Node-31,100,441
2026-01-02 09:14:00,GPU,Medium,59,1,7,user,33,1,GPU-Node-49,65,227
2026-01-02 09:16:00,CPU,Low,65,6,10,user,37,1,CPU-Node-16,86,295
2026-01-02 09:18:00,CPU,Medium,79,6,19,user,41,0,CPU-Node-32,100,510
2026-01-02 09:20:00,CPU,Medium,79,5,9,user,31,1,CPU-Node-5,100,358
2026-01-02 09:22:00,GPU,High,77,2,9,user,23,1,GPU-Node-27,95,302
2026-01-02 09:24:00,CPU,Medium,55,5,14,user,31,1,CPU-Node-8,85,401
2026-01-02 09:26:00,CPU,High,76,7,15,user,32,1,CPU-Node-17,100,433
2026-01-02 09:28:00,CPU,High,63,5,11,user,28,1,CPU-Node-46,80,362
2026-01-02 09:30:00,CPU,Medium,59,10,11,user,5,1,CPU-Node-6,85,354
2026-01-02 09:32:00,GPU,Medium,79,0,15,user,42,0,GPU-Node-41,100,464
2026-01-02 09:34:00,GPU,Medium,89,4,16,admin,29,0,GPU-Node-37,100,478
2026-01-02 09:36:00,GPU,Low,74,0,14,admin,38,0,GPU-Node-29,100,391
2026-01-02 09:38:00,GPU,Medium,56,1,13,user,39,1,GPU-Node-25,81,366
2026-01-02 09:40:00,GPU,Low,85,2,13,user,45,1,GPU-Node-46,100,414
2026-01-02 09:42:00,GPU,High,81,2,21,user,29,0,GPU-Node-29,100,547
2026-01-02 09:44:00,GPU,Medium,57,1,11,admin,28,1,GPU-Node-15,74,318
2026-01-02 09:46:00,CPU,Medium,83,6,17,user,49,0,CPU-Node-6,100,495
2026-01-02 09:48:00,CPU,High,71,5,13,admin,27,1,CPU-Node-40,96,357
2026-01-02 09:50:00,CPU,Medium,86,5,17,user,29,0,CPU-Node-39,100,485
2026-01-02 09:52:00,CPU,High,89,12,21,user,28,0,CPU-Node-45,100,562
2026-01-02 09:54:00,GPU,High,88,3,15,user,27,1,GPU-Node-29,100,446
2026-01-02 09:56:00,CPU,High,91,11,19,user,28,0,CPU-Node-5,100,525
2026-01-02 09:58:00,GPU,High,98,2,16,user,30,0,GPU-Node-15,100,479
2026-01-02 10:00:00,CPU,Low,69,5,14,user,57,1,CPU-Node-44,100,376
2026-01-02 10:02:00,CPU,Medium,72,9,9,admin,43,1,CPU-Node-38,83,371
2026-01-02 10:04:00,CPU,High,87,8,21,user,26,0,CPU-Node-6,100,497
2026-01-02 10:06:00,CPU,Low,74,6,13,user,20,1,CPU-Node-40,94,382
2026-01-02 10:08:00,CPU,High,79,9,14,admin,24,1,CPU-Node-34,100,428
2026-01-02 10:10:00,CPU,Medium,75,6,17,admin,24,0,CPU-Node-10,100,460
2026-01-02 10:12:00,CPU,Low,86,15,18,user,14,0,CPU-Node-8,100,498
2026-01-02 10:14:00,GPU,Medium,60,2,9,user,30,1,GPU-Node-42,70,341
2026-01-02 10:16:00,CPU,Low,67,7,18,user,34,0,CPU-Node-11,100,439
2026-01-02 10:18:00,CPU,Medium,80,9,19,user,36,0,CPU-Node-14,100,464
2026-01-02 10:20:00,CPU,High,75,5,15,user,22,1,CPU-Node-47,100,426
2026-01-02 10:22:00,GPU,Medium,66,2,15,user,21,1,GPU-Node-18,95,387
2026-01-02 10:24:00,GPU,High,83,1,17,user,39,0,GPU-Node-38,100,483
2026-01-02 10:26:00,GPU,High,85,0,17,admin,30,0,GPU-Node-31,100,448
2026-01-02 10:28:00,GPU,High,68,0,11,user,31,0,GPU-Node-31,85,345
2026-01-02 10:30:00,GPU,Low,63,1,13,user,21,1,GPU-Node-14,92,368
2026-01-02 10:32:00,GPU,Low,88,2,15,user,16,1,GPU-Node-37,100,444
2026-01-02 10:34:00,GPU,Low,40,0,11,user,14,0,GPU-Node-48,54,285
2026-01-02 10:36:00,CPU,Medium,56,4,10,user,36,1,CPU-Node-35,75,315
2026-01-02 10:38:00,GPU,Medium,62,2,10,admin,45,1,GPU-Node-25,87,296
2026-01-02 10:40:00,CPU,Medium,82,6,14,user,25,1,CPU-Node-26,100,423
2026-01-02 10:42:00,GPU,Medium,90,2,19,user,25,0,GPU-Node-27,100,495
2026-01-02 10:44:00,CPU,Medium,70,4,13,user,45,1,CPU-Node-5,100,358
2026-01-02 10:46:00,GPU,Low,74,3,20,user,24,0,GPU-Node-46,100,481
2026-01-02 10:48:00,CPU,Medium,72,9,10,admin,23,1,CPU-Node-19,91,310
2026-01-02 10:50:00,GPU,High,71,0,16,user,27,0,GPU-Node-43,100,441
2026-01-02 10:52:00,GPU,Medium,71,1,11,user,32,1,GPU-Node-46,88,343
2026-01-02 10:54:00,CPU,Medium,61,5,12,user,31,1,CPU-Node-19,84,373
2026-01-02 10:56:00,CPU,Medium,78,9,12,user,24,1,CPU-Node-23,99,363
2026-01-02 10:58:00,CPU,Medium,73,7,16,admin,42,0,CPU-Node-50,100,437
2026-01-02 11:00:00,GPU,Low,87,2,20,user,46,0,GPU-Node-46,100,519
2026-01-02 11:02:00,CPU,Medium,75,9,12,user,24,1,CPU-Node-13,100,399
2026-01-02 11:04:00,CPU,Low,95,8,14,user,26,1,CPU-Node-9,100,447
2026-01-02 11:06:00,CPU,High,94,7,17,user,30,0,CPU-Node-36,100,502
2026-01-02 11:08:00,CPU,Low,70,4,13,user,24,1,CPU-Node-14,98,379
2026-01-02 11:10:00,GPU,Low,77,1,10,user,28,1,GPU-Node-15,100,360
2026-01-02 11:12:00,CPU,Medium,72,10,15,user,26,1,CPU-Node-5,96,432
2026-01-02 11:14:00,GPU,Medium,65,3,11,admin,29,1,GPU-Node-10,84,326
2026-01-02 11:16:00,CPU,Medium,45,10,8,admin,23,1,CPU-Node-4,60,239
2026-01-02 11:18:00,CPU,Medium,84,2,16,user,32,0,CPU-Node-14,100,460
2026-01-02 11:20:00,CPU,Medium,81,8,13,user,40,1,CPU-Node-31,100,425
2026-01-02 11:22:00,GPU,Low,74,0,11,user,27,0,GPU-Node-48,95,386
2026-01-02 11:24:00,GPU,Medium,65,1,14,user,38,1,GPU-Node-16,100,403
2026-01-02 11:26:00,CPU,High,76,11,16,user,33,0,CPU-Node-22,100,458
2026-01-02 11:28:00,CPU,High,82,1,17,user,34,0,CPU-Node-2,100,465
2026-01-02 11:30:00,CPU,High,83,4,15,user,18,1,CPU-Node-40,100,457
2026-01-02 11:32:00,CPU,Low,77,6,18,user,36,0,CPU-Node-23,100,506
2026-01-02 11:34:00,CPU,Medium,70,10,10,user,35,1,CPU-Node-35,85,296
2026-01-02 11:36:00,CPU,Low,81,3,21,user,38,0,CPU-Node-50,100,541
2026-01-02 11:38:00,GPU,Low,76,2,13,user,34,1,GPU-Node-41,100,418
2026-01-02 11:40:00,GPU,Low,81,1,8,admin,19,1,GPU-Node-26,89,330
2026-01-02 11:42:00,CPU,High,76,6,13,user,35,1,CPU-Node-37,97,412
2026-01-02 11:44:00,CPU,High,93,10,14,user,19,1,CPU-Node-24,100,445
2026-01-02 11:46:00,GPU,Medium,66,3,11,user,27,1,GPU-Node-21,81,359
2026-01-02 11:48:00,CPU,Medium,85,7,17,user,41,0,CPU-Node-36,100,485
2026-01-02 11:50:00,GPU,Low,70,2,14,user,20,1,GPU-Node-21,96,409
2026-01-02 11:52:00,GPU,High,80,2,18,user,31,0,GPU-Node-33,100,492
2026-01-02 11:54:00,CPU,High,67,11,16,user,35,0,CPU-Node-48,94,403
2026-01-02 11:56:00,CPU,Medium,88,4,12,user,17,1,CPU-Node-33,100,411
2026-01-02 11:58:00,CPU,Low,71,6,10,user,35,1,CPU-Node-28,86,314
2026-01-02 12:00:00,CPU,Medium,87,7,13,user,6,1,CPU-Node-46,100,420
2026-01-02 12:02:00,GPU,Low,63,1,11,user,49,1,GPU-Node-24,84,355
2026-01-02 12:04:00,CPU,Low,90,8,15,user,23,1,CPU-Node-38,100,443
2026-01-02 12:06:00,CPU,High,66,6,10,user,33,1,CPU-Node-18,89,291
2026-01-02 12:08:00,GPU,Medium,90,1,8,user,12,0,GPU-Node-38,100,365
2026-01-02 12:10:00,GPU,Low,67,0,12,admin,28,0,GPU-Node-32,87,344
2026-01-02 12:12:00,GPU,High,75,2,17,user,31,0,GPU-Node-31,100,434
2026-01-02 12:14:00,CPU,Medium,74,8,15,user,29,1,CPU-Node-33,100,430
2026-01-02 12:16:00,GPU,High,67,3,6,user,32,1,GPU-Node-7,73,290
2026-01-02 12:18:00,GPU,High,81,1,16,user,34,0,GPU-Node-17,100,470
2026-01-02 12:20:00,CPU,Medium,85,5,18,user,32,0,CPU-Node-26,100,480
2026-01-02 12:22:00,CPU,Medium,83,9,15,user,25,1,CPU-Node-11,100,437
2026-01-02 12:24:00,CPU,Low,67,7,12,user,33,1,CPU-Node-32,92,377
2026-01-02 12:26:00,GPU,Low,72,3,14,user,59,1,GPU-Node-3,100,399
2026-01-02 12:28:00,GPU,Low,57,1,13,user,10,1,GPU-Node-10,85,383
2026-01-02 12:30:00,CPU,Low,80,2,16,admin,23,0,CPU-Node-36,100,446
2026-01-02 12:32:00,GPU,Low,81,0,13,user,22,0,GPU-Node-1,100,361
2026-01-02 12:34:00,CPU,High,86,9,20,user,44,0,CPU-Node-46,100,534
2026-01-02 12:36:00,CPU,Medium,75,11,17,user,30,0,CPU-Node-31,100,477
2026-01-02 12:38:00,CPU,Low,78,6,15,user,30,1,CPU-Node-24,99,418
2026-01-02 12:40:00,CPU,Medium,71,10,15,user,31,1,CPU-Node-28,100,409
2026-01-02 12:42:00,CPU,Low,72,10,17,admin,36,0,CPU-Node-20,100,476
2026-01-02 12:44:00,GPU,Medium,86,2,17,user,16,0,GPU-Node-49,100,487
2026-01-02 12:46:00,CPU,High,68,1,12,user,25,1,CPU-Node-6,96,336
2026-01-02 12:48:00,CPU,High,60,10,5,user,28,1,CPU-Node-38,69,253
2026-01-02 12:50:00,GPU,Medium,82,3,18,user,33,0,GPU-Node-28,100,500
2026-01-02 12:52:00,CPU,Medium,60,5,6,user,14,1,CPU-Node-41,74,261
2026-01-02 12:54:00,CPU,High,69,6,13,user,49,1,CPU-Node-11,88,355
2026-01-02 12:56:00,CPU,Medium,76,7,18,user,5,0,CPU-Node-14,100,495
2026-01-02 12:58:00,CPU,Medium,76,4,18,user,36,0,CPU-Node-31,100,455
2026-01-02 13:00:00,GPU,Low,63,2,10,admin,28,1,GPU-Node-29,89,303
2026-01-02 13:02:00,GPU,Low,71,2,15,user,31,1,GPU-Node-1,100,402
2026-01-02 13:04:00,GPU,Low,67,2,16,user,42,0,GPU-Node-46,100,423
2026-01-02 13:06:00,CPU,Medium,74,4,13,user,28,1,CPU-Node-9,100,405
2026-01-02 13:08:00,CPU,Low,67,10,17,user,19,0,CPU-Node-49,98,458
2026-01-02 13:10:00,GPU,Low,86,1,15,admin,31,0,GPU-Node-3,100,457
2026-01-02 13:12:00,GPU,High,68,1,15,admin,43,1,GPU-Node-33,100,422
2026-01-02 13:14:00,GPU,High,60,2,9,user,38,1,GPU-Node-26,77,287
2026-01-02 13:16:00,GPU,Medium,78,2,13,user,18,1,GPU-Node-42,100,382
2026-01-02 13:18:00,GPU,High,79,2,15,user,23,1,GPU-Node-44,100,421
2026-01-02 13:20:00,GPU,Low,68,0,16,user,32,0,GPU-Node-22,100,419
2026-01-02 13:22:00,CPU,High,82,6,13,user,18,1,CPU-Node-3,100,428
2026-01-02 13:24:00,GPU,High,77,1,13,user,26,1,GPU-Node-29,100,399
2026-01-02 13:26:00,GPU,High,85,2,19,user,40,0,GPU-Node-24,100,518
2026-01-02 13:28:00,GPU,Medium,85,2,24,user,32,0,GPU-Node-47,100,596
2026-01-02 13:30:00,CPU,Medium,67,4,13,admin,35,1,CPU-Node-6,87,400
2026-01-02 13:32:00,CPU,High,78,9,14,user,15,1,CPU-Node-17,96,452
2026-01-02 13:34:00,CPU,Low,72,8,17,user,25,0,CPU-Node-3,100,447
2026-01-02 13:36:00,CPU,High,82,8,15,user,48,1,CPU-Node-46,100,453
2026-01-02 13:38:00,GPU,Medium,55,2,9,user,34,1,GPU-Node-19,76,318
2026-01-02 13:40:00,GPU,High,80,0,18,user,26,0,GPU-Node-38,100,512
2026-01-02 13:42:00,CPU,High,48,4,12,user,36,1,CPU-Node-10,71,278
2026-01-02 13:44:00,CPU,Low,67,9,11,user,57,1,CPU-Node-49,86,336
2026-01-02 13:46:00,CPU,Medium,79,8,17,user,40,0,CPU-Node-8,100,471
2026-01-02 13:48:00,GPU,Medium,84,1,16,user,26,0,GPU-Node-19,100,460
2026-01-02 13:50:00,CPU,Low,82,9,16,user,52,0,CPU-Node-17,100,432
2026-01-02 13:52:00,CPU,High,64,11,12,user,28,1,CPU-Node-10,76,381
2026-01-02 13:54:00,CPU,Medium,66,5,12,user,13,1,CPU-Node-15,90,372
2026-01-02 13:56:00,CPU,Medium,95,2,20,user,24,0,CPU-Node-47,100,553
2026-01-02 13:58:00,CPU,Medium,66,3,8,user,18,1,CPU-Node-46,86,312
2026-01-02 14:00:00,GPU,Medium,68,1,11,user,17,1,GPU-Node-13,90,364
2026-01-02 14:02:00,CPU,High,55,2,15,user,20,1,CPU-Node-27,88,397
2026-01-02 14:04:00,GPU,High,83,1,15,user,36,1,GPU-Node-49,100,462
2026-01-02 14:06:00,CPU,Medium,70,9,17,user,21,0,CPU-Node-18,98,442
2026-01-02 14:08:00,CPU,Low,90,8,21,user,35,0,CPU-Node-4,100,553
2026-01-02 14:10:00,CPU,High,75,12,19,user,55,0,CPU-Node-11,100,479
2026-01-02 14:12:00,CPU,High,82,10,18,admin,36,1,CPU-Node-28,100,489
2026-01-02 14:14:00,GPU,High,66,1,9,user,19,1,GPU-Node-3,79,336
2026-01-02 14:16:00,CPU,Medium,65,12,14,admin,35,1,CPU-Node-14,97,409
2026-01-02 14:18:00,CPU,Medium,84,9,19,user,36,0,CPU-Node-15,100,490
2026-01-02 14:20:00,CPU,Low,70,2,16,user,15,0,CPU-Node-27,100,432
2026-01-02 14:22:00,CPU,Low,77,5,19,user,33,0,CPU-Node-7,100,492
2026-01-02 14:24:00,GPU,Medium,65,2,10,user,38,1,GPU-Node-32,78,327
2026-01-02 14:26:00,CPU,High,91,5,21,user,42,0,CPU-Node-2,100,535
2026-01-02 14:28:00,CPU,Medium,76,9,18,user,27,0,CPU-Node-5,94,515
2026-01-02 14:30:00,GPU,Medium,74,3,12,user,23,1,GPU-Node-11,99,371
2026-01-02 14:32:00,CPU,Medium,63,9,12,user,20,1,CPU-Node-10,88,345
2026-01-02 14:34:00,GPU,Low,62,3,14,user,23,1,GPU-Node-29,85,367
2026-01-02 14:36:00,GPU,High,76,3,9,user,40,1,GPU-Node-4,91,324
2026-01-02 14:38:00,CPU,Medium,71,11,14,admin,28,1,CPU-Node-44,100,423
2026-01-02 14:40:00,CPU,Low,67,5,20,user,40,0,CPU-Node-46,100,513
2026-01-02 14:42:00,CPU,Medium,79,10,13,user,44,1,CPU-Node-5,100,368
2026-01-02 14:44:00,CPU,Medium,79,4,17,user,26,0,CPU-Node-45,100,456
2026-01-02 14:46:00,CPU,Medium,72,6,13,admin,31,1,CPU-Node-36,100,377
2026-01-02 14:48:00,GPU,High,58,3,15,user,33,1,GPU-Node-9,93,385
2026-01-02 14:50:00,GPU,Low,76,2,20,user,32,0,GPU-Node-47,100,506
2026-01-02 14:52:00,CPU,High,60,7,9,user,25,1,CPU-Node-50,77,282
2026-01-02 14:54:00,GPU,Low,81,1,13,user,29,1,GPU-Node-22,100,414
2026-01-02 14:56:00,CPU,Medium,74,5,15,user,35,1,CPU-Node-7,100,425
2026-01-02 14:58:00,CPU,High,61,4,12,user,51,1,CPU-Node-6,84,380
2026-01-02 15:00:00,CPU,High,74,5,16,user,15,0,CPU-Node-32,100,444
2026-01-02 15:02:00,CPU,Low,61,1,12,user,40,1,CPU-Node-37,88,317
2026-01-02 15:04:00,CPU,High,66,3,15,admin,34,1,CPU-Node-12,92,404
2026-01-02 15:06:00,CPU,Low,90,9,14,user,26,1,CPU-Node-4,100,444
2026-01-02 15:08:00,CPU,Low,78,2,19,user,19,0,CPU-Node-15,100,454
2026-01-02 15:10:00,CPU,Low,71,8,11,user,26,1,CPU-Node-37,95,343
2026-01-02 15:12:00,CPU,Medium,56,5,9,user,35,1,CPU-Node-34,76,292
2026-01-02 15:14:00,CPU,High,57,8,6,admin,38,1,CPU-Node-33,69,243
2026-01-02 15:16:00,CPU,Low,80,8,14,user,42,1,CPU-Node-34,100,423
2026-01-02 15:18:00,CPU,High,73,12,16,user,33,0,CPU-Node-47,100,439
2026-01-02 15:20:00,CPU,Medium,81,8,15,user,12,1,CPU-Node-17,100,448
2026-01-02 15:22:00,CPU,High,72,5,11,user,11,1,CPU-Node-36,98,331
2026-01-02 15:24:00,CPU,High,70,9,16,user,41,0,CPU-Node-40,99,403
2026-01-02 15:26:00,CPU,Medium,82,10,18,user,16,0,CPU-Node-38,100,499
2026-01-02 15:28:00,CPU,High,73,10,12,user,19,1,CPU-Node-22,98,360
2026-01-02 15:30:00,GPU,Medium,80,3,12,user,30,1,GPU-Node-16,100,395
2026-01-02 15:32:00,CPU,Low,65,7,9,user,37,1,CPU-Node-6,77,295
2026-01-02 15:34:00,CPU,High,68,2,19,user,35,0,CPU-Node-25,100,458
2026-01-02 15:36:00,GPU,High,81,2,19,admin,44,1,GPU-Node-22,100,498
2026-01-02 15:38:00,GPU,High,80,2,14,user,20,1,GPU-Node-15,100,453
2026-01-02 15:40:00,CPU,Low,73,11,10,user,27,1,CPU-Node-10,89,332
2026-01-02 15:42:00,CPU,Medium,64,4,14,user,21,1,CPU-Node-1,93,396
2026-01-02 15:44:00,GPU,Low,85,2,14,user,15,1,GPU-Node-25,100,420
2026-01-02 15:46:00,GPU,Medium,63,0,12,user,30,0,GPU-Node-19,83,344
2026-01-02 15:48:00,GPU,Low,73,2,7,admin,10,1,GPU-Node-21,89,307
2026-01-02 15:50:00,CPU,High,65,7,14,user,38,1,CPU-Node-6,97,390
2026-01-02 15:52:00,CPU,Low,66,9,9,admin,35,1,CPU-Node-34,80,299
2026-01-02 15:54:00,GPU,Medium,70,2,13,user,24,1,GPU-Node-20,93,371
2026-01-02 15:56:00,GPU,High,95,2,16,user,45,0,GPU-Node-45,100,497
2026-01-02 15:58:00,GPU,Low,80,2,15,user,20,1,GPU-Node-11,100,440
2026-01-02 16:00:00,CPU,Medium,71,10,15,user,31,1,CPU-Node-1,100,468
2026-01-02 16:02:00,CPU,Low,61,7,13,admin,29,1,CPU-Node-2,86,372
2026-01-02 16:04:00,CPU,Medium,72,7,15,user,33,1,CPU-Node-45,98,439
2026-01-02 16:06:00,CPU,Low,72,12,12,user,35,1,CPU-Node-23,100,357
2026-01-02 16:08:00,CPU,Medium,80,11,17,user,30,0,CPU-Node-44,100,484
2026-01-02 16:10:00,CPU,Medium,90,7,17,user,33,0,CPU-Node-7,100,454
2026-01-02 16:12:00,CPU,Medium,77,10,12,admin,34,1,CPU-Node-19,100,392
2026-01-02 16:14:00,CPU,High,65,9,13,user,17,1,CPU-Node-27,87,381
2026-01-02 16:16:00,GPU,High,65,1,10,user,40,1,GPU-Node-8,93,316
2026-01-02 16:18:00,CPU,Medium,60,3,10,user,29,1,CPU-Node-32,77,315
2026-01-02 16:20:00,CPU,Medium,64,10,19,user,19,0,CPU-Node-23,100,451
2026-01-02 16:22:00,GPU,Low,80,2,17,user,39,0,GPU-Node-11,100,470
2026-01-02 16:24:00,GPU,High,83,2,16,admin,34,1,GPU-Node-49,100,470
2026-01-02 16:26:00,CPU,Medium,76,3,13,user,5,1,CPU-Node-22,100,406
2026-01-02 16:28:00,GPU,Low,87,2,16,user,19,0,GPU-Node-12,100,461
2026-01-02 16:30:00,GPU,High,72,4,11,user,47,1,GPU-Node-6,94,319
2026-01-02 16:32:00,GPU,High,84,1,18,user,32,0,GPU-Node-18,100,516
2026-01-02 16:34:00,CPU,Medium,100,5,19,user,32,0,CPU-Node-4,100,546
2026-01-02 16:36:00,CPU,Low,76,5,11,user,45,1,CPU-Node-45,100,339
2026-01-02 16:38:00,CPU,Low,68,10,18,user,38,0,CPU-Node-33,100,447
2026-01-02 16:40:00,GPU,Medium,77,3,17,user,34,0,GPU-Node-7,100,465
2026-01-02 16:42:00,CPU,Medium,75,2,10,user,36,1,CPU-Node-15,99,353
2026-01-02 16:44:00,CPU,Low,73,6,13,user,15,1,CPU-Node-34,97,348
2026-01-02 16:46:00,CPU,Medium,73,9,19,user,35,0,CPU-Node-6,100,491
2026-01-02 16:48:00,CPU,Low,91,9,13,user,27,1,CPU-Node-40,100,400
2026-01-02 16:50:00,GPU,Low,71,2,17,user,13,0,GPU-Node-50,100,466
2026-01-02 16:52:00,CPU,Medium,57,9,14,user,29,1,CPU-Node-33,84,397
2026-01-02 16:54:00,CPU,Medium,67,1,14,user,26,1,CPU-Node-44,98,376
2026-01-02 16:56:00,GPU,Low,82,0,16,user,52,0,GPU-Node-26,100,427
2026-01-02 16:58:00,GPU,Medium,70,3,10,admin,24,1,GPU-Node-22,90,336
2026-01-02 17:00:00,CPU,Medium,74,5,14,user,48,1,CPU-Node-42,100,420
2026-01-02 17:02:00,CPU,Medium,84,4,20,user,37,0,CPU-Node-24,100,485
2026-01-02 17:04:00,CPU,High,76,7,12,admin,37,1,CPU-Node-33,100,414
2026-01-02 17:06:00,CPU,Low,77,7,14,user,38,1,CPU-Node-19,100,390
2026-01-02 17:08:00,GPU,High,95,1,25,user,20,0,GPU-Node-41,100,598
2026-01-02 17:10:00,GPU,High,68,1,16,user,38,0,GPU-Node-45,93,431
2026-01-02 17:12:00,CPU,Medium,77,9,13,admin,20,1,CPU-Node-34,98,450
2026-01-02 17:14:00,CPU,Medium,69,6,15,user,36,1,CPU-Node-18,100,442
2026-01-02 17:16:00,CPU,Medium,73,3,21,user,24,0,CPU-Node-37,100,498
2026-01-02 17:18:00,CPU,Low,83,10,17,user,23,0,CPU-Node-14,100,461
2026-01-02 17:20:00,CPU,Medium,84,10,12,user,24,1,CPU-Node-50,100,383
2026-01-02 17:22:00,CPU,High,67,7,13,user,21,1,CPU-Node-14,100,389
2026-01-02 17:24:00,CPU,Low,81,8,15,user,24,1,CPU-Node-2,100,443
2026-01-02 17:26:00,CPU,Low,62,6,9,admin,43,1,CPU-Node-20,86,319
2026-01-02 17:28:00,GPU,Medium,74,2,14,user,36,1,GPU-Node-25,99,409
2026-01-02 17:30:00,GPU,Medium,65,1,10,admin,31,1,GPU-Node-40,91,333
2026-01-02 17:32:00,CPU,Medium,77,9,18,user,18,0,CPU-Node-10,100,506
2026-01-02 17:34:00,CPU,Medium,61,10,9,user,38,1,CPU-Node-21,79,301
2026-01-02 17:36:00,CPU,Low,71,5,13,admin,32,1,CPU-Node-43,90,374
2026-01-02 17:38:00,GPU,Medium,86,2,14,user,39,1,GPU-Node-21,100,437
2026-01-02 17:40:00,GPU,Low,69,1,16,user,68,0,GPU-Node-50,96,426
2026-01-02 17:42:00,GPU,Low,71,1,17,user,22,0,GPU-Node-18,100,458
2026-01-02 17:44:00,CPU,High,76,5,18,user,42,0,CPU-Node-15,100,440
2026-01-02 17:46:00,CPU,Low,68,4,13,user,30,1,CPU-Node-31,95,419
2026-01-02 17:48:00,CPU,High,80,9,14,user,36,1,CPU-Node-15,100,444
2026-01-02 17:50:00,GPU,Medium,62,0,11,user,25,0,GPU-Node-24,91,362
2026-01-02 17:52:00,CPU,Medium,64,7,14,user,26,1,CPU-Node-25,89,380
2026-01-02 17:54:00,GPU,Medium,63,2,18,admin,35,0,GPU-Node-16,100,467
2026-01-02 17:56:00,GPU,Low,68,2,14,user,33,1,GPU-Node-13,95,363
2026-01-02 17:58:00,CPU,High,80,13,15,admin,6,1,CPU-Node-30,100,453
2026-01-02 18:00:00,GPU,Low,50,1,14,user,42,1,GPU-Node-43,71,325
2026-01-02 18:02:00,CPU,High,75,7,16,user,19,0,CPU-Node-23,100,419
2026-01-02 18:04:00,CPU,Low,69,6,14,user,38,1,CPU-Node-28,93,366
2026-01-02 18:06:00,CPU,High,72,5,11,user,13,1,CPU-Node-32,90,336
2026-01-02 18:08:00,CPU,High,88,10,24,admin,43,1,CPU-Node-49,100,550
2026-01-02 18:10:00,GPU,Medium,61,1,17,user,22,0,GPU-Node-23,98,470
2026-01-02 18:12:00,CPU,Low,73,2,15,user,23,1,CPU-Node-13,100,408
2026-01-02 18:14:00,CPU,High,85,8,17,user,17,0,CPU-Node-28,100,462
2026-01-02 18:16:00,CPU,Medium,75,7,15,user,39,1,CPU-Node-47,100,430
2026-01-02 18:18:00,CPU,Low,62,6,14,user,15,1,CPU-Node-17,99,404
2026-01-02 18:20:00,CPU,Low,75,9,16,user,18,0,CPU-Node-35,100,466
2026-01-02 18:22:00,GPU,Medium,86,2,17,user,15,0,GPU-Node-3,100,441
2026-01-02 18:24:00,CPU,Medium,75,6,18,user,31,0,CPU-Node-12,100,454
2026-01-02 18:26:00,CPU,High,69,9,13,user,26,1,CPU-Node-35,99,400
2026-01-02 18:28:00,CPU,High,84,6,14,user,33,1,CPU-Node-32,100,425
2026-01-02 18:30:00,GPU,Medium,77,2,9,user,40,1,GPU-Node-6,92,326
2026-01-02 18:32:00,CPU,Low,76,14,12,user,23,1,CPU-Node-40,99,354
2026-01-02 18:34:00,CPU,Medium,66,10,17,user,25,0,CPU-Node-23,100,441
2026-01-02 18:36:00,GPU,Medium,79,2,12,user,13,1,GPU-Node-46,100,372
2026-01-02 18:38:00,CPU,High,64,6,18,admin,32,1,CPU-Node-36,96,471
2026-01-02 18:40:00,GPU,Medium,67,4,7,user,28,1,GPU-Node-33,96,283
2026-01-02 18:42:00,CPU,High,77,10,15,user,30,1,CPU-Node-42,100,407
2026-01-02 18:44:00,GPU,Low,60,2,6,admin,28,1,GPU-Node-42,74,266
2026-01-02 18:46:00,CPU,Medium,72,5,12,user,32,1,CPU-Node-31,97,390
2026-01-02 18:48:00,CPU,Low,79,10,10,user,29,1,CPU-Node-30,100,344
2026-01-02 18:50:00,CPU,Low,66,9,8,user,28,1,CPU-Node-15,79,305
2026-01-02 18:52:00,GPU,Medium,71,3,13,user,35,1,GPU-Node-9,89,424
2026-01-02 18:54:00,GPU,Medium,79,3,12,user,28,1,GPU-Node-30,100,387
2026-01-02 18:56:00,CPU,Low,78,6,15,user,33,1,CPU-Node-33,100,470
2026-01-02 18:58:00,GPU,High,69,1,16,user,33,0,GPU-Node-4,100,431
2026-01-02 19:00:00,CPU,High,21,11,3,user,37,1,CPU-Node-50,30,100
2026-01-02 19:02:00,CPU,Low,26,3,4,user,42,1,CPU-Node-38,27,145
2026-01-02 19:04:00,CPU,Medium,32,4,9,user,33,1,CPU-Node-31,56,272
2026-01-02 19:06:00,GPU,Medium,33,2,8,user,36,1,GPU-Node-23,52,217
2026-01-02 19:08:00,CPU,Low,28,6,1,user,27,1,CPU-Node-46,32,129
2026-01-02 19:10:00,GPU,High,40,3,9,user,34,1,GPU-Node-8,57,253
2026-01-02 19:12:00,CPU,Medium,43,6,11,user,48,1,CPU-Node-48,58,286
2026-01-02 19:14:00,CPU,Low,28,11,1,user,30,1,CPU-Node-25,35,133
2026-01-02 19:16:00,CPU,Medium,16,7,8,user,36,1,CPU-Node-49,27,178
2026-01-02 19:18:00,CPU,Medium,28,9,5,user,13,1,CPU-Node-6,33,209
2026-01-02 19:20:00,CPU,Medium,24,6,8,user,18,1,CPU-Node-31,33,220
2026-01-02 19:22:00,CPU,Medium,27,9,7,user,6,1,CPU-Node-35,42,204
2026-01-02 19:24:00,CPU,Low,31,6,11,user,42,1,CPU-Node-25,55,249
2026-01-02 19:26:00,GPU,High,38,2,10,user,40,1,GPU-Node-19,58,300
2026-01-02 19:28:00,CPU,High,27,9,13,user,32,1,CPU-Node-31,48,289
2026-01-02 19:30:00,CPU,High,19,6,4,user,26,1,CPU-Node-29,29,127
2026-01-02 19:32:00,CPU,Medium,30,5,11,user,38,1,CPU-Node-23,60,277
2026-01-02 19:34:00,GPU,High,36,1,6,user,23,1,GPU-Node-39,47,218
2026-01-02 19:36:00,GPU,Low,28,1,0,user,32,1,GPU-Node-22,29,122
2026-01-02 19:38:00,CPU,Medium,29,7,4,user,20,1,CPU-Node-33,39,160
2026-01-02 19:40:00,CPU,High,56,4,6,user,33,1,CPU-Node-49,68,256
2026-01-02 19:42:00,GPU,High,28,0,8,user,26,0,GPU-Node-29,48,223
2026-01-02 19:44:00,GPU,Low,36,2,8,user,38,1,GPU-Node-29,55,252
2026-01-02 19:46:00,GPU,Medium,28,3,6,user,42,1,GPU-Node-43,45,187
2026-01-02 19:48:00,CPU,Low,33,5,7,user,23,1,CPU-Node-36,46,222
2026-01-02 19:50:00,GPU,Medium,40,2,15,admin,32,1,GPU-Node-33,68,321
2026-01-02 19:52:00,CPU,High,50,9,13,user,20,1,CPU-Node-17,68,352
2026-01-02 19:54:00,GPU,Medium,29,1,3,user,41,1,GPU-Node-19,36,136
2026-01-02 19:56:00,CPU,Medium,40,6,7,user,25,1,CPU-Node-19,62,246
2026-01-02 19:58:00,CPU,Medium,42,8,6,user,17,1,CPU-Node-31,45,202
2026-01-02 20:00:00,GPU,Medium,32,1,10,user,24,1,GPU-Node-23,52,265
2026-01-02 20:02:00,GPU,High,37,1,12,user,29,1,GPU-Node-36,63,322
2026-01-02 20:04:00,GPU,Low,26,1,7,user,37,1,GPU-Node-4,41,184
2026-01-02 20:06:00,CPU,Low,40,5,7,user,5,1,CPU-Node-6,47,222
2026-01-02 20:08:00,GPU,Low,52,1,14,user,41,1,GPU-Node-28,82,366
2026-01-02 20:10:00,CPU,High,27,7,2,user,28,1,CPU-Node-13,31,142
2026-01-02 20:12:00,CPU,Low,29,3,9,user,34,1,CPU-Node-31,43,254
2026-01-02 20:14:00,CPU,High,41,9,5,user,31,1,CPU-Node-2,58,232
2026-01-02 20:16:00,CPU,Low,13,12,7,user,18,1,CPU-Node-20,20,149
2026-01-02 20:18:00,GPU,Medium,39,1,10,user,26,1,GPU-Node-24,62,257
2026-01-02 20:20:00,GPU,Medium,47,2,11,user,34,1,GPU-Node-20,69,321
2026-01-02 20:22:00,GPU,High,31,1,9,admin,34,1,GPU-Node-15,46,254
2026-01-02 20:24:00,GPU,Medium,23,3,0,user,45,1,GPU-Node-45,25,61
2026-01-02 20:26:00,GPU,High,19,1,3,user,35,1,GPU-Node-42,19,146
2026-01-02 20:28:00,CPU,Low,36,6,8,user,30,1,CPU-Node-6,54,249
2026-01-02 20:30:00,CPU,High,22,6,3,user,35,1,CPU-Node-20,21,131
2026-01-02 20:32:00,CPU,High,44,5,11,admin,42,1,CPU-Node-18,68,314
2026-01-02 20:34:00,CPU,Low,40,12,8,user,35,1,CPU-Node-19,60,250
2026-01-02 20:36:00,GPU,Medium,23,2,4,user,12,1,GPU-Node-45,35,118
2026-01-02 20:38:00,CPU,Low,43,10,1,user,35,1,CPU-Node-27,43,167
2026-01-02 20:40:00,CPU,Medium,29,10,9,user,22,1,CPU-Node-32,47,267
2026-01-02 20:42:00,CPU,Low,48,11,7,user,24,1,CPU-Node-30,46,280
2026-01-02 20:44:00,GPU,Low,38,2,7,user,33,1,GPU-Node-41,53,233
2026-01-02 20:46:00,GPU,High,35,0,13,user,22,0,GPU-Node-22,62,347
2026-01-02 20:48:00,CPU,Low,29,9,4,user,23,1,CPU-Node-19,42,158
2026-01-02 20:50:00,CPU,Medium,45,8,5,admin,27,1,CPU-Node-10,53,224
2026-01-02 20:52:00,CPU,Low,51,7,9,user,24,1,CPU-Node-17,67,266
2026-01-02 20:54:00,CPU,Low,32,10,4,user,42,1,CPU-Node-42,39,170
2026-01-02 20:56:00,GPU,Medium,20,1,6,user,21,1,GPU-Node-1,23,182
2026-01-02 20:58:00,GPU,Low,37,1,7,user,14,1,GPU-Node-38,55,241
2026-01-02 21:00:00,CPU,Medium,16,3,2,user,27,1,CPU-Node-32,19,111
2026-01-02 21:02:00,CPU,Medium,42,8,10,user,36,1,CPU-Node-16,61,278
2026-01-02 21:04:00,GPU,High,17,3,1,user,32,1,GPU-Node-19,26,119
2026-01-02 21:06:00,CPU,Medium,20,8,6,user,13,1,CPU-Node-10,33,167
2026-01-02 21:08:00,CPU,Low,32,7,4,user,25,1,CPU-Node-48,50,132
2026-01-02 21:10:00,CPU,Medium,36,10,5,admin,37,1,CPU-Node-5,41,197
2026-01-02 21:12:00,CPU,High,31,11,5,user,28,1,CPU-Node-46,49,201
2026-01-02 21:14:00,GPU,High,35,2,6,user,24,1,GPU-Node-41,41,195
2026-01-02 21:16:00,GPU,Low,25,3,4,user,42,1,GPU-Node-34,38,176
2026-01-02 21:18:00,CPU,Medium,36,6,6,admin,43,1,CPU-Node-23,42,228
2026-01-02 21:20:00,CPU,High,30,4,7,user,33,1,CPU-Node-30,49,209
2026-01-02 21:22:00,CPU,Low,22,8,7,admin,25,1,CPU-Node-25,34,195
2026-01-02 21:24:00,GPU,Medium,33,2,14,user,49,1,GPU-Node-39,62,306
2026-01-02 21:26:00,CPU,Low,47,8,7,user,33,1,CPU-Node-47,63,232
2026-01-02 21:28:00,CPU,Low,31,6,5,user,22,1,CPU-Node-46,46,221
2026-01-02 21:30:00,GPU,High,27,1,5,user,42,1,GPU-Node-13,37,159
2026-01-02 21:32:00,CPU,High,29,10,4,user,18,1,CPU-Node-11,40,179
2026-01-02 21:34:00,GPU,High,33,1,3,user,37,1,GPU-Node-11,42,159
2026-01-02 21:36:00,GPU,Low,42,2,5,user,52,1,GPU-Node-50,43,202
2026-01-02 21:38:00,CPU,Medium,28,7,6,admin,34,1,CPU-Node-7,32,191
2026-01-02 21:40:00,GPU,Low,33,0,7,admin,17,0,GPU-Node-50,37,177
2026-01-02 21:42:00,GPU,Low,22,2,10,admin,32,1,GPU-Node-30,40,235
2026-01-02 21:44:00,GPU,Medium,21,1,0,admin,21,1,GPU-Node-25,13,104
2026-01-02 21:46:00,GPU,Medium,37,1,0,admin,34,1,GPU-Node-29,36,122
2026-01-02 21:48:00,CPU,High,36,7,3,user,22,1,CPU-Node-37,43,192
2026-01-02 21:50:00,CPU,Low,35,15,7,user,33,1,CPU-Node-36,43,216
2026-01-02 21:52:00,GPU,High,13,2,4,user,25,1,GPU-Node-1,15,142
2026-01-02 21:54:00,CPU,High,33,3,8,user,26,1,CPU-Node-43,51,226
2026-01-02 21:56:00,CPU,High,30,4,0,user,29,1,CPU-Node-29,29,125
2026-01-02 21:58:00,CPU,High,39,1,3,user,46,1,CPU-Node-3,44,200
2026-01-02 22:00:00,CPU,Medium,44,9,12,user,19,1,CPU-Node-23,70,300
2026-01-02 22:02:00,CPU,High,37,9,0,user,37,1,CPU-Node-15,34,122
2026-01-02 22:04:00,CPU,High,33,11,0,user,41,1,CPU-Node-8,35,144
2026-01-02 22:06:00,CPU,Medium,17,14,5,admin,16,1,CPU-Node-19,33,102
2026-01-02 22:08:00,CPU,High,47,11,5,admin,31,1,CPU-Node-11,51,196
2026-01-02 22:10:00,CPU,Low,33,12,8,user,20,1,CPU-Node-15,51,222
2026-01-02 22:12:00,GPU,High,31,1,7,user,41,1,GPU-Node-48,47,225
2026-01-02 22:14:00,CPU,Medium,30,8,7,user,31,1,CPU-Node-23,48,188
2026-01-02 22:16:00,GPU,Low,53,2,5,admin,23,1,GPU-Node-15,57,263
2026-01-02 22:18:00,CPU,Medium,39,7,3,user,31,1,CPU-Node-49,38,170
2026-01-02 22:20:00,CPU,Medium,34,8,7,user,24,1,CPU-Node-10,45,223
2026-01-02 22:22:00,CPU,High,27,6,6,user,39,1,CPU-Node-14,37,199
2026-01-02 22:24:00,GPU,Low,51,0,7,user,24,0,GPU-Node-24,67,305
2026-01-02 22:26:00,GPU,Medium,46,1,7,user,18,1,GPU-Node-30,59,230
2026-01-02 22:28:00,GPU,Medium,47,0,12,user,26,0,GPU-Node-19,66,320
2026-01-02 22:30:00,GPU,High,10,4,2,user,29,1,GPU-Node-19,14,87
2026-01-02 22:32:00,GPU,Low,52,4,13,user,27,1,GPU-Node-21,75,355
2026-01-02 22:34:00,CPU,Medium,37,5,6,admin,39,1,CPU-Node-38,44,217
2026-01-02 22:36:00,GPU,High,51,2,8,admin,45,1,GPU-Node-47,78,272
2026-01-02 22:38:00,GPU,Medium,22,1,3,user,42,1,GPU-Node-30,24,134
2026-01-02 22:40:00,CPU,Medium,24,8,4,user,37,1,CPU-Node-40,33,183
2026-01-02 22:42:00,CPU,Medium,33,7,9,user,18,1,CPU-Node-39,46,237
2026-01-02 22:44:00,GPU,High,37,3,14,user,18,1,GPU-Node-24,73,369
2026-01-02 22:46:00,CPU,Medium,41,11,11,user,37,1,CPU-Node-35,71,298
2026-01-02 22:48:00,CPU,Medium,16,10,3,user,32,1,CPU-Node-39,16,144
2026-01-02 22:50:00,GPU,Medium,19,3,6,user,18,1,GPU-Node-30,28,132
2026-01-02 22:52:00,GPU,Medium,34,2,8,user,29,1,GPU-Node-23,47,190
2026-01-02 22:54:00,CPU,Low,58,7,8,user,22,1,CPU-Node-48,64,262
2026-01-02 22:56:00,GPU,Medium,26,2,7,user,36,1,GPU-Node-43,43,176
2026-01-02 22:58:00,GPU,High,20,1,4,user,33,1,GPU-Node-47,19,142
2026-01-02 23:00:00,CPU,Medium,10,11,0,user,28,1,CPU-Node-42,2,63
2026-01-02 23:02:00,CPU,Low,23,9,6,user,29,1,CPU-Node-17,43,174
2026-01-02 23:04:00,GPU,Medium,29,1,4,user,35,1,GPU-Node-30,41,142
2026-01-02 23:06:00,CPU,Medium,28,3,5,user,40,1,CPU-Node-40,28,180
2026-01-02 23:08:00,CPU,Medium,32,10,8,user,47,1,CPU-Node-22,47,266
2026-01-02 23:10:00,CPU,Medium,41,2,11,user,21,1,CPU-Node-25,56,298
2026-01-02 23:12:00,GPU,High,50,1,15,user,23,1,GPU-Node-44,83,384
2026-01-02 23:14:00,CPU,Low,55,11,8,admin,25,1,CPU-Node-14,70,265
2026-01-02 23:16:00,CPU,High,43,4,9,user,19,1,CPU-Node-16,63,275
2026-01-02 23:18:00,GPU,Medium,56,1,10,user,18,1,GPU-Node-10,78,290
2026-01-02 23:20:00,GPU,High,38,1,4,user,12,1,GPU-Node-10,48,161
2026-01-02 23:22:00,CPU,Low,29,7,7,admin,14,1,CPU-Node-44,46,252
2026-01-02 23:24:00,GPU,Medium,37,0,6,user,28,0,GPU-Node-24,40,226
2026-01-02 23:26:00,CPU,Low,25,7,5,user,36,1,CPU-Node-43,31,171
2026-01-02 23:28:00,CPU,Medium,11,9,0,admin,36,1,CPU-Node-14,14,85
2026-01-02 23:30:00,CPU,Low,41,4,9,user,32,1,CPU-Node-39,53,232
2026-01-02 23:32:00,CPU,Medium,33,8,3,user,30,1,CPU-Node-22,44,160
2026-01-02 23:34:00,CPU,Medium,33,10,1,user,44,1,CPU-Node-18,37,169
2026-01-02 23:36:00,CPU,Low,40,4,9,user,22,1,CPU-Node-46,56,273
2026-01-02 23:38:00,CPU,Low,18,7,5,user,26,1,CPU-Node-40,21,149
2026-01-02 23:40:00,CPU,Medium,31,8,11,user,10,1,CPU-Node-19,51,269
2026-01-02 23:42:00,GPU,Medium,38,1,8,user,23,1,GPU-Node-32,61,243
2026-01-02 23:44:00,CPU,Low,33,10,5,user,26,1,CPU-Node-8,39,209
2026-01-02 23:46:00,GPU,Medium,40,2,10,user,28,1,GPU-Node-35,55,277
2026-01-02 23:48:00,CPU,Low,36,7,6,user,17,1,CPU-Node-14,45,222
2026-01-02 23:50:00,CPU,Low,26,12,5,user,32,1,CPU-Node-31,38,179
2026-01-02 23:52:00,CPU,High,37,10,8,user,37,1,CPU-Node-13,46,260
2026-01-02 23:54:00,CPU,High,26,5,3,user,28,1,CPU-Node-49,31,143
2026-01-02 23:56:00,GPU,Low,20,2,4,user,23,1,GPU-Node-31,22,165
2026-01-02 23:58:00,CPU,Medium,43,11,7,user,22,1,CPU-Node-47,56,246
2026-01-03 00:00:00,GPU,Medium,17,1,4,user,21,1,GPU-Node-30,25,148
2026-01-03 00:02:00,CPU,Low,36,8,4,user,17,1,CPU-Node-40,41,184
2026-01-03 00:04:00,GPU,Low,33,0,7,user,15,0,GPU-Node-24,45,211
2026-01-03 00:06:00,CPU,High,34,13,11,user,40,1,CPU-Node-5,58,267
2026-01-03 00:08:00,CPU,High,49,7,11,user,46,1,CPU-Node-26,67,297
2026-01-03 00:10:00,CPU,Low,37,13,5,user,36,1,CPU-Node-42,46,197
2026-01-03 00:12:00,CPU,Low,10,4,2,user,31,1,CPU-Node-26,17,96
2026-01-03 00:14:00,GPU,High,52,0,0,user,30,0,GPU-Node-31,53,145
2026-01-03 00:16:00,CPU,Low,41,13,6,user,33,1,CPU-Node-23,48,253
2026-01-03 00:18:00,CPU,Medium,23,7,2,user,28,1,CPU-Node-13,21,104
2026-01-03 00:20:00,GPU,Low,40,2,7,user,35,1,GPU-Node-44,53,201
2026-01-03 00:22:00,GPU,High,43,1,9,user,46,1,GPU-Node-2,64,319
2026-01-03 00:24:00,CPU,High,20,8,1,user,31,1,CPU-Node-36,26,89
2026-01-03 00:26:00,CPU,Medium,38,6,10,user,10,1,CPU-Node-34,47,297
2026-01-03 00:28:00,CPU,Low,34,10,5,user,32,1,CPU-Node-24,39,198
2026-01-03 00:30:00,CPU,Medium,32,6,1,user,23,1,CPU-Node-11,32,141
2026-01-03 00:32:00,CPU,Medium,34,10,9,user,31,1,CPU-Node-23,49,277
2026-01-03 00:34:00,CPU,Low,41,2,9,admin,28,1,CPU-Node-43,59,259
2026-01-03 00:36:00,CPU,Low,27,5,5,user,33,1,CPU-Node-34,43,157
2026-01-03 00:38:00,CPU,High,10,6,4,admin,15,1,CPU-Node-46,31,119
2026-01-03 00:40:00,CPU,Medium,22,8,3,user,30,1,CPU-Node-39,28,120
2026-01-03 00:42:00,GPU,Low,37,0,5,user,33,0,GPU-Node-46,44,201
2026-01-03 00:44:00,CPU,Medium,41,5,8,user,38,1,CPU-Node-9,57,289
2026-01-03 00:46:00,CPU,Medium,29,9,5,user,33,1,CPU-Node-33,37,162
2026-01-03 00:48:00,CPU,High,32,10,0,user,35,1,CPU-Node-26,26,132
2026-01-03 00:50:00,CPU,High,23,9,7,user,14,1,CPU-Node-2,38,199
2026-01-03 00:52:00,GPU,Medium,20,2,4,user,33,1,GPU-Node-14,32,153
2026-01-03 00:54:00,GPU,High,48,0,10,user,27,0,GPU-Node-46,65,307
2026-01-03 00:56:00,CPU,Low,27,10,10,user,25,1,CPU-Node-21,49,233
2026-01-03 00:58:00,GPU,Medium,31,2,1,user,20,1,GPU-Node-42,29,132
2026-01-03 01:00:00,GPU,High,33,1,5,user,26,1,GPU-Node-43,40,211
2026-01-03 01:02:00,GPU,High,38,1,5,user,35,1,GPU-Node-6,48,214
2026-01-03 01:04:00,CPU,Low,35,6,15,user,19,1,CPU-Node-41,68,345
2026-01-03 01:06:00,CPU,High,38,9,5,user,39,1,CPU-Node-10,40,195
2026-01-03 01:08:00,GPU,High,56,1,13,user,32,1,GPU-Node-21,76,329
2026-01-03 01:10:00,CPU,Low,24,5,9,user,21,1,CPU-Node-8,37,206
2026-01-03 01:12:00,CPU,Low,39,2,12,user,10,1,CPU-Node-29,60,305
2026-01-03 01:14:00,GPU,Low,44,2,10,user,32,1,GPU-Node-10,77,298
2026-01-03 01:16:00,CPU,Medium,23,7,3,user,15,1,CPU-Node-28,29,106
2026-01-03 01:18:00,GPU,Low,34,1,9,user,24,1,GPU-Node-36,59,234
2026-01-03 01:20:00,CPU,Low,48,9,11,user,51,1,CPU-Node-48,65,285
2026-01-03 01:22:00,CPU,High,25,7,7,user,21,1,CPU-Node-34,41,207
2026-01-03 01:24:00,CPU,High,37,11,2,user,46,1,CPU-Node-10,39,143
2026-01-03 01:26:00,CPU,High,54,5,9,user,25,1,CPU-Node-4,72,323
2026-01-03 01:28:00,GPU,Low,41,3,8,admin,23,1,GPU-Node-7,57,250
2026-01-03 01:30:00,CPU,High,34,7,4,user,39,1,CPU-Node-32,40,146
2026-01-03 01:32:00,CPU,Medium,26,8,6,user,38,1,CPU-Node-34,34,219
2026-01-03 01:34:00,GPU,Low,47,2,9,user,40,1,GPU-Node-11,58,307
2026-01-03 01:36:00,GPU,Medium,25,1,3,user,43,1,GPU-Node-4,19,127
2026-01-03 01:38:00,CPU,Medium,32,9,4,user,28,1,CPU-Node-32,43,123
2026-01-03 01:40:00,CPU,Low,36,8,8,user,35,1,CPU-Node-4,45,242
2026-01-03 01:42:00,GPU,High,45,0,7,user,21,0,GPU-Node-2,71,262
2026-01-03 01:44:00,CPU,Medium,31,7,10,user,22,1,CPU-Node-20,46,244
2026-01-03 01:46:00,CPU,Medium,28,11,10,user,34,1,CPU-Node-44,47,221
2026-01-03 01:48:00,CPU,High,19,8,0,user,26,1,CPU-Node-13,18,67
2026-01-03 01:50:00,GPU,Medium,31,3,10,user,20,1,GPU-Node-10,48,293
2026-01-03 01:52:00,GPU,Medium,42,0,8,user,29,0,GPU-Node-31,63,225
2026-01-03 01:54:00,GPU,High,37,0,8,user,30,0,GPU-Node-39,49,255
2026-01-03 01:56:00,GPU,High,28,2,7,user,33,1,GPU-Node-46,47,172
2026-01-03 01:58:00,GPU,Medium,37,2,8,user,40,1,GPU-Node-44,46,214
2026-01-03 02:00:00,GPU,High,35,1,10,user,16,1,GPU-Node-3,44,284
2026-01-03 02:02:00,CPU,Medium,27,10,3,user,45,1,CPU-Node-40,35,112
2026-01-03 02:04:00,CPU,Medium,27,11,5,user,19,1,CPU-Node-39,41,184
2026-01-03 02:06:00,CPU,Low,36,5,7,user,60,1,CPU-Node-11,41,226
2026-01-03 02:08:00,GPU,Medium,45,1,9,user,28,1,GPU-Node-19,65,268
2026-01-03 02:10:00,CPU,High,35,10,2,admin,30,1,CPU-Node-40,36,127
2026-01-03 02:12:00,CPU,Low,30,6,8,admin,32,1,CPU-Node-21,51,290
2026-01-03 02:14:00,CPU,High,52,7,10,admin,41,1,CPU-Node-42,64,323
2026-01-03 02:16:00,CPU,High,40,7,5,user,28,1,CPU-Node-44,48,253
2026-01-03 02:18:00,CPU,High,23,2,5,user,27,1,CPU-Node-47,31,177
2026-01-03 02:20:00,CPU,High,52,8,10,user,35,1,CPU-Node-18,70,350
2026-01-03 02:22:00,CPU,Medium,41,6,5,user,20,1,CPU-Node-33,48,195
2026-01-03 02:24:00,GPU,High,36,2,5,user,38,1,GPU-Node-26,45,200
2026-01-03 02:26:00,GPU,Low,44,4,11,user,23,1,GPU-Node-18,62,289
2026-01-03 02:28:00,GPU,High,50,1,8,admin,36,1,GPU-Node-40,64,252
2026-01-03 02:30:00,CPU,Medium,34,2,3,user,28,1,CPU-Node-8,38,163
2026-01-03 02:32:00,CPU,Low,41,3,9,user,23,1,CPU-Node-42,55,260
2026-01-03 02:34:00,CPU,High,27,7,13,user,39,1,CPU-Node-46,66,324
2026-01-03 02:36:00,CPU,Low,37,9,9,user,32,1,CPU-Node-46,47,292
2026-01-03 02:38:00,GPU,Low,40,1,6,user,45,1,GPU-Node-32,62,238
2026-01-03 02:40:00,CPU,Medium,40,7,9,user,38,1,CPU-Node-50,57,308
2026-01-03 02:42:00,CPU,High,20,10,1,user,41,1,CPU-Node-43,19,110
2026-01-03 02:44:00,GPU,Low,44,2,7,user,23,1,GPU-Node-15,60,218
2026-01-03 02:46:00,GPU,Low,53,0,15,user,30,0,GPU-Node-3,81,351
2026-01-03 02:48:00,CPU,Low,33,8,2,user,35,1,CPU-Node-6,37,157
2026-01-03 02:50:00,CPU,Medium,32,7,5,user,37,1,CPU-Node-17,40,208
2026-01-03 02:52:00,CPU,Low,38,8,4,user,50,1,CPU-Node-45,44,213
2026-01-03 02:54:00,GPU,Medium,29,0,1,user,19,0,GPU-Node-28,35,117
2026-01-03 02:56:00,CPU,High,23,1,4,user,30,1,CPU-Node-25,28,160
2026-01-03 02:58:00,CPU,High,42,10,6,user,35,1,CPU-Node-39,55,223
2026-01-03 03:00:00,CPU,Medium,43,16,7,admin,24,1,CPU-Node-21,58,267
2026-01-03 03:02:00,CPU,High,32,12,8,admin,49,1,CPU-Node-43,43,200
2026-01-03 03:04:00,GPU,High,23,1,1,user,35,1,GPU-Node-14,27,123
2026-01-03 03:06:00,CPU,Medium,48,5,10,user,35,1,CPU-Node-39,67,272
2026-01-03 03:08:00,CPU,Medium,45,7,14,user,34,1,CPU-Node-30,71,341
2026-01-03 03:10:00,CPU,High,47,4,5,user,10,1,CPU-Node-5,56,236
2026-01-03 03:12:00,CPU,Medium,20,4,8,user,31,1,CPU-Node-18,31,212
2026-01-03 03:14:00,CPU,High,21,10,2,user,48,1,CPU-Node-34,22,145
2026-01-03 03:16:00,GPU,Low,42,1,7,user,27,1,GPU-Node-35,56,244
2026-01-03 03:18:00,CPU,Low,44,8,9,admin,32,1,CPU-Node-39,67,271
2026-01-03 03:20:00,CPU,High,21,6,4,user,25,1,CPU-Node-43,28,154
2026-01-03 03:22:00,GPU,Low,32,2,12,user,31,1,GPU-Node-45,54,295
2026-01-03 03:24:00,CPU,High,41,12,7,user,21,1,CPU-Node-2,56,240
2026-01-03 03:26:00,CPU,Medium,29,8,5,user,31,1,CPU-Node-46,41,177
2026-01-03 03:28:00,CPU,High,25,11,0,user,35,1,CPU-Node-9,26,98
2026-01-03 03:30:00,GPU,Medium,36,3,7,user,26,1,GPU-Node-34,47,210
2026-01-03 03:32:00,GPU,Medium,40,1,7,user,41,1,GPU-Node-17,55,218
2026-01-03 03:34:00,CPU,High,28,5,6,admin,31,1,CPU-Node-1,44,187
2026-01-03 03:36:00,CPU,Medium,23,11,7,user,31,1,CPU-Node-50,37,204
2026-01-03 03:38:00,GPU,Low,26,0,5,user,33,0,GPU-Node-4,34,183
2026-01-03 03:40:00,GPU,Low,37,0,5,user,19,0,GPU-Node-27,40,181
2026-01-03 03:42:00,CPU,High,38,8,4,user,33,1,CPU-Node-27,52,202
2026-01-03 03:44:00,GPU,High,42,2,7,user,35,1,GPU-Node-36,50,205
2026-01-03 03:46:00,CPU,Low,37,8,6,user,20,1,CPU-Node-47,52,206
2026-01-03 03:48:00,GPU,Medium,27,3,2,user,42,1,GPU-Node-17,30,144
2026-01-03 03:50:00,CPU,Medium,27,12,4,user,21,1,CPU-Node-9,29,143
2026-01-03 03:52:00,GPU,Medium,34,1,6,admin,37,1,GPU-Node-26,50,227
2026-01-03 03:54:00,CPU,Medium,43,5,4,user,15,1,CPU-Node-25,48,193
2026-01-03 03:56:00,CPU,Medium,24,1,3,user,26,1,CPU-Node-48,25,141
2026-01-03 03:58:00,GPU,Medium,38,2,6,admin,36,1,GPU-Node-4,48,209
2026-01-03 04:00:00,GPU,High,34,2,1,user,50,1,GPU-Node-44,38,150
2026-01-03 04:02:00,GPU,Low,17,0,1,user,26,0,GPU-Node-15,26,112
2026-01-03 04:04:00,GPU,Low,11,0,0,admin,45,0,GPU-Node-18,9,81
2026-01-03 04:06:00,CPU,Low,25,8,6,user,22,1,CPU-Node-23,34,160
2026-01-03 04:08:00,CPU,Medium,25,3,0,user,26,1,CPU-Node-13,27,88
2026-01-03 04:10:00,CPU,Low,42,3,10,user,42,1,CPU-Node-1,65,269
2026-01-03 04:12:00,CPU,Low,24,9,5,user,39,1,CPU-Node-11,28,165
2026-01-03 04:14:00,CPU,Low,31,8,5,user,30,1,CPU-Node-35,40,188
2026-01-03 04:16:00,GPU,High,47,3,8,user,14,1,GPU-Node-28,59,252
2026-01-03 04:18:00,CPU,Low,47,11,7,user,28,1,CPU-Node-19,68,269
2026-01-03 04:20:00,CPU,High,35,6,0,admin,14,1,CPU-Node-3,34,117
2026-01-03 04:22:00,CPU,High,23,6,0,user,18,1,CPU-Node-21,17,79
2026-01-03 04:24:00,CPU,Medium,18,7,3,user,28,1,CPU-Node-8,19,144
2026-01-03 04:26:00,CPU,Low,27,6,6,admin,27,1,CPU-Node-1,33,193
2026-01-03 04:28:00,CPU,High,17,8,0,user,35,1,CPU-Node-38,14,63
2026-01-03 04:30:00,CPU,Medium,42,9,6,user,15,1,CPU-Node-32,51,253
2026-01-03 04:32:00,CPU,High,38,8,6,user,21,1,CPU-Node-2,47,202
2026-01-03 04:34:00,CPU,High,45,8,12,user,37,1,CPU-Node-45,67,267
2026-01-03 04:36:00,GPU,High,15,2,1,user,15,1,GPU-Node-9,12,89
2026-01-03 04:38:00,GPU,Medium,48,2,10,user,26,1,GPU-Node-32,64,288
2026-01-03 04:40:00,CPU,Medium,60,7,16,user,24,0,CPU-Node-5,89,467
2026-01-03 04:42:00,CPU,Medium,37,7,0,user,43,1,CPU-Node-6,40,111
2026-01-03 04:44:00,GPU,Low,26,0,3,user,38,0,GPU-Node-19,26,142
2026-01-03 04:46:00,CPU,High,58,13,11,user,29,1,CPU-Node-3,76,319
2026-01-03 04:48:00,CPU,Medium,49,11,9,admin,32,1,CPU-Node-48,63,254
2026-01-03 04:50:00,GPU,High,32,1,5,user,27,1,GPU-Node-13,44,184
2026-01-03 04:52:00,GPU,Medium,15,2,4,user,34,1,GPU-Node-11,28,140
2026-01-03 04:54:00,GPU,High,27,1,4,user,41,1,GPU-Node-13,34,164
2026-01-03 04:56:00,CPU,High,48,4,9,user,33,1,CPU-Node-13,64,300
2026-01-03 04:58:00,GPU,Low,30,2,7,user,53,1,GPU-Node-14,49,222
2026-01-03 05:00:00,CPU,High,27,7,7,user,20,1,CPU-Node-4,48,230
2026-01-03 05:02:00,CPU,Low,27,10,5,admin,29,1,CPU-Node-41,41,146
2026-01-03 05:04:00,CPU,Medium,35,12,9,user,51,1,CPU-Node-44,64,263
2026-01-03 05:06:00,CPU,Medium,26,8,1,user,31,1,CPU-Node-17,23,140
2026-01-03 05:08:00,CPU,High,52,11,11,user,44,1,CPU-Node-49,69,320
2026-01-03 05:10:00,CPU,Low,35,10,5,user,19,1,CPU-Node-18,48,189
2026-01-03 05:12:00,CPU,Medium,26,5,0,user,49,1,CPU-Node-2,27,92
2026-01-03 05:14:00,GPU,High,31,1,11,user,15,1,GPU-Node-28,48,291
2026-01-03 05:16:00,GPU,High,31,2,9,user,22,1,GPU-Node-41,49,203
2026-01-03 05:18:00,GPU,High,37,2,7,user,35,1,GPU-Node-7,54,214
2026-01-03 05:20:00,CPU,High,33,7,7,user,6,1,CPU-Node-27,56,208
2026-01-03 05:22:00,CPU,Medium,19,9,5,user,25,1,CPU-Node-29,34,167
2026-01-03 05:24:00,GPU,High,10,1,5,user,27,1,GPU-Node-8,12,139
2026-01-03 05:26:00,CPU,High,27,14,7,user,32,1,CPU-Node-12,39,200
2026-01-03 05:28:00,CPU,Low,28,3,5,admin,32,1,CPU-Node-19,33,139
2026-01-03 05:30:00,GPU,Medium,19,1,1,user,22,1,GPU-Node-45,30,95
2026-01-03 05:32:00,CPU,High,52,7,5,user,33,1,CPU-Node-27,59,243
2026-01-03 05:34:00,GPU,Medium,37,2,5,user,23,1,GPU-Node-1,47,201
2026-01-03 05:36:00,GPU,Medium,33,2,11,admin,24,1,GPU-Node-16,55,314
2026-01-03 05:38:00,GPU,Low,31,0,6,user,25,0,GPU-Node-7,39,193
2026-01-03 05:40:00,CPU,High,31,14,5,admin,55,1,CPU-Node-31,40,222
2026-01-03 05:42:00,CPU,High,39,16,5,user,34,1,CPU-Node-9,46,185
2026-01-03 05:44:00,CPU,Low,39,10,13,admin,26,1,CPU-Node-8,62,335
2026-01-03 05:46:00,GPU,Low,35,0,7,user,29,0,GPU-Node-50,48,210
2026-01-03 05:48:00,GPU,Low,50,2,10,user,25,1,GPU-Node-7,68,306
2026-01-03 05:50:00,CPU,High,53,5,12,user,38,1,CPU-Node-43,76,322
2026-01-03 05:52:00,GPU,Low,15,2,0,user,31,1,GPU-Node-44,14,57
2026-01-03 05:54:00,CPU,Low,30,9,1,user,16,1,CPU-Node-14,27,87
2026-01-03 05:56:00,CPU,Low,44,18,12,user,23,1,CPU-Node-17,69,308
2026-01-03 05:58:00,CPU,Medium,45,2,4,admin,45,1,CPU-Node-4,58,202
2026-01-03 06:00:00,CPU,Medium,55,1,9,user,47,1,CPU-Node-6,65,298
2026-01-03 06:02:00,CPU,Low,65,5,13,user,23,1,CPU-Node-1,90,383
2026-01-03 06:04:00,CPU,Medium,36,9,4,user,33,1,CPU-Node-3,45,177
2026-01-03 06:06:00,CPU,High,49,3,13,user,30,1,CPU-Node-32,76,318
2026-01-03 06:08:00,GPU,Medium,26,2,3,user,46,1,GPU-Node-23,36,127
2026-01-03 06:10:00,GPU,Medium,32,3,3,user,40,1,GPU-Node-23,38,129
2026-01-03 06:12:00,CPU,High,43,8,9,user,22,1,CPU-Node-34,65,259
2026-01-03 06:14:00,GPU,Medium,37,1,10,user,43,1,GPU-Node-3,64,262
2026-01-03 06:16:00,CPU,Medium,18,11,7,admin,32,1,CPU-Node-36,35,216
2026-01-03 06:18:00,GPU,Medium,25,2,3,user,35,1,GPU-Node-43,33,117
2026-01-03 06:20:00,CPU,Medium,25,5,9,user,29,1,CPU-Node-4,45,278
2026-01-03 06:22:00,GPU,Low,39,2,3,user,48,1,GPU-Node-18,45,181
2026-01-03 06:24:00,GPU,Medium,30,3,8,user,47,1,GPU-Node-42,44,227
2026-01-03 06:26:00,GPU,High,41,2,12,user,45,1,GPU-Node-31,59,336
2026-01-03 06:28:00,GPU,High,37,1,8,user,29,1,GPU-Node-34,52,271
2026-01-03 06:30:00,GPU,High,17,1,1,user,15,1,GPU-Node-1,9,109
2026-01-03 06:32:00,CPU,High,34,6,5,user,46,1,CPU-Node-26,46,197
2026-01-03 06:34:00,CPU,Low,28,11,4,user,29,1,CPU-Node-19,36,192
2026-01-03 06:36:00,CPU,Medium,31,6,8,user,28,1,CPU-Node-22,56,243
2026-01-03 06:38:00,CPU,Low,61,6,8,user,30,1,CPU-Node-3,75,299
2026-01-03 06:40:00,CPU,Low,42,11,4,user,25,1,CPU-Node-2,51,207
2026-01-03 06:42:00,CPU,High,42,3,4,user,29,1,CPU-Node-46,52,207
2026-01-03 06:44:00,CPU,Medium,26,9,3,admin,43,1,CPU-Node-17,31,154
2026-01-03 06:46:00,CPU,Low,54,5,8,user,23,1,CPU-Node-41,76,271
2026-01-03 06:48:00,GPU,Medium,36,3,9,user,15,1,GPU-Node-34,43,255
2026-01-03 06:50:00,CPU,High,46,8,8,user,20,1,CPU-Node-30,63,252
2026-01-03 06:52:00,GPU,High,58,2,8,user,23,1,GPU-Node-50,70,305
2026-01-03 06:54:00,CPU,High,32,9,5,user,33,1,CPU-Node-34,45,198
2026-01-03 06:56:00,GPU,High,26,2,3,user,44,1,GPU-Node-50,30,164
2026-01-03 06:58:00,CPU,High,49,8,10,user,22,1,CPU-Node-38,70,273
2026-01-03 07:00:00,CPU,Low,25,8,7,admin,51,1,CPU-Node-18,43,212
2026-01-03 07:02:00,CPU,Medium,46,4,8,user,20,1,CPU-Node-33,61,255
2026-01-03 07:04:00,GPU,Medium,45,1,11,user,36,1,GPU-Node-45,68,330
2026-01-03 07:06:00,CPU,High,36,5,9,admin,16,1,CPU-Node-34,56,247
2026-01-03 07:08:00,CPU,Medium,39,1,5,user,28,1,CPU-Node-21,48,199
2026-01-03 07:10:00,GPU,Low,31,1,5,admin,35,1,GPU-Node-8,39,178
2026-01-03 07:12:00,CPU,Low,33,4,0,user,42,1,CPU-Node-41,35,96
2026-01-03 07:14:00,CPU,Low,51,4,6,user,36,1,CPU-Node-40,62,253
2026-01-03 07:16:00,GPU,Medium,32,3,8,user,16,1,GPU-Node-42,45,237
2026-01-03 07:18:00,CPU,High,39,4,9,user,24,1,CPU-Node-44,51,252
2026-01-03 07:20:00,GPU,Low,36,2,8,user,38,1,GPU-Node-15,51,218
2026-01-03 07:22:00,CPU,Low,48,4,5,user,35,1,CPU-Node-17,53,232
2026-01-03 07:24:00,CPU,Medium,25,13,0,user,28,1,CPU-Node-40,22,93
2026-01-03 07:26:00,GPU,Medium,26,3,4,user,10,1,GPU-Node-34,26,201
2026-01-03 07:28:00,CPU,Medium,38,10,8,user,32,1,CPU-Node-17,54,239
2026-01-03 07:30:00,GPU,Medium,17,1,3,admin,32,1,GPU-Node-27,19,139
2026-01-03 07:32:00,GPU,Low,26,1,5,user,31,1,GPU-Node-25,30,151
2026-01-03 07:34:00,GPU,High,32,1,2,user,34,1,GPU-Node-2,35,154
2026-01-03 07:36:00,GPU,Medium,16,2,0,user,23,1,GPU-Node-5,11,96
2026-01-03 07:38:00,GPU,Medium,60,2,12,user,26,1,GPU-Node-37,89,358
2026-01-03 07:40:00,GPU,High,32,2,4,user,30,1,GPU-Node-35,40,183
2026-01-03 07:42:00,CPU,High,31,6,7,user,31,1,CPU-Node-40,43,205
2026-01-03 07:44:00,CPU,Low,28,9,6,user,18,1,CPU-Node-47,36,207
2026-01-03 07:46:00,CPU,Low,23,11,4,user,25,1,CPU-Node-26,21,152
2026-01-03 07:48:00,CPU,Medium,34,1,8,user,40,1,CPU-Node-29,50,234
2026-01-03 07:50:00,CPU,Low,37,8,6,user,23,1,CPU-Node-19,48,201
2026-01-03 07:52:00,CPU,Medium,21,5,0,user,7,1,CPU-Node-18,21,81
2026-01-03 07:54:00,GPU,High,35,1,6,user,30,1,GPU-Node-34,39,190
2026-01-03 07:56:00,GPU,High,49,1,12,user,23,1,GPU-Node-6,77,332
2026-01-03 07:58:00,CPU,High,46,7,7,user,17,1,CPU-Node-12,59,246
2026-01-03 08:00:00,CPU,Medium,29,8,6,user,20,1,CPU-Node-39,34,221
2026-01-03 08:02:00,GPU,Medium,25,1,4,user,15,1,GPU-Node-48,28,169
2026-01-03 08:04:00,GPU,High,29,2,5,user,45,1,GPU-Node-3,41,191
2026-01-03 08:06:00,GPU,Low,43,3,13,admin,26,1,GPU-Node-12,62,348
2026-01-03 08:08:00,CPU,Low,31,1,1,admin,37,1,CPU-Node-34,28,128
2026-01-03 08:10:00,GPU,Medium,32,2,4,user,30,1,GPU-Node-15,38,157
2026-01-03 08:12:00,CPU,Low,26,7,1,user,15,1,CPU-Node-16,26,139
2026-01-03 08:14:00,CPU,High,52,4,13,user,25,1,CPU-Node-29,78,347
2026-01-03 08:16:00,GPU,Low,29,0,4,admin,39,0,GPU-Node-10,35,188
2026-01-03 08:18:00,CPU,Low,32,7,5,user,26,1,CPU-Node-14,38,201
2026-01-03 08:20:00,CPU,Medium,28,5,5,user,34,1,CPU-Node-9,33,156
2026-01-03 08:22:00,CPU,High,40,6,5,user,17,1,CPU-Node-3,47,209
2026-01-03 08:24:00,CPU,High,22,16,4,user,43,1,CPU-Node-14,37,124
2026-01-03 08:26:00,CPU,Medium,37,7,6,user,41,1,CPU-Node-49,43,215
2026-01-03 08:28:00,GPU,Medium,12,2,1,user,22,1,GPU-Node-24,12,78
2026-01-03 08:30:00,GPU,High,34,3,7,user,24,1,GPU-Node-11,45,254
2026-01-03 08:32:00,CPU,Medium,46,3,7,user,27,1,CPU-Node-21,63,251
2026-01-03 08:34:00,GPU,High,28,0,9,user,5,0,GPU-Node-40,50,230
2026-01-03 08:36:00,GPU,Low,44,2,9,user,18,1,GPU-Node-18,54,302
2026-01-03 08:38:00,GPU,Medium,28,1,5,user,26,1,GPU-Node-2,34,189
2026-01-03 08:40:00,CPU,High,18,12,7,user,33,1,CPU-Node-6,38,178
2026-01-03 08:42:00,GPU,High,42,1,9,user,11,1,GPU-Node-44,59,284
2026-01-03 08:44:00,CPU,Medium,22,2,5,admin,29,1,CPU-Node-24,41,183
2026-01-03 08:46:00,CPU,Medium,40,10,10,user,22,1,CPU-Node-9,62,294
2026-01-03 08:48:00,CPU,Medium,23,8,0,user,27,1,CPU-Node-42,35,79
2026-01-03 08:50:00,CPU,Low,40,11,10,user,22,1,CPU-Node-9,66,259
2026-01-03 08:52:00,GPU,Medium,30,3,8,user,37,1,GPU-Node-39,40,218
2026-01-03 08:54:00,CPU,Medium,35,8,8,user,24,1,CPU-Node-33,42,227
2026-01-03 08:56:00,CPU,Medium,45,15,8,admin,13,1,CPU-Node-16,56,259
2026-01-03 08:58:00,GPU,High,27,3,2,user,25,1,GPU-Node-19,28,126
2026-01-03 09:00:00,CPU,High,76,12,13,user,20,1,CPU-Node-7,94,377
2026-01-03 09:02:00,CPU,High,95,7,16,user,32,0,CPU-Node-2,100,514
2026-01-03 09:04:00,GPU,Low,79,1,19,user,25,0,GPU-Node-34,100,479
2026-01-03 09:06:00,CPU,Low,68,8,12,user,31,1,CPU-Node-36,91,382
2026-01-03 09:08:00,CPU,High,68,8,14,user,31,1,CPU-Node-20,94,434
2026-01-03 09:10:00,CPU,Low,69,1,17,user,11,0,CPU-Node-45,95,420
2026-01-03 09:12:00,CPU,Medium,70,9,16,user,23,0,CPU-Node-22,100,414
2026-01-03 09:14:00,CPU,Medium,74,13,16,user,36,0,CPU-Node-47,99,449
2026-01-03 09:16:00,GPU,Low,77,3,12,user,41,1,GPU-Node-13,100,394
2026-01-03 09:18:00,CPU,High,77,8,22,user,29,0,CPU-Node-4,100,552
2026-01-03 09:20:00,CPU,High,76,10,14,user,24,1,CPU-Node-37,100,412
2026-01-03 09:22:00,CPU,Medium,80,6,14,user,40,1,CPU-Node-25,100,426
2026-01-03 09:24:00,CPU,Low,72,10,14,user,30,1,CPU-Node-49,100,422
2026-01-03 09:26:00,CPU,High,69,11,20,admin,31,1,CPU-Node-19,100,486
2026-01-03 09:28:00,GPU,Low,48,1,8,user,28,1,GPU-Node-14,69,243
2026-01-03 09:30:00,GPU,Medium,63,2,12,user,50,1,GPU-Node-50,81,356
2026-01-03 09:32:00,CPU,Low,70,5,15,user,28,1,CPU-Node-42,97,421
2026-01-03 09:34:00,CPU,Medium,67,10,14,admin,35,1,CPU-Node-8,100,420
2026-01-03 09:36:00,CPU,High,87,7,20,admin,32,1,CPU-Node-25,100,532
2026-01-03 09:38:00,CPU,High,64,10,14,user,21,1,CPU-Node-26,93,351
2026-01-03 09:40:00,CPU,High,69,6,10,user,37,1,CPU-Node-13,93,336
2026-01-03 09:42:00,GPU,Low,73,2,10,user,13,1,GPU-Node-5,87,373
2026-01-03 09:44:00,CPU,Medium,82,2,17,user,31,0,CPU-Node-2,100,455
2026-01-03 09:46:00,GPU,Medium,66,3,13,user,34,1,GPU-Node-48,89,367
2026-01-03 09:48:00,GPU,Medium,66,3,10,admin,40,1,GPU-Node-19,98,346
2026-01-03 09:50:00,GPU,High,78,3,18,user,23,0,GPU-Node-12,100,451
2026-01-03 09:52:00,GPU,Medium,86,2,20,user,41,0,GPU-Node-36,100,541
2026-01-03 09:54:00,CPU,High,78,8,14,user,39,1,CPU-Node-29,100,433
2026-01-03 09:56:00,GPU,Low,85,1,15,user,36,1,GPU-Node-41,100,430
2026-01-03 09:58:00,CPU,Low,63,6,17,user,29,0,CPU-Node-16,100,407
2026-01-03 10:00:00,CPU,High,64,5,15,user,44,1,CPU-Node-33,98,417
2026-01-03 10:02:00,CPU,Medium,74,7,14,user,28,1,CPU-Node-26,94,448
2026-01-03 10:04:00,GPU,Low,82,1,12,admin,36,1,GPU-Node-12,97,420
2026-01-03 10:06:00,CPU,High,71,9,16,user,34,0,CPU-Node-18,97,432
2026-01-03 10:08:00,GPU,Low,77,2,13,user,22,1,GPU-Node-22,99,392
2026-01-03 10:10:00,GPU,High,87,0,18,user,38,0,GPU-Node-33,100,486
2026-01-03 10:12:00,CPU,High,81,10,15,user,26,1,CPU-Node-47,100,426
2026-01-03 10:14:00,CPU,Medium,79,6,18,admin,21,0,CPU-Node-29,100,468
2026-01-03 10:16:00,GPU,High,74,1,9,user,47,1,GPU-Node-39,92,339
2026-01-03 10:18:00,CPU,Medium,85,8,18,user,46,0,CPU-Node-44,100,493
2026-01-03 10:20:00,GPU,Medium,88,3,13,user,21,1,GPU-Node-20,100,430
2026-01-03 10:22:00,GPU,High,77,2,13,user,26,1,GPU-Node-25,100,358
2026-01-03 10:24:00,GPU,High,65,3,15,user,33,1,GPU-Node-40,90,414
2026-01-03 10:26:00,CPU,Medium,70,7,11,user,44,1,CPU-Node-45,86,368
2026-01-03 10:28:00,GPU,High,84,1,15,user,39,1,GPU-Node-24,100,425
2026-01-03 10:30:00,CPU,Medium,81,5,10,user,41,1,CPU-Node-14,100,355
2026-01-03 10:32:00,CPU,Medium,90,3,17,admin,27,0,CPU-Node-32,100,500
2026-01-03 10:34:00,CPU,Low,81,7,16,user,9,0,CPU-Node-30,100,483
2026-01-03 10:36:00,CPU,Medium,61,10,9,user,49,1,CPU-Node-6,74,294
2026-01-03 10:38:00,CPU,Low,79,5,19,user,42,0,CPU-Node-19,100,478
2026-01-03 10:40:00,GPU,High,57,1,9,admin,23,1,GPU-Node-23,72,315
2026-01-03 10:42:00,CPU,Medium,80,9,15,user,26,1,CPU-Node-33,100,450
2026-01-03 10:44:00,GPU,Low,68,1,8,user,39,1,GPU-Node-10,79,293
2026-01-03 10:46:00,GPU,Low,66,2,15,user,24,1,GPU-Node-47,88,411
2026-01-03 10:48:00,GPU,High,87,0,16,user,40,0,GPU-Node-15,100,457
2026-01-03 10:50:00,CPU,Low,71,5,13,user,27,1,CPU-Node-50,99,399
2026-01-03 10:52:00,GPU,High,67,2,11,user,30,1,GPU-Node-23,90,322
2026-01-03 10:54:00,GPU,Medium,77,2,13,user,22,1,GPU-Node-13,100,390
2026-01-03 10:56:00,CPU,Low,62,5,10,user,12,1,CPU-Node-3,93,326
2026-01-03 10:58:00,GPU,Medium,90,0,19,user,25,0,GPU-Node-21,100,544
2026-01-03 11:00:00,CPU,Medium,76,5,8,user,14,1,CPU-Node-30,90,318
2026-01-03 11:02:00,CPU,High,72,8,11,user,25,1,CPU-Node-46,92,379
2026-01-03 11:04:00,GPU,Low,72,2,13,user,48,1,GPU-Node-21,100,367
2026-01-03 11:06:00,CPU,Medium,70,8,19,user,32,0,CPU-Node-2,100,501
2026-01-03 11:08:00,GPU,High,60,2,16,user,34,0,GPU-Node-30,94,408
2026-01-03 11:10:00,CPU,High,75,10,11,user,20,1,CPU-Node-26,97,373
2026-01-03 11:12:00,GPU,Medium,63,0,13,user,25,0,GPU-Node-33,78,388
2026-01-03 11:14:00,CPU,Medium,70,9,19,user,30,0,CPU-Node-40,100,443
2026-01-03 11:16:00,CPU,Medium,74,8,12,user,39,1,CPU-Node-7,100,346
2026-01-03 11:18:00,CPU,Medium,71,10,12,user,7,1,CPU-Node-46,93,376
2026-01-03 11:20:00,GPU,High,80,0,15,user,27,0,GPU-Node-47,100,421
2026-01-03 11:22:00,GPU,Medium,65,1,14,admin,26,1,GPU-Node-22,92,390
2026-01-03 11:24:00,GPU,High,65,2,17,user,27,0,GPU-Node-13,100,442
2026-01-03 11:26:00,CPU,High,79,8,16,user,7,0,CPU-Node-35,100,448
2026-01-03 11:28:00,CPU,High,79,10,20,admin,27,1,CPU-Node-21,100,498
2026-01-03 11:30:00,CPU,Low,82,6,13,user,30,1,CPU-Node-19,100,388
2026-01-03 11:32:00,CPU,High,79,8,17,user,40,0,CPU-Node-17,100,461
2026-01-03 11:34:00,CPU,Low,82,6,16,user,42,0,CPU-Node-32,100,488
2026-01-03 11:36:00,CPU,Medium,79,6,19,user,26,0,CPU-Node-2,100,505
2026-01-03 11:38:00,GPU,Low,74,1,16,user,37,0,GPU-Node-42,100,440
2026-01-03 11:40:00,CPU,Medium,75,5,15,admin,29,1,CPU-Node-30,100,415
2026-01-03 11:42:00,CPU,Medium,75,2,17,user,6,0,CPU-Node-15,99,487
2026-01-03 11:44:00,GPU,High,100,2,17,user,19,0,GPU-Node-40,100,521
2026-01-03 11:46:00,CPU,High,69,5,12,user,53,1,CPU-Node-26,98,368
2026-01-03 11:48:00,CPU,Medium,55,12,5,user,25,1,CPU-Node-40,62,243
2026-01-03 11:50:00,GPU,Low,66,0,10,admin,31,0,GPU-Node-44,87,320
2026-01-03 11:52:00,CPU,High,77,5,18,user,29,0,CPU-Node-35,100,473
2026-01-03 11:54:00,CPU,Low,85,10,21,user,42,0,CPU-Node-39,100,485
2026-01-03 11:56:00,CPU,High,88,4,10,user,42,1,CPU-Node-3,100,364
2026-01-03 11:58:00,CPU,Medium,61,7,16,user,27,0,CPU-Node-22,82,412
2026-01-03 12:00:00,CPU,Low,73,5,13,user,27,1,CPU-Node-26,97,432
2026-01-03 12:02:00,CPU,Low,79,7,15,user,27,1,CPU-Node-32,100,413
2026-01-03 12:04:00,GPU,Low,77,2,18,user,23,0,GPU-Node-47,100,491
2026-01-03 12:06:00,CPU,Medium,65,3,12,user,40,1,CPU-Node-27,96,362
2026-01-03 12:08:00,GPU,High,67,1,15,user,24,1,GPU-Node-7,94,410
2026-01-03 12:10:00,GPU,Medium,61,1,10,user,13,1,GPU-Node-46,92,322
2026-01-03 12:12:00,CPU,Medium,55,10,9,user,29,1,CPU-Node-5,75,304
2026-01-03 12:14:00,CPU,Medium,65,4,15,user,36,1,CPU-Node-24,95,363
2026-01-03 12:16:00,CPU,Low,71,7,8,user,43,1,CPU-Node-36,88,309
2026-01-03 12:18:00,GPU,High,83,1,18,user,22,0,GPU-Node-39,100,493
2026-01-03 12:20:00,CPU,Medium,77,11,13,admin,42,1,CPU-Node-35,100,390
2026-01-03 12:22:00,CPU,Medium,72,8,21,user,47,0,CPU-Node-12,100,514
2026-01-03 12:24:00,GPU,Medium,68,3,16,user,36,0,GPU-Node-2,98,427
2026-01-03 12:26:00,CPU,Low,69,6,9,user,32,1,CPU-Node-2,77,298
2026-01-03 12:28:00,CPU,Medium,96,5,17,user,33,0,CPU-Node-31,100,511
2026-01-03 12:30:00,CPU,Medium,74,6,13,user,37,1,CPU-Node-28,99,408
2026-01-03 12:32:00,CPU,Medium,73,8,13,user,22,1,CPU-Node-15,100,397
2026-01-03 12:34:00,GPU,Medium,86,0,12,user,34,0,GPU-Node-41,100,412
2026-01-03 12:36:00,GPU,Low,77,2,9,user,5,1,GPU-Node-26,93,339
2026-01-03 12:38:00,GPU,Medium,79,1,18,user,40,0,GPU-Node-41,100,497
2026-01-03 12:40:00,GPU,High,78,1,19,admin,31,1,GPU-Node-17,100,510
2026-01-03 12:42:00,CPU,Low,74,8,13,user,24,1,CPU-Node-14,98,410
2026-01-03 12:44:00,CPU,High,68,11,15,user,40,1,CPU-Node-2,100,407
2026-01-03 12:46:00,GPU,Medium,71,2,12,user,18,1,GPU-Node-22,89,364
2026-01-03 12:48:00,CPU,Low,70,3,11,user,22,1,CPU-Node-1,91,370
2026-01-03 12:50:00,CPU,Medium,58,7,10,user,25,1,CPU-Node-9,75,326
2026-01-03 12:52:00,CPU,Medium,56,8,10,admin,9,1,CPU-Node-47,72,343
2026-01-03 12:54:00,CPU,High,65,7,18,admin,17,1,CPU-Node-49,98,468
2026-01-03 12:56:00,CPU,Low,65,10,12,user,5,1,CPU-Node-41,100,377
2026-01-03 12:58:00,CPU,Low,65,7,13,admin,23,1,CPU-Node-31,90,357
2026-01-03 13:00:00,CPU,High,77,5,11,admin,19,1,CPU-Node-41,100,368
2026-01-03 13:02:00,CPU,Medium,67,6,12,user,22,1,CPU-Node-27,91,372
2026-01-03 13:04:00,GPU,High,85,2,16,admin,34,1,GPU-Node-12,100,471
2026-01-03 13:06:00,GPU,Medium,79,2,14,user,33,1,GPU-Node-18,100,393
2026-01-03 13:08:00,GPU,Low,74,3,14,user,19,1,GPU-Node-36,100,396
2026-01-03 13:10:00,GPU,High,96,1,15,user,28,0,GPU-Node-49,100,474
2026-01-03 13:12:00,GPU,High,69,2,11,user,17,1,GPU-Node-43,90,350
2026-01-03 13:14:00,GPU,High,56,2,18,user,25,0,GPU-Node-21,100,450
2026-01-03 13:16:00,CPU,Low,73,14,18,user,34,0,CPU-Node-16,100,477
2026-01-03 13:18:00,CPU,High,86,11,23,user,50,0,CPU-Node-44,100,581
2026-01-03 13:20:00,GPU,High,69,2,14,user,21,1,GPU-Node-41,96,429
2026-01-03 13:22:00,CPU,Low,70,5,12,user,5,1,CPU-Node-50,90,365
2026-01-03 13:24:00,CPU,Low,78,12,19,user,11,0,CPU-Node-7,100,483
2026-01-03 13:26:00,CPU,Medium,80,6,15,user,10,1,CPU-Node-5,100,436
2026-01-03 13:28:00,GPU,Medium,73,2,14,user,21,1,GPU-Node-8,100,393
2026-01-03 13:30:00,CPU,Medium,79,1,15,user,39,1,CPU-Node-27,100,407
2026-01-03 13:32:00,CPU,Low,77,8,11,user,30,1,CPU-Node-21,99,365
2026-01-03 13:34:00,GPU,High,87,2,19,user,38,0,GPU-Node-8,100,488
2026-01-03 13:36:00,GPU,Low,67,3,9,user,17,1,GPU-Node-50,79,294
2026-01-03 13:38:00,CPU,Medium,67,3,12,user,14,1,CPU-Node-39,96,369
2026-01-03 13:40:00,GPU,High,93,1,23,admin,30,1,GPU-Node-7,100,616
2026-01-03 13:42:00,CPU,High,82,5,13,user,33,1,CPU-Node-47,100,375
2026-01-03 13:44:00,CPU,High,85,11,15,user,49,1,CPU-Node-39,100,482
2026-01-03 13:46:00,CPU,Low,71,8,14,user,29,1,CPU-Node-1,93,402
2026-01-03 13:48:00,GPU,High,82,3,11,user,34,1,GPU-Node-24,100,376
2026-01-03 13:50:00,CPU,Medium,51,8,9,admin,31,1,CPU-Node-30,68,307
2026-01-03 13:52:00,GPU,High,92,1,16,user,38,0,GPU-Node-13,100,461
2026-01-03 13:54:00,GPU,Medium,72,1,12,user,14,1,GPU-Node-40,92,348
2026-01-03 13:56:00,CPU,Medium,88,9,17,user,6,0,CPU-Node-34,100,476
2026-01-03 13:58:00,GPU,Medium,50,3,10,user,36,1,GPU-Node-24,77,299
2026-01-03 14:00:00,GPU,Medium,84,1,14,user,32,1,GPU-Node-3,100,385
2026-01-03 14:02:00,CPU,Medium,94,4,24,user,12,0,CPU-Node-12,100,591
2026-01-03 14:04:00,CPU,High,72,5,16,user,23,0,CPU-Node-16,100,404
2026-01-03 14:06:00,CPU,Low,89,4,16,user,25,0,CPU-Node-21,100,461
2026-01-03 14:08:00,CPU,Medium,79,2,17,user,25,0,CPU-Node-40,100,450
2026-01-03 14:10:00,CPU,Low,78,14,13,user,40,1,CPU-Node-5,100,432
2026-01-03 14:12:00,CPU,Medium,83,3,12,user,40,1,CPU-Node-48,100,430
2026-01-03 14:14:00,CPU,Medium,67,7,16,user,23,0,CPU-Node-33,99,477
2026-01-03 14:16:00,CPU,Medium,66,9,15,admin,17,1,CPU-Node-27,96,388
2026-01-03 14:18:00,CPU,Low,74,7,4,user,49,1,CPU-Node-50,76,272
2026-01-03 14:20:00,CPU,Low,93,3,19,user,31,0,CPU-Node-48,100,484
2026-01-03 14:22:00,CPU,Medium,85,7,15,user,28,1,CPU-Node-30,100,438
2026-01-03 14:24:00,GPU,Medium,71,1,12,user,27,1,GPU-Node-32,100,396
2026-01-03 14:26:00,CPU,Medium,69,8,12,admin,28,1,CPU-Node-1,94,366
2026-01-03 14:28:00,CPU,High,65,10,14,user,19,1,CPU-Node-26,89,399
2026-01-03 14:30:00,CPU,High,100,4,19,user,28,0,CPU-Node-31,100,546
2026-01-03 14:32:00,GPU,High,67,2,14,user,31,1,GPU-Node-10,93,420
2026-01-03 14:34:00,CPU,Medium,76,1,23,user,18,0,CPU-Node-21,100,536
2026-01-03 14:36:00,GPU,Medium,66,1,11,user,34,1,GPU-Node-27,95,297
2026-01-03 14:38:00,CPU,High,89,14,16,user,23,0,CPU-Node-7,100,453
2026-01-03 14:40:00,GPU,Low,71,1,12,user,52,1,GPU-Node-31,88,372
2026-01-03 14:42:00,GPU,Medium,71,1,15,user,39,1,GPU-Node-24,100,406
2026-01-03 14:44:00,CPU,Medium,85,13,15,user,40,1,CPU-Node-44,100,432
2026-01-03 14:46:00,CPU,Medium,72,12,15,user,26,1,CPU-Node-36,100,404
2026-01-03 14:48:00,CPU,Low,72,6,17,user,18,0,CPU-Node-15,100,422
2026-01-03 14:50:00,GPU,High,84,3,25,admin,27,1,GPU-Node-46,100,586
2026-01-03 14:52:00,CPU,Low,68,3,16,user,46,0,CPU-Node-24,99,407
2026-01-03 14:54:00,GPU,Medium,66,3,14,user,20,1,GPU-Node-19,90,400
2026-01-03 14:56:00,CPU,Medium,75,8,12,user,32,1,CPU-Node-24,100,363
2026-01-03 14:58:00,GPU,Medium,59,0,13,admin,19,0,GPU-Node-43,84,350
2026-01-03 15:00:00,CPU,Low,67,9,8,admin,28,1,CPU-Node-36,78,315
2026-01-03 15:02:00,CPU,High,81,12,13,user,24,1,CPU-Node-22,100,406
2026-01-03 15:04:00,GPU,High,70,1,10,user,44,1,GPU-Node-38,93,350
2026-01-03 15:06:00,CPU,Medium,62,1,16,admin,25,0,CPU-Node-31,93,416
2026-01-03 15:08:00,GPU,High,78,0,13,user,30,0,GPU-Node-46,100,429
2026-01-03 15:10:00,CPU,Medium,78,6,12,user,34,1,CPU-Node-27,100,441
2026-01-03 15:12:00,CPU,Low,86,4,13,user,46,1,CPU-Node-24,100,470
2026-01-03 15:14:00,GPU,Low,64,0,7,user,34,0,GPU-Node-31,82,288
2026-01-03 15:16:00,CPU,High,86,7,14,user,36,1,CPU-Node-35,100,428
2026-01-03 15:18:00,CPU,Low,74,7,16,user,30,0,CPU-Node-40,95,416
2026-01-03 15:20:00,CPU,High,77,10,13,user,37,1,CPU-Node-47,100,405
2026-01-03 15:22:00,CPU,Low,77,9,12,admin,22,1,CPU-Node-38,92,404
2026-01-03 15:24:00,GPU,Medium,60,2,22,user,17,0,GPU-Node-6,100,483
2026-01-03 15:26:00,CPU,Medium,88,7,18,user,38,0,CPU-Node-5,100,474
2026-01-03 15:28:00,CPU,Low,78,10,14,admin,29,1,CPU-Node-8,100,430
2026-01-03 15:30:00,CPU,Medium,60,11,12,user,26,1,CPU-Node-50,82,329
2026-01-03 15:32:00,GPU,Low,86,1,22,user,37,0,GPU-Node-28,100,559
2026-01-03 15:34:00,CPU,Medium,88,5,19,user,30,0,CPU-Node-49,100,492
2026-01-03 15:36:00,CPU,Medium,84,3,18,user,5,0,CPU-Node-28,100,526
2026-01-03 15:38:00,CPU,High,75,11,18,user,38,0,CPU-Node-19,100,478
2026-01-03 15:40:00,CPU,Low,80,6,11,user,29,1,CPU-Node-27,100,396
2026-01-03 15:42:00,CPU,Low,70,10,17,user,39,0,CPU-Node-28,100,452
2026-01-03 15:44:00,GPU,High,84,1,14,user,46,1,GPU-Node-22,100,425
2026-01-03 15:46:00,CPU,Low,68,7,7,user,22,1,CPU-Node-8,78,295
2026-01-03 15:48:00,GPU,Medium,72,2,16,user,34,0,GPU-Node-15,100,404
2026-01-03 15:50:00,GPU,High,81,2,17,user,27,0,GPU-Node-39,100,476
2026-01-03 15:52:00,CPU,Low,73,4,14,user,26,1,CPU-Node-44,95,397
2026-01-03 15:54:00,GPU,Medium,71,0,17,admin,23,0,GPU-Node-3,100,421
2026-01-03 15:56:00,CPU,Medium,77,8,22,user,30,0,CPU-Node-22,100,486
2026-01-03 15:58:00,CPU,Medium,71,10,11,user,26,1,CPU-Node-14,100,293
2026-01-03 16:00:00,GPU,Low,77,3,13,user,26,1,GPU-Node-27,100,405
2026-01-03 16:02:00,CPU,Medium,64,12,15,user,36,1,CPU-Node-21,94,382
2026-01-03 16:04:00,CPU,High,86,2,16,admin,27,1,CPU-Node-20,100,440
2026-01-03 16:06:00,CPU,Medium,87,7,12,user,18,1,CPU-Node-23,100,425
2026-01-03 16:08:00,CPU,Low,68,8,9,user,18,1,CPU-Node-34,94,324
2026-01-03 16:10:00,GPU,Medium,74,3,10,user,28,1,GPU-Node-35,92,352
2026-01-03 16:12:00,CPU,Medium,56,5,11,user,33,1,CPU-Node-34,71,336
2026-01-03 16:14:00,GPU,Medium,76,1,17,admin,17,0,GPU-Node-5,100,447
2026-01-03 16:16:00,CPU,Medium,84,6,20,user,26,0,CPU-Node-1,100,539
2026-01-03 16:18:00,CPU,High,87,4,18,user,37,0,CPU-Node-29,100,478
2026-01-03 16:20:00,GPU,Low,73,1,15,admin,31,1,GPU-Node-25,100,422
2026-01-03 16:22:00,GPU,Low,75,0,16,user,16,0,GPU-Node-9,100,454
2026-01-03 16:24:00,CPU,Medium,81,9,13,user,17,1,CPU-Node-8,100,407
2026-01-03 16:26:00,GPU,Medium,61,2,8,user,22,1,GPU-Node-28,68,285
2026-01-03 16:28:00,CPU,Low,90,5,14,user,16,1,CPU-Node-49,100,425
2026-01-03 16:30:00,CPU,Medium,62,6,21,user,36,0,CPU-Node-3,99,493
2026-01-03 16:32:00,CPU,Medium,56,8,13,admin,23,1,CPU-Node-34,87,408
2026-01-03 16:34:00,CPU,High,80,6,13,user,34,1,CPU-Node-46,100,401
2026-01-03 16:36:00,CPU,High,59,14,6,user,37,1,CPU-Node-14,70,243
2026-01-03 16:38:00,CPU,Low,64,9,14,user,57,1,CPU-Node-14,87,329
2026-01-03 16:40:00,GPU,Medium,60,1,11,user,31,1,GPU-Node-28,81,347
2026-01-03 16:42:00,CPU,Medium,73,9,8,user,12,1,CPU-Node-28,83,353
2026-01-03 16:44:00,GPU,Medium,65,2,20,user,33,0,GPU-Node-17,100,511
2026-01-03 16:46:00,CPU,Low,59,13,11,admin,27,1,CPU-Node-49,81,358
2026-01-03 16:48:00,GPU,Low,70,2,13,user,27,1,GPU-Node-2,99,383
2026-01-03 16:50:00,GPU,Low,70,1,12,user,23,1,GPU-Node-2,94,398
2026-01-03 16:52:00,CPU,Medium,100,11,25,user,19,0,CPU-Node-49,100,639
2026-01-03 16:54:00,CPU,High,65,7,13,user,38,1,CPU-Node-34,93,381
2026-01-03 16:56:00,CPU,Low,73,7,13,user,26,1,CPU-Node-21,97,382
2026-01-03 16:58:00,CPU,Low,70,11,12,user,53,1,CPU-Node-27,97,396
2026-01-03 17:00:00,CPU,Medium,91,4,16,user,32,0,CPU-Node-45,100,451
2026-01-03 17:02:00,GPU,Medium,64,2,15,user,43,1,GPU-Node-16,90,427
2026-01-03 17:04:00,GPU,Medium,76,2,18,user,37,0,GPU-Node-25,100,446
2026-01-03 17:06:00,GPU,Medium,79,1,14,user,18,1,GPU-Node-49,100,431
2026-01-03 17:08:00,GPU,Medium,64,1,11,user,32,1,GPU-Node-48,90,359
2026-01-03 17:10:00,GPU,High,74,1,15,user,35,1,GPU-Node-14,100,408
2026-01-03 17:12:00,CPU,Medium,87,13,23,user,50,0,CPU-Node-10,100,577
2026-01-03 17:14:00,CPU,High,79,10,15,user,15,1,CPU-Node-9,100,428
2026-01-03 17:16:00,CPU,Medium,80,5,16,user,41,0,CPU-Node-7,100,448
2026-01-03 17:18:00,CPU,Medium,51,8,12,user,17,1,CPU-Node-46,75,323
2026-01-03 17:20:00,GPU,Low,88,2,21,user,31,0,GPU-Node-29,100,551
2026-01-03 17:22:00,CPU,Low,81,9,17,user,32,0,CPU-Node-49,100,467
2026-01-03 17:24:00,CPU,Medium,66,8,15,user,30,1,CPU-Node-14,92,377
2026-01-03 17:26:00,CPU,Low,72,12,16,user,34,0,CPU-Node-25,100,403
2026-01-03 17:28:00,GPU,High,85,1,14,user,34,1,GPU-Node-38,100,416
2026-01-03 17:30:00,CPU,Medium,68,1,13,admin,33,1,CPU-Node-8,92,379
2026-01-03 17:32:00,GPU,Low,91,3,17,user,33,0,GPU-Node-4,100,477
2026-01-03 17:34:00,CPU,Low,83,1,14,user,42,1,CPU-Node-36,100,405
2026-01-03 17:36:00,GPU,Low,71,1,16,user,35,0,GPU-Node-12,100,445
2026-01-03 17:38:00,CPU,High,75,1,19,user,35,0,CPU-Node-49,100,471
2026-01-03 17:40:00,CPU,Low,63,4,15,user,28,1,CPU-Node-27,92,375
2026-01-03 17:42:00,GPU,Medium,72,1,16,user,35,0,GPU-Node-39,97,441
2026-01-03 17:44:00,GPU,Medium,75,1,18,user,13,0,GPU-Node-7,100,510
2026-01-03 17:46:00,CPU,Low,69,9,9,user,25,1,CPU-Node-9,90,301
2026-01-03 17:48:00,GPU,Low,77,2,22,user,43,0,GPU-Node-50,100,521
2026-01-03 17:50:00,CPU,Medium,70,11,15,user,39,1,CPU-Node-14,96,404
2026-01-03 17:52:00,GPU,High,93,1,11,user,18,0,GPU-Node-16,100,396
2026-01-03 17:54:00,CPU,Medium,74,3,16,user,41,0,CPU-Node-36,100,417
2026-01-03 17:56:00,GPU,High,63,3,9,user,31,1,GPU-Node-27,88,334
2026-01-03 17:58:00,CPU,Medium,69,15,13,user,30,1,CPU-Node-48,98,379
2026-01-03 18:00:00,CPU,Medium,83,8,17,user,27,0,CPU-Node-26,100,459
2026-01-03 18:02:00,GPU,Medium,97,3,19,user,34,0,GPU-Node-11,100,534
2026-01-03 18:04:00,CPU,Low,83,5,14,user,53,1,CPU-Node-22,99,415
2026-01-03 18:06:00,CPU,Medium,69,5,18,user,38,0,CPU-Node-1,100,449
2026-01-03 18:08:00,GPU,High,70,1,15,user,36,1,GPU-Node-6,95,410
2026-01-03 18:10:00,CPU,Medium,85,8,18,user,21,0,CPU-Node-14,100,513
2026-01-03 18:12:00,CPU,Low,64,9,14,user,42,1,CPU-Node-48,86,356
2026-01-03 18:14:00,GPU,Medium,65,2,16,user,15,0,GPU-Node-20,89,437
2026-01-03 18:16:00,CPU,Low,79,7,18,user,16,0,CPU-Node-15,100,500
2026-01-03 18:18:00,GPU,High,73,3,14,user,23,1,GPU-Node-29,99,400
2026-01-03 18:20:00,GPU,High,73,1,17,user,25,0,GPU-Node-39,100,416
2026-01-03 18:22:00,GPU,Medium,90,0,22,admin,11,0,GPU-Node-2,100,575
2026-01-03 18:24:00,GPU,High,64,1,16,user,30,0,GPU-Node-42,93,384
2026-01-03 18:26:00,CPU,High,54,12,10,user,40,1,CPU-Node-44,68,289
2026-01-03 18:28:00,GPU,Medium,88,1,18,user,32,0,GPU-Node-41,100,507
2026-01-03 18:30:00,CPU,Medium,64,9,14,admin,30,1,CPU-Node-14,96,410
2026-01-03 18:32:00,GPU,Low,79,1,18,user,50,0,GPU-Node-33,100,505
2026-01-03 18:34:00,CPU,Low,76,5,14,admin,14,1,CPU-Node-48,100,433
2026-01-03 18:36:00,GPU,High,78,2,19,user,34,0,GPU-Node-1,100,458
2026-01-03 18:38:00,GPU,Low,83,1,16,user,23,0,GPU-Node-9,100,436
2026-01-03 18:40:00,CPU,High,70,7,15,user,41,1,CPU-Node-27,97,439
2026-01-03 18:42:00,CPU,Low,69,10,10,user,36,1,CPU-Node-21,92,361
2026-01-03 18:44:00,GPU,Low,72,1,10,admin,36,1,GPU-Node-6,94,368
2026-01-03 18:46:00,CPU,Medium,80,8,22,admin,42,0,CPU-Node-43,100,538
2026-01-03 18:48:00,GPU,Low,57,2,11,admin,28,1,GPU-Node-12,89,329
2026-01-03 18:50:00,GPU,High,87,1,23,user,19,0,GPU-Node-12,100,521
2026-01-03 18:52:00,CPU,High,75,8,13,user,20,1,CPU-Node-48,97,349
2026-01-03 18:54:00,CPU,High,73,1,9,user,18,1,CPU-Node-18,92,316
2026-01-03 18:56:00,CPU,High,64,5,15,user,27,1,CPU-Node-31,99,417
2026-01-03 18:58:00,GPU,Low,92,1,15,user,35,0,GPU-Node-5,100,436
2026-01-03 19:00:00,CPU,Medium,36,7,12,user,47,1,CPU-Node-15,59,260
2026-01-03 19:02:00,CPU,Low,56,7,11,user,35,1,CPU-Node-46,75,312
2026-01-03 19:04:00,CPU,Medium,44,7,13,user,33,1,CPU-Node-2,67,310
2026-01-03 19:06:00,GPU,Medium,20,3,3,user,13,1,GPU-Node-20,31,131
2026-01-03 19:08:00,CPU,High,43,9,11,user,25,1,CPU-Node-16,69,324
2026-01-03 19:10:00,GPU,Low,26,1,5,user,26,1,GPU-Node-2,39,202
2026-01-03 19:12:00,CPU,Medium,20,8,0,user,42,1,CPU-Node-45,23,84
2026-01-03 19:14:00,GPU,Medium,31,0,8,admin,16,0,GPU-Node-31,42,238
2026-01-03 19:16:00,GPU,Medium,34,0,13,user,23,0,GPU-Node-46,53,268
2026-01-03 19:18:00,GPU,Medium,40,0,5,user,28,0,GPU-Node-38,47,208
2026-01-03 19:20:00,GPU,High,46,1,7,user,35,1,GPU-Node-35,52,251
2026-01-03 19:22:00,GPU,High,56,3,8,user,38,1,GPU-Node-41,70,322
2026-01-03 19:24:00,CPU,Medium,35,8,13,user,40,1,CPU-Node-14,61,306
2026-01-03 19:26:00,CPU,Low,36,7,4,user,20,1,CPU-Node-21,46,153
2026-01-03 19:28:00,GPU,Medium,50,2,10,user,24,1,GPU-Node-41,68,340
2026-01-03 19:30:00,CPU,High,50,11,12,user,42,1,CPU-Node-17,76,327
2026-01-03 19:32:00,GPU,Low,42,2,11,admin,40,1,GPU-Node-44,66,310
2026-01-03 19:34:00,CPU,High,32,6,7,user,26,1,CPU-Node-34,51,231
2026-01-03 19:36:00,GPU,High,42,2,7,user,19,1,GPU-Node-11,59,252
2026-01-03 19:38:00,CPU,High,26,1,5,admin,23,1,CPU-Node-34,33,175
2026-01-03 19:40:00,CPU,Low,37,4,10,user,32,1,CPU-Node-32,60,282
2026-01-03 19:42:00,CPU,High,42,8,6,user,24,1,CPU-Node-4,48,239
2026-01-03 19:44:00,CPU,Medium,38,12,10,user,39,1,CPU-Node-35,50,290
2026-01-03 19:46:00,CPU,High,40,11,4,user,24,1,CPU-Node-19,41,195
2026-01-03 19:48:00,GPU,Low,43,1,4,user,29,1,GPU-Node-43,57,185
2026-01-03 19:50:00,GPU,Low,47,2,10,user,34,1,GPU-Node-25,54,274
2026-01-03 19:52:00,GPU,Low,15,0,9,user,49,0,GPU-Node-43,20,229
2026-01-03 19:54:00,CPU,High,41,7,11,user,32,1,CPU-Node-2,68,297
2026-01-03 19:56:00,GPU,Low,41,1,8,user,31,1,GPU-Node-39,64,260
2026-01-03 19:58:00,GPU,High,43,1,9,user,48,1,GPU-Node-13,52,280
2026-01-03 20:00:00,GPU,Medium,39,2,12,user,31,1,GPU-Node-17,65,305
2026-01-03 20:02:00,GPU,Medium,51,3,10,user,14,1,GPU-Node-31,70,316
2026-01-03 20:04:00,GPU,Medium,23,3,1,admin,34,1,GPU-Node-31,20,109
2026-01-03 20:06:00,GPU,Medium,60,4,11,user,47,1,GPU-Node-16,75,372
2026-01-03 20:08:00,GPU,High,21,1,0,user,19,1,GPU-Node-6,26,106
2026-01-03 20:10:00,GPU,Low,39,1,10,admin,32,1,GPU-Node-28,64,269
2026-01-03 20:12:00,CPU,High,38,3,9,user,24,1,CPU-Node-29,59,249
2026-01-03 20:14:00,GPU,Medium,28,1,0,admin,24,1,GPU-Node-32,27,140
2026-01-03 20:16:00,GPU,Low,33,0,4,user,30,0,GPU-Node-15,45,213
2026-01-03 20:18:00,CPU,Medium,22,12,6,user,26,1,CPU-Node-14,45,157
2026-01-03 20:20:00,GPU,Medium,33,1,7,user,44,1,GPU-Node-26,45,239
2026-01-03 20:22:00,CPU,High,43,2,6,user,32,1,CPU-Node-44,59,190
2026-01-03 20:24:00,CPU,Medium,39,9,4,user,26,1,CPU-Node-38,56,166
2026-01-03 20:26:00,GPU,Medium,38,1,11,user,34,1,GPU-Node-45,67,260
2026-01-03 20:28:00,GPU,Medium,37,1,5,admin,30,1,GPU-Node-1,40,206
2026-01-03 20:30:00,CPU,High,25,5,5,user,32,1,CPU-Node-11,38,172
2026-01-03 20:32:00,CPU,Low,27,13,0,user,45,1,CPU-Node-18,31,119
2026-01-03 20:34:00,CPU,Low,32,5,7,user,33,1,CPU-Node-47,48,215
2026-01-03 20:36:00,CPU,Medium,34,13,7,user,27,1,CPU-Node-31,51,228
2026-01-03 20:38:00,GPU,Low,48,1,5,user,37,1,GPU-Node-8,55,217
2026-01-03 20:40:00,CPU,High,43,8,9,user,17,1,CPU-Node-40,53,304
2026-01-03 20:42:00,CPU,High,41,7,6,user,33,1,CPU-Node-10,55,226
2026-01-03 20:44:00,CPU,Low,42,8,12,user,44,1,CPU-Node-23,65,294
2026-01-03 20:46:00,CPU,Low,38,7,4,user,26,1,CPU-Node-15,51,170
2026-01-03 20:48:00,CPU,Medium,35,3,9,user,29,1,CPU-Node-37,48,267
2026-01-03 20:50:00,CPU,Medium,29,6,4,user,11,1,CPU-Node-17,41,146
2026-01-03 20:52:00,GPU,Medium,22,2,3,user,25,1,GPU-Node-4,24,144
2026-01-03 20:54:00,GPU,Low,62,2,15,admin,54,1,GPU-Node-43,85,412
2026-01-03 20:56:00,CPU,High,37,10,8,user,24,1,CPU-Node-49,55,224
2026-01-03 20:58:00,CPU,High,33,1,3,user,45,1,CPU-Node-22,34,157
2026-01-03 21:00:00,CPU,Low,23,8,6,admin,42,1,CPU-Node-18,36,185
2026-01-03 21:02:00,CPU,High,24,4,0,user,24,1,CPU-Node-26,19,96
2026-01-03 21:04:00,GPU,Low,30,2,9,user,36,1,GPU-Node-23,44,276
2026-01-03 21:06:00,CPU,Medium,32,4,5,user,35,1,CPU-Node-26,40,165
2026-01-03 21:08:00,GPU,Medium,38,1,4,user,26,1,GPU-Node-46,44,204
2026-01-03 21:10:00,GPU,Low,37,1,1,user,29,1,GPU-Node-33,40,159
2026-01-03 21:12:00,CPU,High,39,11,8,user,37,1,CPU-Node-3,56,272
2026-01-03 21:14:00,CPU,High,34,6,4,user,39,1,CPU-Node-24,44,168
2026-01-03 21:16:00,CPU,High,21,9,5,admin,24,1,CPU-Node-31,34,140
2026-01-03 21:18:00,GPU,Medium,43,1,6,user,32,1,GPU-Node-8,49,266
2026-01-03 21:20:00,GPU,Medium,38,0,7,user,49,0,GPU-Node-47,45,244
2026-01-03 21:22:00,GPU,Low,35,2,5,user,8,1,GPU-Node-16,45,223
2026-01-03 21:24:00,CPU,Medium,25,8,2,admin,25,1,CPU-Node-27,25,127
2026-01-03 21:26:00,CPU,High,35,4,8,user,29,1,CPU-Node-45,48,258
2026-01-03 21:28:00,CPU,Low,43,5,8,user,20,1,CPU-Node-9,65,213
2026-01-03 21:30:00,CPU,Low,40,8,5,user,21,1,CPU-Node-17,52,222
2026-01-03 21:32:00,CPU,Medium,32,10,9,user,24,1,CPU-Node-44,50,264
2026-01-03 21:34:00,CPU,Medium,25,7,3,user,34,1,CPU-Node-19,29,138
2026-01-03 21:36:00,CPU,Low,40,7,8,user,29,1,CPU-Node-9,48,266
2026-01-03 21:38:00,CPU,Low,34,11,6,user,23,1,CPU-Node-11,50,237
2026-01-03 21:40:00,CPU,High,33,5,12,user,18,1,CPU-Node-26,54,299
2026-01-03 21:42:00,CPU,Low,26,11,4,user,34,1,CPU-Node-28,27,146
2026-01-03 21:44:00,GPU,Low,32,3,4,user,21,1,GPU-Node-48,36,160
2026-01-03 21:46:00,GPU,Medium,31,1,7,admin,13,1,GPU-Node-3,39,230
2026-01-03 21:48:00,CPU,Medium,33,5,5,user,46,1,CPU-Node-36,37,211
2026-01-03 21:50:00,CPU,High,40,4,6,user,17,1,CPU-Node-8,40,221
2026-01-03 21:52:00,CPU,Low,42,12,11,user,24,1,CPU-Node-46,62,267
2026-01-03 21:54:00,GPU,Low,36,3,7,user,12,1,GPU-Node-39,45,212
2026-01-03 21:56:00,CPU,Medium,19,11,5,user,32,1,CPU-Node-25,18,143
2026-01-03 21:58:00,CPU,Low,42,6,10,user,14,1,CPU-Node-50,61,218
2026-01-03 22:00:00,CPU,High,31,7,3,user,42,1,CPU-Node-38,45,140
2026-01-03 22:02:00,CPU,High,32,4,6,user,30,1,CPU-Node-38,44,191
2026-01-03 22:04:00,GPU,Medium,29,3,2,user,25,1,GPU-Node-2,36,133
2026-01-03 22:06:00,CPU,High,31,4,6,user,22,1,CPU-Node-27,35,199
2026-01-03 22:08:00,CPU,Low,62,13,11,user,27,1,CPU-Node-48,87,346
2026-01-03 22:10:00,CPU,High,24,7,4,admin,43,1,CPU-Node-38,39,157
2026-01-03 22:12:00,CPU,High,31,9,1,user,33,1,CPU-Node-9,29,135
2026-01-03 22:14:00,CPU,Low,40,8,8,user,34,1,CPU-Node-23,60,213
2026-01-03 22:16:00,GPU,Low,50,2,8,user,35,1,GPU-Node-18,56,266
2026-01-03 22:18:00,CPU,High,12,4,0,user,40,1,CPU-Node-34,10,83
2026-01-03 22:20:00,CPU,Medium,31,7,5,user,22,1,CPU-Node-26,32,192
2026-01-03 22:22:00,GPU,Medium,49,1,11,user,28,1,GPU-Node-8,66,276
2026-01-03 22:24:00,CPU,Low,31,7,7,user,24,1,CPU-Node-8,41,199
2026-01-03 22:26:00,GPU,High,27,1,3,admin,14,1,GPU-Node-40,36,177
2026-01-03 22:28:00,GPU,High,19,3,3,user,19,1,GPU-Node-28,18,129
2026-01-03 22:30:00,GPU,High,35,2,8,user,35,1,GPU-Node-42,61,223
2026-01-03 22:32:00,CPU,Low,30,4,6,user,19,1,CPU-Node-4,44,220
2026-01-03 22:34:00,GPU,Low,21,1,2,user,19,1,GPU-Node-26,28,116
2026-01-03 22:36:00,GPU,Medium,34,1,8,admin,30,1,GPU-Node-41,47,258
2026-01-03 22:38:00,CPU,High,37,9,9,user,41,1,CPU-Node-46,53,284
2026-01-03 22:40:00,GPU,High,47,1,10,user,30,1,GPU-Node-21,67,292
2026-01-03 22:42:00,GPU,Medium,34,1,1,user,36,1,GPU-Node-21,33,119
2026-01-03 22:44:00,CPU,Medium,12,8,0,user,22,1,CPU-Node-49,10,79
2026-01-03 22:46:00,CPU,Medium,38,10,8,user,30,1,CPU-Node-50,58,231
2026-01-03 22:48:00,GPU,Medium,32,2,4,user,21,1,GPU-Node-38,39,146
2026-01-03 22:50:00,GPU,High,35,0,5,user,29,0,GPU-Node-42,32,191
2026-01-03 22:52:00,CPU,Low,53,3,5,admin,27,1,CPU-Node-23,68,232
2026-01-03 22:54:00,CPU,Medium,43,7,10,user,16,1,CPU-Node-28,55,285
2026-01-03 22:56:00,GPU,High,22,2,7,user,19,1,GPU-Node-46,40,214
2026-01-03 22:58:00,CPU,Low,18,7,0,user,37,1,CPU-Node-17,12,96
2026-01-03 23:00:00,CPU,Medium,33,8,7,user,9,1,CPU-Node-7,44,248
2026-01-03 23:02:00,CPU,Low,30,13,12,user,41,1,CPU-Node-4,50,271
2026-01-03 23:04:00,GPU,High,29,1,11,user,42,1,GPU-Node-39,47,291
2026-01-03 23:06:00,GPU,Medium,28,2,8,user,42,1,GPU-Node-37,56,245
2026-01-03 23:08:00,CPU,Medium,41,8,11,user,18,1,CPU-Node-13,58,317
2026-01-03 23:10:00,CPU,Low,29,6,0,admin,42,1,CPU-Node-3,26,65
2026-01-03 23:12:00,CPU,Medium,10,8,0,user,23,1,CPU-Node-22,8,104
2026-01-03 23:14:00,CPU,High,15,7,5,user,28,1,CPU-Node-34,27,151
2026-01-03 23:16:00,CPU,Medium,35,7,3,user,36,1,CPU-Node-31,42,143
2026-01-03 23:18:00,CPU,High,43,14,3,user,31,1,CPU-Node-10,50,203
2026-01-03 23:20:00,CPU,High,27,7,4,user,34,1,CPU-Node-24,26,178
2026-01-03 23:22:00,GPU,High,24,0,0,user,5,0,GPU-Node-37,17,150
2026-01-03 23:24:00,CPU,Medium,44,7,10,user,26,1,CPU-Node-35,59,293
2026-01-03 23:26:00,CPU,Medium,24,5,6,admin,37,1,CPU-Node-40,44,192
2026-01-03 23:28:00,CPU,Medium,22,5,7,user,36,1,CPU-Node-16,32,199
2026-01-03 23:30:00,CPU,High,20,8,0,user,21,1,CPU-Node-47,20,112
2026-01-03 23:32:00,GPU,Medium,21,3,6,user,53,1,GPU-Node-48,27,180
2026-01-03 23:34:00,GPU,High,31,0,3,user,31,0,GPU-Node-33,38,185
2026-01-03 23:36:00,CPU,Medium,34,4,8,user,26,1,CPU-Node-36,42,221
2026-01-03 23:38:00,CPU,Medium,39,9,12,user,30,1,CPU-Node-38,67,307
2026-01-03 23:40:00,CPU,Medium,44,4,8,admin,27,1,CPU-Node-40,61,275
2026-01-03 23:42:00,CPU,Low,20,10,4,user,29,1,CPU-Node-34,26,174
2026-01-03 23:44:00,CPU,High,51,10,10,user,30,1,CPU-Node-41,72,296
2026-01-03 23:46:00,CPU,Low,19,9,1,admin,27,1,CPU-Node-29,21,155
2026-01-03 23:48:00,GPU,Medium,23,1,4,user,33,1,GPU-Node-44,36,152
2026-01-03 23:50:00,GPU,High,44,1,12,admin,43,1,GPU-Node-35,68,292
2026-01-03 23:52:00,CPU,High,33,6,4,user,39,1,CPU-Node-7,43,185
2026-01-03 23:54:00,CPU,Medium,40,6,8,admin,25,1,CPU-Node-37,54,227
2026-01-03 23:56:00,GPU,Medium,33,2,2,admin,34,1,GPU-Node-22,42,147
2026-01-03 23:58:00,GPU,Low,38,2,6,user,20,1,GPU-Node-31,46,208
2026-01-04 00:00:00,CPU,Medium,36,12,9,user,55,1,CPU-Node-44,46,272
2026-01-04 00:02:00,CPU,Low,48,4,5,user,40,1,CPU-Node-16,56,198
2026-01-04 00:04:00,CPU,Low,32,13,7,admin,34,1,CPU-Node-26,45,236
2026-01-04 00:06:00,GPU,High,34,0,7,user,26,0,GPU-Node-35,54,221
2026-01-04 00:08:00,CPU,Low,51,12,7,user,20,1,CPU-Node-50,68,286
2026-01-04 00:10:00,CPU,Low,10,5,7,user,13,1,CPU-Node-10,34,202
2026-01-04 00:12:00,CPU,Medium,21,5,2,user,33,1,CPU-Node-33,31,117
2026-01-04 00:14:00,CPU,Medium,38,5,6,admin,37,1,CPU-Node-50,50,204
2026-01-04 00:16:00,GPU,Medium,34,1,5,user,34,1,GPU-Node-37,45,169
2026-01-04 00:18:00,CPU,High,55,6,12,user,24,1,CPU-Node-49,81,367
2026-01-04 00:20:00,CPU,Medium,36,9,5,admin,16,1,CPU-Node-26,45,188
2026-01-04 00:22:00,GPU,Low,48,2,12,user,24,1,GPU-Node-27,80,307
2026-01-04 00:24:00,CPU,Medium,36,9,5,user,56,1,CPU-Node-10,41,217
2026-01-04 00:26:00,GPU,High,36,1,6,user,37,1,GPU-Node-40,48,200
2026-01-04 00:28:00,CPU,Medium,25,5,6,admin,51,1,CPU-Node-11,27,175
2026-01-04 00:30:00,GPU,Medium,28,1,5,user,27,1,GPU-Node-27,35,161
2026-01-04 00:32:00,CPU,Medium,29,6,4,user,31,1,CPU-Node-9,43,180
2026-01-04 00:34:00,GPU,Medium,42,2,4,admin,46,1,GPU-Node-20,48,168
2026-01-04 00:36:00,CPU,Low,39,11,8,user,30,1,CPU-Node-44,59,277
2026-01-04 00:38:00,CPU,High,20,6,2,user,34,1,CPU-Node-16,25,109
2026-01-04 00:40:00,CPU,Medium,35,11,9,user,20,1,CPU-Node-40,46,213
2026-01-04 00:42:00,CPU,Medium,25,8,7,user,22,1,CPU-Node-7,48,196
2026-01-04 00:44:00,GPU,High,51,1,9,user,40,1,GPU-Node-28,70,281
2026-01-04 00:46:00,CPU,Medium,29,6,0,admin,26,1,CPU-Node-33,27,85
2026-01-04 00:48:00,CPU,High,25,7,1,admin,46,1,CPU-Node-10,32,101
2026-01-04 00:50:00,CPU,Medium,37,3,9,user,32,1,CPU-Node-31,58,283
2026-01-04 00:52:00,CPU,Low,49,6,14,user,35,1,CPU-Node-6,78,347
2026-01-04 00:54:00,CPU,High,27,6,6,user,20,1,CPU-Node-49,29,192
2026-01-04 00:56:00,GPU,High,35,0,4,user,30,0,GPU-Node-44,47,161
2026-01-04 00:58:00,GPU,Medium,45,3,11,user,27,1,GPU-Node-30,60,262
2026-01-04 01:00:00,GPU,High,29,2,9,user,29,1,GPU-Node-48,45,211
2026-01-04 01:02:00,CPU,Medium,36,4,9,user,24,1,CPU-Node-47,51,283
2026-01-04 01:04:00,CPU,Medium,53,13,5,admin,24,1,CPU-Node-20,68,225
2026-01-04 01:06:00,CPU,Low,39,3,7,user,23,1,CPU-Node-7,62,268
2026-01-04 01:08:00,CPU,Low,25,11,7,user,18,1,CPU-Node-32,42,219
2026-01-04 01:10:00,CPU,High,28,5,7,user,27,1,CPU-Node-23,41,208
2026-01-04 01:12:00,GPU,High,31,0,5,user,16,0,GPU-Node-24,41,167
2026-01-04 01:14:00,CPU,High,37,12,8,user,45,1,CPU-Node-16,48,245
2026-01-04 01:16:00,GPU,Medium,39,2,8,admin,14,1,GPU-Node-35,56,229
2026-01-04 01:18:00,CPU,Medium,43,6,10,admin,35,1,CPU-Node-8,60,306
2026-01-04 01:20:00,GPU,Medium,34,2,11,user,37,1,GPU-Node-1,60,281
2026-01-04 01:22:00,CPU,Low,38,9,8,user,20,1,CPU-Node-34,54,259
2026-01-04 01:24:00,GPU,Medium,44,2,10,user,43,1,GPU-Node-40,56,317
2026-01-04 01:26:00,CPU,Medium,29,10,3,user,26,1,CPU-Node-8,31,168
2026-01-04 01:28:00,GPU,Medium,44,2,8,user,38,1,GPU-Node-47,57,248
2026-01-04 01:30:00,CPU,Medium,35,6,8,user,29,1,CPU-Node-19,46,232
2026-01-04 01:32:00,GPU,Medium,36,1,5,user,34,1,GPU-Node-11,43,214
2026-01-04 01:34:00,CPU,High,47,7,7,user,42,1,CPU-Node-23,64,264
2026-01-04 01:36:00,CPU,Medium,39,8,9,user,45,1,CPU-Node-16,53,273
2026-01-04 01:38:00,GPU,Medium,15,1,2,user,29,1,GPU-Node-35,19,120
2026-01-04 01:40:00,CPU,High,35,10,4,user,37,1,CPU-Node-6,40,175
2026-01-04 01:42:00,GPU,Low,17,1,1,user,32,1,GPU-Node-35,19,86
2026-01-04 01:44:00,CPU,Low,23,7,5,user,49,1,CPU-Node-14,34,139
2026-01-04 01:46:00,GPU,Medium,35,4,10,user,17,1,GPU-Node-20,57,248
2026-01-04 01:48:00,GPU,Low,51,0,12,user,31,0,GPU-Node-35,72,322
2026-01-04 01:50:00,GPU,High,28,1,6,user,40,1,GPU-Node-42,39,204
2026-01-04 01:52:00,CPU,Medium,44,2,11,user,52,1,CPU-Node-19,63,294
2026-01-04 01:54:00,CPU,Medium,27,8,4,user,20,1,CPU-Node-23,35,161
2026-01-04 01:56:00,CPU,Medium,38,6,8,user,40,1,CPU-Node-22,53,225
2026-01-04 01:58:00,GPU,Low,34,2,11,user,29,1,GPU-Node-13,56,289
2026-01-04 02:00:00,CPU,Low,41,10,8,user,19,1,CPU-Node-14,55,232
2026-01-04 02:02:00,CPU,High,24,7,1,user,28,1,CPU-Node-17,29,130
2026-01-04 02:04:00,GPU,Medium,15,1,2,user,37,1,GPU-Node-49,19,101
2026-01-04 02:06:00,CPU,High,32,6,8,user,28,1,CPU-Node-2,41,209
2026-01-04 02:08:00,CPU,Low,23,10,1,user,45,1,CPU-Node-2,23,90
2026-01-04 02:10:00,CPU,Low,33,7,7,admin,25,1,CPU-Node-24,43,211
2026-01-04 02:12:00,GPU,Low,50,2,12,user,17,1,GPU-Node-15,78,298
2026-01-04 02:14:00,CPU,Low,34,10,3,user,34,1,CPU-Node-43,36,148
2026-01-04 02:16:00,CPU,Medium,40,2,5,admin,22,1,CPU-Node-14,46,176
2026-01-04 02:18:00,CPU,Low,11,9,1,user,22,1,CPU-Node-13,11,80
2026-01-04 02:20:00,CPU,Medium,45,8,11,user,40,1,CPU-Node-50,65,317
2026-01-04 02:22:00,CPU,High,15,7,2,user,49,1,CPU-Node-21,16,137
2026-01-04 02:24:00,CPU,High,41,8,10,user,12,1,CPU-Node-46,70,304
2026-01-04 02:26:00,CPU,High,28,7,9,user,33,1,CPU-Node-8,41,244
2026-01-04 02:28:00,GPU,Medium,39,2,9,admin,37,1,GPU-Node-28,57,254
2026-01-04 02:30:00,CPU,High,31,6,4,user,46,1,CPU-Node-30,40,167
2026-01-04 02:32:00,CPU,High,27,6,2,user,23,1,CPU-Node-8,33,142
2026-01-04 02:34:00,GPU,Medium,38,3,12,user,14,1,GPU-Node-2,63,272
2026-01-04 02:36:00,GPU,High,44,0,3,user,26,0,GPU-Node-5,47,194
2026-01-04 02:38:00,CPU,Low,50,3,8,user,28,1,CPU-Node-16,64,229
2026-01-04 02:40:00,GPU,High,31,1,5,user,31,1,GPU-Node-30,39,210
2026-01-04 02:42:00,CPU,Low,48,7,7,user,30,1,CPU-Node-18,69,270
2026-01-04 02:44:00,GPU,Medium,24,1,8,user,5,1,GPU-Node-40,42,240
2026-01-04 02:46:00,GPU,High,56,2,12,user,27,1,GPU-Node-27,82,353
2026-01-04 02:48:00,CPU,Low,31,11,6,user,27,1,CPU-Node-28,42,177
2026-01-04 02:50:00,GPU,High,10,1,1,user,30,1,GPU-Node-37,7,76
2026-01-04 02:52:00,GPU,Medium,41,1,7,user,42,1,GPU-Node-41,57,227
2026-01-04 02:54:00,CPU,Medium,24,8,0,user,38,1,CPU-Node-39,24,74
2026-01-04 02:56:00,GPU,High,18,2,0,user,48,1,GPU-Node-22,15,101
2026-01-04 02:58:00,CPU,Medium,52,4,10,admin,30,1,CPU-Node-23,78,323
2026-01-04 03:00:00,CPU,Low,41,3,9,user,39,1,CPU-Node-40,63,260
2026-01-04 03:02:00,CPU,Low,33,2,9,user,16,1,CPU-Node-4,60,254
2026-01-04 03:04:00,CPU,Medium,26,13,3,user,33,1,CPU-Node-35,31,115
2026-01-04 03:06:00,GPU,Medium,35,3,4,user,44,1,GPU-Node-11,42,196
2026-01-04 03:08:00,CPU,High,34,12,4,user,38,1,CPU-Node-7,43,141
2026-01-04 03:10:00,CPU,Medium,40,9,12,user,38,1,CPU-Node-41,68,320
2026-01-04 03:12:00,CPU,Low,46,4,11,user,36,1,CPU-Node-31,69,307
2026-01-04 03:14:00,CPU,Medium,39,6,9,user,25,1,CPU-Node-43,53,276
2026-01-04 03:16:00,CPU,Medium,25,14,0,user,26,1,CPU-Node-17,16,114
2026-01-04 03:18:00,CPU,Low,55,3,8,user,30,1,CPU-Node-10,66,311
2026-01-04 03:20:00,GPU,Medium,22,1,5,user,18,1,GPU-Node-42,36,144
2026-01-04 03:22:00,CPU,Medium,25,11,4,admin,28,1,CPU-Node-23,36,123
2026-01-04 03:24:00,CPU,Medium,55,10,11,user,23,1,CPU-Node-40,79,302
2026-01-04 03:26:00,GPU,High,39,2,8,user,19,1,GPU-Node-42,49,266
2026-01-04 03:28:00,GPU,Medium,37,2,4,user,34,1,GPU-Node-48,50,192
2026-01-04 03:30:00,GPU,High,24,3,9,user,29,1,GPU-Node-12,44,222
2026-01-04 03:32:00,CPU,High,33,3,5,user,16,1,CPU-Node-7,41,226
2026-01-04 03:34:00,GPU,High,33,1,8,user,26,1,GPU-Node-4,48,218
2026-01-04 03:36:00,GPU,Low,20,3,3,user,16,1,GPU-Node-49,25,113
2026-01-04 03:38:00,CPU,Medium,36,7,2,admin,20,1,CPU-Node-2,44,123
2026-01-04 03:40:00,CPU,Medium,31,7,10,user,36,1,CPU-Node-28,48,254
2026-01-04 03:42:00,CPU,High,43,6,11,user,25,1,CPU-Node-30,59,298
2026-01-04 03:44:00,GPU,Medium,45,2,7,user,43,1,GPU-Node-25,62,255
2026-01-04 03:46:00,CPU,Low,38,7,8,admin,32,1,CPU-Node-15,53,238
2026-01-04 03:48:00,CPU,Medium,36,5,7,admin,33,1,CPU-Node-27,51,228
2026-01-04 03:50:00,GPU,Medium,31,0,11,user,28,0,GPU-Node-23,56,275
2026-01-04 03:52:00,GPU,Medium,28,1,3,user,39,1,GPU-Node-4,33,149
2026-01-04 03:54:00,CPU,Medium,35,8,12,user,36,1,CPU-Node-39,59,298
2026-01-04 03:56:00,GPU,Low,26,2,2,user,34,1,GPU-Node-48,22,122
2026-01-04 03:58:00,CPU,Low,24,10,15,user,12,1,CPU-Node-6,49,340
2026-01-04 04:00:00,GPU,Medium,33,1,7,user,33,1,GPU-Node-47,40,241
2026-01-04 04:02:00,GPU,Medium,51,2,13,user,26,1,GPU-Node-17,80,330
2026-01-04 04:04:00,CPU,Medium,29,7,6,user,21,1,CPU-Node-49,37,251
2026-01-04 04:06:00,GPU,High,21,3,2,user,20,1,GPU-Node-3,23,132
2026-01-04 04:08:00,GPU,Medium,23,3,1,user,29,1,GPU-Node-33,13,131
2026-01-04 04:10:00,CPU,Medium,29,3,5,user,40,1,CPU-Node-25,37,232
2026-01-04 04:12:00,CPU,Low,22,12,2,admin,16,1,CPU-Node-48,25,119
2026-01-04 04:14:00,GPU,High,51,0,11,user,13,0,GPU-Node-9,69,352
2026-01-04 04:16:00,GPU,Low,35,1,7,user,37,1,GPU-Node-30,51,223
2026-01-04 04:18:00,CPU,High,48,6,8,user,29,1,CPU-Node-28,65,229
2026-01-04 04:20:00,CPU,Medium,13,5,4,user,24,1,CPU-Node-26,15,110
2026-01-04 04:22:00,GPU,Low,37,1,4,user,34,1,GPU-Node-19,45,166
2026-01-04 04:24:00,CPU,High,36,7,11,admin,33,1,CPU-Node-29,56,301
2026-01-04 04:26:00,CPU,Medium,41,11,7,user,42,1,CPU-Node-32,58,205
2026-01-04 04:28:00,GPU,Low,38,4,2,admin,23,1,GPU-Node-2,42,168
2026-01-04 04:30:00,CPU,Low,54,9,12,user,40,1,CPU-Node-46,79,336
2026-01-04 04:32:00,CPU,Low,27,10,2,admin,32,1,CPU-Node-49,34,161
2026-01-04 04:34:00,CPU,Medium,43,7,11,user,32,1,CPU-Node-48,62,337
2026-01-04 04:36:00,GPU,High,44,2,1,user,15,1,GPU-Node-8,45,190
2026-01-04 04:38:00,GPU,High,31,0,6,user,46,0,GPU-Node-28,49,194
2026-01-04 04:40:00,CPU,Medium,41,7,6,user,39,1,CPU-Node-21,53,213
2026-01-04 04:42:00,CPU,Low,19,10,1,user,28,1,CPU-Node-31,20,88
2026-01-04 04:44:00,GPU,Medium,22,0,0,user,39,0,GPU-Node-38,21,106
2026-01-04 04:46:00,CPU,High,35,5,4,user,31,1,CPU-Node-17,37,191
2026-01-04 04:48:00,CPU,Low,17,12,4,user,50,1,CPU-Node-35,24,141
2026-01-04 04:50:00,CPU,Low,47,13,7,user,31,1,CPU-Node-49,64,235
2026-01-04 04:52:00,GPU,Medium,29,2,2,user,16,1,GPU-Node-37,37,148
2026-01-04 04:54:00,GPU,High,35,2,5,user,34,1,GPU-Node-20,49,211
2026-01-04 04:56:00,CPU,High,44,4,14,user,16,1,CPU-Node-20,64,319
2026-01-04 04:58:00,CPU,Low,35,6,1,admin,23,1,CPU-Node-42,37,108
2026-01-04 05:00:00,CPU,Medium,32,7,8,user,38,1,CPU-Node-47,52,237
2026-01-04 05:02:00,CPU,Medium,20,9,2,user,26,1,CPU-Node-39,24,138
2026-01-04 05:04:00,CPU,Low,46,4,3,admin,46,1,CPU-Node-1,44,150
2026-01-04 05:06:00,CPU,Medium,32,9,5,user,34,1,CPU-Node-20,35,159
2026-01-04 05:08:00,GPU,Medium,44,0,5,user,32,0,GPU-Node-8,49,243
2026-01-04 05:10:00,GPU,Medium,53,1,8,user,30,1,GPU-Node-26,73,270
2026-01-04 05:12:00,CPU,High,32,10,5,admin,28,1,CPU-Node-6,43,206
2026-01-04 05:14:00,CPU,Medium,26,6,2,admin,22,1,CPU-Node-44,28,105
2026-01-04 05:16:00,GPU,High,23,2,6,user,27,1,GPU-Node-2,39,192
2026-01-04 05:18:00,GPU,Low,22,2,3,user,28,1,GPU-Node-36,27,179
2026-01-04 05:20:00,CPU,Low,32,9,0,user,32,1,CPU-Node-6,29,124
2026-01-04 05:22:00,CPU,Medium,44,5,8,user,30,1,CPU-Node-6,50,255
2026-01-04 05:24:00,CPU,Low,36,9,9,admin,33,1,CPU-Node-35,57,270
2026-01-04 05:26:00,GPU,Medium,44,2,12,user,45,1,GPU-Node-46,76,322
2026-01-04 05:28:00,GPU,Medium,39,1,6,admin,20,1,GPU-Node-42,54,234
2026-01-04 05:30:00,CPU,High,27,4,0,user,40,1,CPU-Node-17,30,62
2026-01-04 05:32:00,CPU,High,29,5,5,user,30,1,CPU-Node-36,35,176
2026-01-04 05:34:00,CPU,Low,35,8,2,user,33,1,CPU-Node-1,35,133
2026-01-04 05:36:00,CPU,Low,39,10,11,user,32,1,CPU-Node-5,57,280
2026-01-04 05:38:00,CPU,Medium,35,9,4,user,39,1,CPU-Node-47,39,179
2026-01-04 05:40:00,CPU,Medium,33,4,7,user,43,1,CPU-Node-16,49,198
2026-01-04 05:42:00,GPU,Medium,49,3,11,admin,33,1,GPU-Node-25,63,341
2026-01-04 05:44:00,GPU,Low,29,3,3,user,24,1,GPU-Node-14,35,128
2026-01-04 05:46:00,GPU,Medium,37,2,8,user,39,1,GPU-Node-15,49,270
2026-01-04 05:48:00,GPU,Medium,20,1,5,user,31,1,GPU-Node-15,35,164
2026-01-04 05:50:00,CPU,High,18,4,6,user,24,1,CPU-Node-44,29,138
2026-01-04 05:52:00,GPU,High,53,1,9,user,15,1,GPU-Node-28,74,306
2026-01-04 05:54:00,CPU,High,39,7,11,user,34,1,CPU-Node-47,57,323
2026-01-04 05:56:00,CPU,Low,10,9,3,user,29,1,CPU-Node-15,8,141
2026-01-04 05:58:00,CPU,High,43,10,8,user,44,1,CPU-Node-10,55,270
2026-01-04 06:00:00,GPU,High,41,1,7,admin,19,1,GPU-Node-22,50,216
2026-01-04 06:02:00,CPU,Medium,43,8,8,user,39,1,CPU-Node-9,53,262
2026-01-04 06:04:00,CPU,Low,34,7,6,user,15,1,CPU-Node-10,46,218
2026-01-04 06:06:00,CPU,High,32,7,9,user,34,1,CPU-Node-19,47,260
2026-01-04 06:08:00,GPU,High,33,1,6,user,14,1,GPU-Node-28,42,205
2026-01-04 06:10:00,CPU,High,41,11,10,user,43,1,CPU-Node-21,61,266
2026-01-04 06:12:00,CPU,Medium,26,6,1,user,25,1,CPU-Node-49,36,55
2026-01-04 06:14:00,GPU,Medium,43,1,8,user,25,1,GPU-Node-22,55,262
2026-01-04 06:16:00,CPU,Medium,37,7,8,user,31,1,CPU-Node-45,56,245
2026-01-04 06:18:00,CPU,Medium,45,3,9,user,16,1,CPU-Node-27,64,296
2026-01-04 06:20:00,CPU,Medium,31,1,11,admin,30,1,CPU-Node-12,48,289
2026-01-04 06:22:00,CPU,Medium,36,4,3,admin,42,1,CPU-Node-41,40,204
2026-01-04 06:24:00,CPU,Medium,37,6,3,user,31,1,CPU-Node-36,35,178
2026-01-04 06:26:00,GPU,High,32,1,6,user,18,1,GPU-Node-1,48,219
2026-01-04 06:28:00,GPU,Low,20,3,2,admin,23,1,GPU-Node-26,27,114
2026-01-04 06:30:00,GPU,High,28,1,0,user,26,1,GPU-Node-19,26,115
2026-01-04 06:32:00,GPU,Medium,38,0,8,user,17,0,GPU-Node-14,51,255
2026-01-04 06:34:00,CPU,High,36,2,7,user,34,1,CPU-Node-32,45,241
2026-01-04 06:36:00,GPU,Low,42,1,6,admin,27,1,GPU-Node-48,62,196
2026-01-04 06:38:00,GPU,High,40,1,10,user,22,1,GPU-Node-6,56,299
2026-01-04 06:40:00,CPU,Low,40,3,6,user,30,1,CPU-Node-42,54,227
2026-01-04 06:42:00,GPU,High,27,2,9,user,33,1,GPU-Node-23,48,240
2026-01-04 06:44:00,CPU,Medium,33,9,8,user,27,1,CPU-Node-37,57,234
2026-01-04 06:46:00,GPU,Medium,41,3,11,user,37,1,GPU-Node-39,60,304
2026-01-04 06:48:00,CPU,High,52,5,9,user,39,1,CPU-Node-23,77,271
2026-01-04 06:50:00,GPU,Medium,20,1,0,user,12,1,GPU-Node-39,22,50
2026-01-04 06:52:00,CPU,Medium,24,2,6,user,13,1,CPU-Node-28,37,181
2026-01-04 06:54:00,CPU,Medium,31,9,5,user,29,1,CPU-Node-17,40,185
2026-01-04 06:56:00,GPU,Low,43,2,6,user,30,1,GPU-Node-9,52,247
2026-01-04 06:58:00,CPU,Low,49,10,14,user,17,1,CPU-Node-13,89,355
2026-01-04 07:00:00,GPU,Low,60,1,12,user,38,1,GPU-Node-37,82,354
2026-01-04 07:02:00,GPU,High,37,1,5,user,33,1,GPU-Node-4,47,203
2026-01-04 07:04:00,CPU,Medium,32,5,5,user,32,1,CPU-Node-27,44,167
2026-01-04 07:06:00,GPU,Medium,38,2,11,user,9,1,GPU-Node-13,63,269
2026-01-04 07:08:00,CPU,High,36,8,4,user,36,1,CPU-Node-44,49,148
2026-01-04 07:10:00,CPU,Medium,33,8,12,user,29,1,CPU-Node-28,63,303
2026-01-04 07:12:00,CPU,High,29,5,5,user,25,1,CPU-Node-45,48,199
2026-01-04 07:14:00,GPU,Low,45,0,6,user,43,0,GPU-Node-26,54,212
2026-01-04 07:16:00,CPU,Low,41,7,5,user,26,1,CPU-Node-4,50,235
2026-01-04 07:18:00,CPU,Low,15,9,4,user,27,1,CPU-Node-12,29,127
2026-01-04 07:20:00,CPU,High,43,9,6,user,8,1,CPU-Node-39,54,223
2026-01-04 07:22:00,CPU,Low,10,7,0,admin,26,1,CPU-Node-19,0,50
2026-01-04 07:24:00,CPU,Medium,28,7,6,user,20,1,CPU-Node-34,49,199
2026-01-04 07:26:00,GPU,Medium,26,1,2,user,28,1,GPU-Node-16,32,139
2026-01-04 07:28:00,CPU,High,21,7,0,user,25,1,CPU-Node-40,21,69
2026-01-04 07:30:00,CPU,Low,20,10,6,user,37,1,CPU-Node-35,39,210
2026-01-04 07:32:00,CPU,Medium,28,9,3,user,16,1,CPU-Node-33,38,150
2026-01-04 07:34:00,GPU,Medium,45,1,6,user,32,1,GPU-Node-50,59,232
2026-01-04 07:36:00,CPU,Low,41,2,9,user,35,1,CPU-Node-29,56,267
2026-01-04 07:38:00,CPU,Low,42,9,11,user,28,1,CPU-Node-1,56,307
2026-01-04 07:40:00,CPU,Medium,31,11,5,user,33,1,CPU-Node-46,34,186
2026-01-04 07:42:00,CPU,Medium,36,8,3,admin,22,1,CPU-Node-46,39,172
2026-01-04 07:44:00,CPU,High,30,8,0,user,30,1,CPU-Node-8,32,100
2026-01-04 07:46:00,GPU,Medium,29,1,6,user,26,1,GPU-Node-17,38,188
2026-01-04 07:48:00,CPU,Low,29,12,5,user,16,1,CPU-Node-30,41,206
2026-01-04 07:50:00,GPU,High,19,0,0,user,33,0,GPU-Node-33,14,94
2026-01-04 07:52:00,GPU,Low,48,1,11,admin,38,1,GPU-Node-33,73,322
2026-01-04 07:54:00,CPU,High,61,10,14,user,50,1,CPU-Node-8,95,393
2026-01-04 07:56:00,GPU,Medium,24,2,6,user,23,1,GPU-Node-12,41,181
2026-01-04 07:58:00,CPU,High,31,2,6,admin,20,1,CPU-Node-27,47,213
2026-01-04 08:00:00,GPU,Medium,35,2,4,user,22,1,GPU-Node-4,34,194
2026-01-04 08:02:00,CPU,High,24,10,0,admin,35,1,CPU-Node-40,13,82
2026-01-04 08:04:00,CPU,High,15,6,0,user,48,1,CPU-Node-18,15,96
2026-01-04 08:06:00,CPU,Low,37,10,6,user,19,1,CPU-Node-17,46,239
2026-01-04 08:08:00,GPU,High,43,2,9,user,33,1,GPU-Node-5,63,305
2026-01-04 08:10:00,CPU,High,30,9,8,user,31,1,CPU-Node-12,54,200
2026-01-04 08:12:00,CPU,Medium,24,7,1,admin,48,1,CPU-Node-33,19,148
2026-01-04 08:14:00,CPU,Medium,29,5,6,user,29,1,CPU-Node-25,37,208
2026-01-04 08:16:00,GPU,Low,10,2,3,user,19,1,GPU-Node-10,15,156
2026-01-04 08:18:00,GPU,Medium,48,1,8,user,21,1,GPU-Node-14,68,279
2026-01-04 08:20:00,GPU,High,31,1,10,user,18,1,GPU-Node-14,43,253
2026-01-04 08:22:00,GPU,High,33,1,8,user,23,1,GPU-Node-32,50,236
2026-01-04 08:24:00,CPU,Low,20,9,2,user,21,1,CPU-Node-6,25,110
2026-01-04 08:26:00,CPU,High,34,6,6,user,32,1,CPU-Node-31,56,187
2026-01-04 08:28:00,GPU,High,24,1,8,user,20,1,GPU-Node-30,38,276
2026-01-04 08:30:00,CPU,Medium,38,9,9,user,33,1,CPU-Node-23,49,269
2026-01-04 08:32:00,GPU,Low,49,3,8,admin,16,1,GPU-Node-13,68,281
2026-01-04 08:34:00,CPU,Low,41,9,9,user,36,1,CPU-Node-50,65,278
2026-01-04 08:36:00,CPU,Medium,37,1,10,user,27,1,CPU-Node-34,54,304
2026-01-04 08:38:00,CPU,High,24,6,0,admin,29,1,CPU-Node-49,20,88
2026-01-04 08:40:00,CPU,High,31,7,4,user,22,1,CPU-Node-25,35,152
2026-01-04 08:42:00,GPU,Medium,14,0,1,user,17,0,GPU-Node-42,13,81
2026-01-04 08:44:00,GPU,High,29,2,8,admin,20,1,GPU-Node-23,41,205
2026-01-04 08:46:00,CPU,Medium,34,7,11,user,45,1,CPU-Node-19,60,285
2026-01-04 08:48:00,GPU,Medium,32,2,4,user,33,1,GPU-Node-42,50,157
2026-01-04 08:50:00,CPU,Low,24,8,8,user,5,1,CPU-Node-37,41,235
2026-01-04 08:52:00,CPU,Medium,20,11,5,user,28,1,CPU-Node-36,37,160
2026-01-04 08:54:00,CPU,Medium,19,5,7,user,9,1,CPU-Node-23,40,206
2026-01-04 08:56:00,CPU,Low,29,9,5,user,37,1,CPU-Node-9,37,214
2026-01-04 08:58:00,GPU,Low,35,0,0,user,32,0,GPU-Node-31,35,127
2026-01-04 09:00:00,CPU,High,81,6,14,user,21,1,CPU-Node-25,100,409
2026-01-04 09:02:00,GPU,Low,72,2,11,user,31,1,GPU-Node-27,99,354
2026-01-04 09:04:00,CPU,High,80,15,20,user,56,0,CPU-Node-17,100,519
2026-01-04 09:06:00,CPU,High,69,8,12,user,29,1,CPU-Node-22,92,388
2026-01-04 09:08:00,CPU,Low,64,8,17,user,20,0,CPU-Node-30,100,431
2026-01-04 09:10:00,GPU,Medium,71,2,12,user,14,1,GPU-Node-2,99,385
2026-01-04 09:12:00,CPU,High,73,5,14,user,31,1,CPU-Node-48,100,443
2026-01-04 09:14:00,CPU,Low,82,7,16,user,35,0,CPU-Node-15,100,426
2026-01-04 09:16:00,GPU,Medium,78,3,21,user,22,0,GPU-Node-42,100,511
2026-01-04 09:18:00,CPU,High,82,4,18,admin,21,1,CPU-Node-29,100,472
2026-01-04 09:20:00,CPU,Low,75,2,13,user,39,1,CPU-Node-5,100,375
2026-01-04 09:22:00,GPU,Medium,84,3,16,user,30,0,GPU-Node-47,100,435
2026-01-04 09:24:00,CPU,Medium,82,1,21,user,5,0,CPU-Node-38,100,562
2026-01-04 09:26:00,CPU,Medium,65,6,15,admin,41,1,CPU-Node-46,87,388
2026-01-04 09:28:00,CPU,Low,75,10,12,user,44,1,CPU-Node-31,95,397
2026-01-04 09:30:00,CPU,Low,82,8,19,user,27,0,CPU-Node-18,100,474
2026-01-04 09:32:00,GPU,High,95,1,16,user,38,0,GPU-Node-22,100,471
2026-01-04 09:34:00,CPU,Low,71,7,16,user,38,0,CPU-Node-33,100,446
2026-01-04 09:36:00,CPU,Low,80,2,15,admin,33,1,CPU-Node-29,100,403
2026-01-04 09:38:00,GPU,Low,61,3,13,user,46,1,GPU-Node-37,90,369
2026-01-04 09:40:00,CPU,Low,75,4,15,admin,51,1,CPU-Node-22,100,420
2026-01-04 09:42:00,CPU,High,75,7,10,user,32,1,CPU-Node-47,99,368
2026-01-04 09:44:00,CPU,Low,70,8,14,user,23,1,CPU-Node-17,100,407
2026-01-04 09:46:00,CPU,Low,71,5,11,user,55,1,CPU-Node-43,92,345
2026-01-04 09:48:00,CPU,Low,67,7,13,user,36,1,CPU-Node-17,95,368
2026-01-04 09:50:00,CPU,High,62,6,8,admin,43,1,CPU-Node-37,82,317
2026-01-04 09:52:00,CPU,High,56,4,16,admin,33,1,CPU-Node-33,86,431
2026-01-04 09:54:00,GPU,High,95,1,21,user,25,0,GPU-Node-24,100,562
2026-01-04 09:56:00,CPU,Medium,66,6,20,user,30,0,CPU-Node-21,94,495
2026-01-04 09:58:00,CPU,Medium,72,9,17,user,35,0,CPU-Node-6,100,435
2026-01-04 10:00:00,CPU,Medium,79,6,13,user,17,1,CPU-Node-34,92,426
2026-01-04 10:02:00,CPU,Medium,75,5,19,user,27,0,CPU-Node-44,100,468
2026-01-04 10:04:00,CPU,High,100,9,20,user,34,0,CPU-Node-14,100,568
2026-01-04 10:06:00,GPU,Medium,80,2,17,admin,19,0,GPU-Node-47,100,476
2026-01-04 10:08:00,CPU,Medium,69,4,9,user,39,1,CPU-Node-28,89,318
2026-01-04 10:10:00,GPU,High,83,1,16,user,29,0,GPU-Node-23,100,456
2026-01-04 10:12:00,CPU,Medium,84,6,22,user,36,0,CPU-Node-23,100,544
2026-01-04 10:14:00,GPU,Medium,80,2,19,user,27,0,GPU-Node-48,100,468
2026-01-04 10:16:00,CPU,Medium,66,12,15,user,23,1,CPU-Node-5,100,405
2026-01-04 10:18:00,CPU,Medium,95,10,17,user,31,0,CPU-Node-20,100,455
2026-01-04 10:20:00,CPU,Low,80,11,14,user,35,1,CPU-Node-29,100,422
2026-01-04 10:22:00,GPU,Low,68,1,15,user,43,1,GPU-Node-49,100,389
2026-01-04 10:24:00,GPU,High,82,2,15,user,31,1,GPU-Node-40,100,418
2026-01-04 10:26:00,CPU,Medium,45,10,9,admin,32,1,CPU-Node-43,58,296
2026-01-04 10:28:00,GPU,Low,67,3,15,user,18,1,GPU-Node-17,100,447
2026-01-04 10:30:00,GPU,Medium,74,0,10,admin,31,0,GPU-Node-28,100,347
2026-01-04 10:32:00,CPU,High,74,5,19,user,40,0,CPU-Node-48,100,452
2026-01-04 10:34:00,CPU,High,76,10,17,user,18,0,CPU-Node-5,100,474
2026-01-04 10:36:00,CPU,Medium,77,8,18,user,10,0,CPU-Node-18,100,477
2026-01-04 10:38:00,CPU,Medium,71,10,12,user,39,1,CPU-Node-19,95,354
2026-01-04 10:40:00,GPU,High,72,0,12,user,27,0,GPU-Node-6,85,394
2026-01-04 10:42:00,CPU,High,67,14,12,admin,8,1,CPU-Node-37,90,350
2026-01-04 10:44:00,CPU,Low,82,11,19,user,30,0,CPU-Node-34,100,486
2026-01-04 10:46:00,CPU,Low,94,10,18,user,26,0,CPU-Node-12,100,455
2026-01-04 10:48:00,CPU,Low,63,7,9,admin,27,1,CPU-Node-2,80,290
2026-01-04 10:50:00,CPU,Medium,68,11,17,user,41,0,CPU-Node-12,97,421
2026-01-04 10:52:00,CPU,Medium,85,11,17,user,42,0,CPU-Node-47,100,474
2026-01-04 10:54:00,CPU,High,67,4,9,user,45,1,CPU-Node-8,88,349
2026-01-04 10:56:00,CPU,Low,70,11,14,user,15,1,CPU-Node-13,94,362
2026-01-04 10:58:00,GPU,High,96,0,15,user,32,0,GPU-Node-37,100,480
2026-01-04 11:00:00,CPU,Medium,73,6,11,user,37,1,CPU-Node-12,100,412
2026-01-04 11:02:00,GPU,High,76,2,12,admin,24,1,GPU-Node-45,100,390
2026-01-04 11:04:00,CPU,Low,80,1,15,user,19,1,CPU-Node-5,100,430
2026-01-04 11:06:00,GPU,Low,61,3,6,user,21,1,GPU-Node-24,71,240
2026-01-04 11:08:00,GPU,High,65,1,14,user,39,1,GPU-Node-27,83,394
2026-01-04 11:10:00,CPU,Low,61,13,10,user,30,1,CPU-Node-6,79,307
2026-01-04 11:12:00,CPU,Medium,85,9,17,user,27,0,CPU-Node-28,100,479
2026-01-04 11:14:00,CPU,Low,63,6,19,user,32,0,CPU-Node-10,100,457
2026-01-04 11:16:00,CPU,High,87,13,18,user,53,0,CPU-Node-31,100,493
2026-01-04 11:18:00,GPU,Low,61,2,14,admin,25,1,GPU-Node-49,90,401
2026-01-04 11:20:00,CPU,Medium,77,4,16,user,25,0,CPU-Node-46,100,434
2026-01-04 11:22:00,GPU,Medium,59,2,12,user,41,1,GPU-Node-30,85,338
2026-01-04 11:24:00,GPU,Medium,93,1,15,user,39,0,GPU-Node-42,100,415
2026-01-04 11:26:00,GPU,Medium,80,1,18,user,24,0,GPU-Node-3,100,499
2026-01-04 11:28:00,GPU,Medium,63,1,10,user,34,1,GPU-Node-47,77,293
2026-01-04 11:30:00,GPU,Medium,89,1,19,admin,33,0,GPU-Node-21,100,526
2026-01-04 11:32:00,GPU,Medium,81,3,18,user,24,0,GPU-Node-47,100,464
2026-01-04 11:34:00,CPU,Medium,57,6,9,user,29,1,CPU-Node-44,65,294
2026-01-04 11:36:00,GPU,Low,58,2,9,user,28,1,GPU-Node-40,78,341
2026-01-04 11:38:00,CPU,High,64,7,13,user,47,1,CPU-Node-33,81,375
2026-01-04 11:40:00,GPU,High,73,1,15,user,29,1,GPU-Node-36,100,370
2026-01-04 11:42:00,GPU,Medium,77,1,18,user,21,0,GPU-Node-28,100,513
2026-01-04 11:44:00,CPU,High,81,6,12,user,31,1,CPU-Node-37,100,407
2026-01-04 11:46:00,CPU,Medium,75,8,16,user,31,0,CPU-Node-49,97,482
2026-01-04 11:48:00,CPU,Medium,83,3,15,user,25,1,CPU-Node-41,100,449
2026-01-04 11:50:00,CPU,High,84,8,13,admin,34,1,CPU-Node-42,100,419
2026-01-04 11:52:00,CPU,High,71,7,11,user,23,1,CPU-Node-44,97,380
2026-01-04 11:54:00,GPU,High,66,1,12,user,24,1,GPU-Node-14,92,373
2026-01-04 11:56:00,CPU,Low,88,6,19,user,29,0,CPU-Node-40,100,495
2026-01-04 11:58:00,CPU,Low,64,4,15,user,50,1,CPU-Node-15,98,398
2026-01-04 12:00:00,CPU,Low,82,7,15,admin,21,1,CPU-Node-21,100,435
2026-01-04 12:02:00,CPU,Medium,73,12,10,user,38,1,CPU-Node-30,93,374
2026-01-04 12:04:00,CPU,Medium,84,4,15,user,35,1,CPU-Node-35,100,454
2026-01-04 12:06:00,GPU,Medium,71,2,12,user,31,1,GPU-Node-5,97,361
2026-01-04 12:08:00,GPU,Medium,74,1,19,user,29,0,GPU-Node-4,100,463
2026-01-04 12:10:00,GPU,Low,79,0,16,user,13,0,GPU-Node-20,100,435
2026-01-04 12:12:00,GPU,Low,64,1,11,user,45,1,GPU-Node-46,94,330
2026-01-04 12:14:00,GPU,High,83,1,17,user,31,0,GPU-Node-8,100,500
2026-01-04 12:16:00,GPU,High,89,2,12,user,35,1,GPU-Node-38,100,404
2026-01-04 12:18:00,GPU,Low,66,2,9,user,32,1,GPU-Node-30,81,307
2026-01-04 12:20:00,GPU,Medium,81,0,18,user,29,0,GPU-Node-1,100,477
2026-01-04 12:22:00,CPU,Medium,81,11,19,user,27,0,CPU-Node-25,100,504
2026-01-04 12:24:00,CPU,High,82,10,17,user,37,0,CPU-Node-41,100,477
2026-01-04 12:26:00,CPU,Low,77,10,15,user,25,1,CPU-Node-4,100,456
2026-01-04 12:28:00,CPU,Medium,60,7,14,user,26,1,CPU-Node-49,80,355
2026-01-04 12:30:00,CPU,Medium,78,3,20,user,33,0,CPU-Node-23,100,532
2026-01-04 12:32:00,GPU,High,63,0,16,user,18,0,GPU-Node-26,95,428
2026-01-04 12:34:00,CPU,Low,68,11,10,admin,11,1,CPU-Node-49,81,320
2026-01-04 12:36:00,CPU,High,86,1,20,user,28,0,CPU-Node-18,100,525
2026-01-04 12:38:00,CPU,High,68,12,10,user,10,1,CPU-Node-50,89,343
2026-01-04 12:40:00,GPU,Medium,77,2,13,user,30,1,GPU-Node-23,95,388
2026-01-04 12:42:00,CPU,Low,74,8,9,user,30,1,CPU-Node-16,90,323
2026-01-04 12:44:00,CPU,Medium,55,10,14,user,22,1,CPU-Node-11,74,360
2026-01-04 12:46:00,CPU,Medium,58,10,13,user,32,1,CPU-Node-30,70,381
2026-01-04 12:48:00,CPU,Medium,58,4,11,user,15,1,CPU-Node-30,77,335
2026-01-04 12:50:00,GPU,Medium,69,3,12,admin,32,1,GPU-Node-49,91,332
2026-01-04 12:52:00,CPU,Low,77,6,10,user,29,1,CPU-Node-46,100,381
2026-01-04 12:54:00,CPU,Medium,66,7,11,user,40,1,CPU-Node-25,84,329
2026-01-04 12:56:00,GPU,Low,78,1,14,user,38,1,GPU-Node-21,100,409
2026-01-04 12:58:00,CPU,Medium,68,10,12,user,37,1,CPU-Node-18,92,343
2026-01-04 13:00:00,CPU,High,68,12,13,user,27,1,CPU-Node-11,100,378
2026-01-04 13:02:00,GPU,Medium,67,1,12,user,22,1,GPU-Node-3,88,335
2026-01-04 13:04:00,GPU,Medium,73,3,15,user,22,1,GPU-Node-45,100,437
2026-01-04 13:06:00,CPU,Medium,86,8,19,admin,37,0,CPU-Node-27,100,539
2026-01-04 13:08:00,GPU,High,74,0,15,user,25,0,GPU-Node-32,100,438
2026-01-04 13:10:00,CPU,Low,85,6,20,user,36,0,CPU-Node-20,100,497
2026-01-04 13:12:00,CPU,Low,68,9,15,user,34,1,CPU-Node-17,96,427
2026-01-04 13:14:00,CPU,Low,75,12,14,user,34,1,CPU-Node-34,100,422
2026-01-04 13:16:00,CPU,Medium,67,8,12,user,36,1,CPU-Node-12,89,381
2026-01-04 13:18:00,CPU,Low,81,8,15,user,24,1,CPU-Node-50,100,433
2026-01-04 13:20:00,CPU,High,67,5,12,user,15,1,CPU-Node-47,93,362
2026-01-04 13:22:00,CPU,Medium,57,7,9,user,29,1,CPU-Node-31,69,278
2026-01-04 13:24:00,CPU,Medium,80,11,15,user,7,1,CPU-Node-22,100,435
2026-01-04 13:26:00,GPU,Low,63,0,9,user,11,0,GPU-Node-40,76,316
2026-01-04 13:28:00,GPU,High,72,1,10,user,21,1,GPU-Node-24,89,342
2026-01-04 13:30:00,GPU,Medium,85,2,11,admin,45,1,GPU-Node-45,100,408
2026-01-04 13:32:00,GPU,Medium,90,2,21,user,42,0,GPU-Node-18,100,550
2026-01-04 13:34:00,CPU,Medium,79,5,18,user,40,0,CPU-Node-22,100,489
2026-01-04 13:36:00,GPU,Medium,84,2,23,user,29,0,GPU-Node-41,100,598
2026-01-04 13:38:00,GPU,Low,79,3,16,user,46,0,GPU-Node-1,100,442
2026-01-04 13:40:00,CPU,High,63,10,12,admin,13,1,CPU-Node-50,85,358
2026-01-04 13:42:00,CPU,Low,71,10,17,user,39,0,CPU-Node-11,100,442
2026-01-04 13:44:00,CPU,Low,70,6,12,user,38,1,CPU-Node-30,100,341
2026-01-04 13:46:00,CPU,Low,87,13,15,user,37,1,CPU-Node-13,100,473
2026-01-04 13:48:00,CPU,High,77,6,14,user,36,1,CPU-Node-32,100,424
2026-01-04 13:50:00,GPU,Low,56,2,11,admin,32,1,GPU-Node-28,76,338
2026-01-04 13:52:00,CPU,Medium,76,6,10,user,31,1,CPU-Node-44,84,352
2026-01-04 13:54:00,CPU,High,88,8,14,admin,51,1,CPU-Node-19,100,439
2026-01-04 13:56:00,GPU,Medium,76,1,18,user,29,0,GPU-Node-33,100,480
2026-01-04 13:58:00,GPU,High,72,1,16,user,22,0,GPU-Node-9,100,411
2026-01-04 14:00:00,GPU,Low,63,1,15,user,42,1,GPU-Node-49,94,428
2026-01-04 14:02:00,GPU,Medium,41,2,9,user,34,1,GPU-Node-47,54,252
2026-01-04 14:04:00,CPU,Medium,81,8,21,user,25,0,CPU-Node-36,100,546
2026-01-04 14:06:00,CPU,High,72,8,16,user,13,0,CPU-Node-3,100,417
2026-01-04 14:08:00,GPU,Medium,75,2,13,user,19,1,GPU-Node-29,99,421
2026-01-04 14:10:00,GPU,High,57,2,10,user,26,1,GPU-Node-47,74,284
2026-01-04 14:12:00,GPU,Medium,64,1,14,user,17,1,GPU-Node-17,90,366
2026-01-04 14:14:00,GPU,Medium,73,2,17,user,19,0,GPU-Node-23,100,494
2026-01-04 14:16:00,CPU,High,87,9,14,user,57,1,CPU-Node-29,100,447
2026-01-04 14:18:00,CPU,High,74,3,19,user,33,0,CPU-Node-40,100,492
2026-01-04 14:20:00,GPU,High,77,3,18,admin,5,1,GPU-Node-4,100,471
2026-01-04 14:22:00,GPU,Medium,92,1,23,user,29,0,GPU-Node-37,100,580
2026-01-04 14:24:00,GPU,Medium,81,2,17,admin,40,0,GPU-Node-10,100,482
2026-01-04 14:26:00,CPU,High,63,12,13,user,27,1,CPU-Node-44,83,395
2026-01-04 14:28:00,GPU,High,65,0,10,user,32,0,GPU-Node-45,87,376
2026-01-04 14:30:00,CPU,Low,83,9,15,user,18,1,CPU-Node-36,100,442
2026-01-04 14:32:00,CPU,Low,72,1,9,user,21,1,CPU-Node-24,89,334
2026-01-04 14:34:00,GPU,Low,83,2,16,user,28,0,GPU-Node-38,100,423
2026-01-04 14:36:00,GPU,Medium,88,1,19,user,34,0,GPU-Node-4,100,541
2026-01-04 14:38:00,GPU,Medium,65,0,11,user,33,0,GPU-Node-15,93,342
2026-01-04 14:40:00,CPU,Medium,68,10,12,user,25,1,CPU-Node-27,93,379
2026-01-04 14:42:00,CPU,Medium,63,5,11,user,31,1,CPU-Node-7,82,309
2026-01-04 14:44:00,CPU,High,77,11,16,user,51,0,CPU-Node-26,100,467
2026-01-04 14:46:00,CPU,Low,86,8,14,user,40,1,CPU-Node-34,100,427
2026-01-04 14:48:00,CPU,Medium,83,10,16,admin,18,0,CPU-Node-38,100,446
2026-01-04 14:50:00,GPU,High,61,2,11,user,28,1,GPU-Node-23,81,354
2026-01-04 14:52:00,GPU,High,75,2,15,user,35,1,GPU-Node-45,100,387
2026-01-04 14:54:00,GPU,Low,72,0,13,admin,34,0,GPU-Node-41,98,400
2026-01-04 14:56:00,GPU,High,56,3,16,admin,30,1,GPU-Node-8,91,413
2026-01-04 14:58:00,GPU,High,67,0,12,user,26,0,GPU-Node-8,84,399
2026-01-04 15:00:00,GPU,Low,76,3,17,admin,9,0,GPU-Node-31,100,481
2026-01-04 15:02:00,GPU,High,74,2,11,admin,26,1,GPU-Node-31,98,341
2026-01-04 15:04:00,GPU,Low,75,2,13,user,22,1,GPU-Node-21,98,406
2026-01-04 15:06:00,GPU,High,66,1,13,user,24,1,GPU-Node-20,94,396
2026-01-04 15:08:00,GPU,Low,75,1,14,user,32,1,GPU-Node-26,100,430
2026-01-04 15:10:00,GPU,Medium,57,2,11,user,26,1,GPU-Node-12,78,333
2026-01-04 15:12:00,CPU,High,77,4,19,user,37,0,CPU-Node-46,100,512
2026-01-04 15:14:00,CPU,High,81,7,14,user,7,1,CPU-Node-46,100,464
2026-01-04 15:16:00,CPU,High,70,5,13,user,23,1,CPU-Node-40,100,424
2026-01-04 15:18:00,GPU,Low,90,1,19,user,36,0,GPU-Node-42,100,488
2026-01-04 15:20:00,GPU,High,88,1,17,admin,33,1,GPU-Node-27,100,475
2026-01-04 15:22:00,GPU,Low,73,2,16,user,7,0,GPU-Node-9,100,453
2026-01-04 15:24:00,GPU,High,78,1,9,admin,36,1,GPU-Node-5,100,342
2026-01-04 15:26:00,CPU,Medium,85,9,13,user,39,1,CPU-Node-34,100,398
2026-01-04 15:28:00,CPU,Medium,58,9,16,user,44,0,CPU-Node-48,91,407
2026-01-04 15:30:00,CPU,Low,73,11,15,user,37,1,CPU-Node-11,100,452
2026-01-04 15:32:00,GPU,Low,82,1,14,user,38,1,GPU-Node-40,100,410
2026-01-04 15:34:00,CPU,Medium,79,5,19,admin,32,0,CPU-Node-50,100,531
2026-01-04 15:36:00,CPU,Low,60,12,16,user,28,0,CPU-Node-31,96,424
2026-01-04 15:38:00,CPU,Low,68,7,13,user,34,1,CPU-Node-7,92,402
2026-01-04 15:40:00,CPU,High,78,8,13,user,34,1,CPU-Node-23,100,362
2026-01-04 15:42:00,CPU,High,63,7,13,user,18,1,CPU-Node-19,91,370
2026-01-04 15:44:00,GPU,High,78,3,19,user,31,0,GPU-Node-17,100,468
2026-01-04 15:46:00,CPU,High,57,6,15,user,24,1,CPU-Node-4,89,415
2026-01-04 15:48:00,CPU,Medium,79,7,14,admin,29,1,CPU-Node-50,100,385
2026-01-04 15:50:00,GPU,Low,71,0,13,user,30,0,GPU-Node-7,95,400
2026-01-04 15:52:00,GPU,Low,61,2,10,user,35,1,GPU-Node-30,73,316
2026-01-04 15:54:00,CPU,Medium,77,8,13,admin,21,1,CPU-Node-24,100,418
2026-01-04 15:56:00,CPU,Low,65,5,7,user,33,1,CPU-Node-31,71,279
2026-01-04 15:58:00,CPU,Low,83,9,20,user,23,0,CPU-Node-5,100,487
2026-01-04 16:00:00,CPU,Low,71,8,15,user,23,1,CPU-Node-36,98,388
2026-01-04 16:02:00,CPU,Medium,69,6,13,user,33,1,CPU-Node-45,95,360
2026-01-04 16:04:00,CPU,High,67,3,16,user,28,0,CPU-Node-27,87,445
2026-01-04 16:06:00,CPU,Medium,76,8,15,user,28,1,CPU-Node-40,100,432
2026-01-04 16:08:00,CPU,Medium,93,8,21,user,29,0,CPU-Node-26,100,529
2026-01-04 16:10:00,GPU,Medium,67,1,11,user,42,1,GPU-Node-36,83,365
2026-01-04 16:12:00,CPU,Medium,74,14,16,admin,31,0,CPU-Node-2,100,436
2026-01-04 16:14:00,CPU,Medium,65,3,16,admin,25,0,CPU-Node-28,99,434
2026-01-04 16:16:00,CPU,Medium,85,12,15,user,35,1,CPU-Node-5,100,419
2026-01-04 16:18:00,GPU,Low,85,2,17,user,22,0,GPU-Node-50,100,437
2026-01-04 16:20:00,CPU,High,80,8,14,user,28,1,CPU-Node-39,100,399
2026-01-04 16:22:00,CPU,Medium,74,5,14,admin,22,1,CPU-Node-27,100,418
2026-01-04 16:24:00,CPU,Medium,58,11,12,user,25,1,CPU-Node-48,89,365
2026-01-04 16:26:00,CPU,High,77,15,15,user,23,1,CPU-Node-44,99,439
2026-01-04 16:28:00,CPU,Low,66,5,15,user,31,1,CPU-Node-14,90,411
2026-01-04 16:30:00,CPU,Medium,67,7,15,admin,30,1,CPU-Node-26,100,384
2026-01-04 16:32:00,GPU,Low,56,1,7,user,38,1,GPU-Node-17,72,270
2026-01-04 16:34:00,CPU,High,78,13,14,user,18,1,CPU-Node-11,100,392
2026-01-04 16:36:00,GPU,High,92,1,21,user,38,0,GPU-Node-13,100,528
2026-01-04 16:38:00,CPU,High,71,8,18,user,36,0,CPU-Node-37,100,484
2026-01-04 16:40:00,CPU,High,79,8,16,user,21,0,CPU-Node-49,100,469
2026-01-04 16:42:00,CPU,Low,82,6,20,user,24,0,CPU-Node-37,100,467
2026-01-04 16:44:00,CPU,Low,86,9,18,user,31,0,CPU-Node-7,100,509
2026-01-04 16:46:00,CPU,Low,88,7,14,user,35,1,CPU-Node-28,100,473
2026-01-04 16:48:00,CPU,Low,89,4,17,user,33,0,CPU-Node-2,100,476
2026-01-04 16:50:00,CPU,Medium,74,1,10,user,34,1,CPU-Node-2,94,352
2026-01-04 16:52:00,CPU,Low,88,11,18,user,26,0,CPU-Node-16,100,476
2026-01-04 16:54:00,CPU,High,71,7,14,user,19,1,CPU-Node-33,98,416
2026-01-04 16:56:00,GPU,High,93,2,21,user,27,0,GPU-Node-10,100,571
2026-01-04 16:58:00,GPU,Low,80,1,16,admin,38,0,GPU-Node-33,100,436
2026-01-04 17:00:00,GPU,High,74,1,13,user,36,1,GPU-Node-40,99,361
2026-01-04 17:02:00,CPU,Low,76,6,17,user,28,0,CPU-Node-46,100,465
2026-01-04 17:04:00,GPU,High,71,1,13,user,30,1,GPU-Node-20,95,365
2026-01-04 17:06:00,GPU,Low,88,2,14,user,35,1,GPU-Node-23,100,447
2026-01-04 17:08:00,CPU,Low,68,8,18,user,25,0,CPU-Node-39,95,478
2026-01-04 17:10:00,GPU,Medium,81,2,20,user,36,0,GPU-Node-2,100,514
2026-01-04 17:12:00,CPU,High,81,9,16,user,24,0,CPU-Node-7,100,464
2026-01-04 17:14:00,GPU,Low,93,3,17,user,40,0,GPU-Node-45,100,486
2026-01-04 17:16:00,CPU,Medium,74,8,13,admin,36,1,CPU-Node-6,86,371
2026-01-04 17:18:00,GPU,Low,81,2,17,user,49,0,GPU-Node-32,100,482
2026-01-04 17:20:00,CPU,High,72,9,14,user,35,1,CPU-Node-45,93,412
2026-01-04 17:22:00,GPU,Medium,69,1,16,user,30,0,GPU-Node-32,96,415
2026-01-04 17:24:00,CPU,Medium,78,9,21,user,29,0,CPU-Node-45,100,535
2026-01-04 17:26:00,GPU,Medium,70,1,18,user,19,0,GPU-Node-13,100,482
2026-01-04 17:28:00,GPU,Low,71,0,18,user,10,0,GPU-Node-39,100,474
2026-01-04 17:30:00,CPU,High,72,3,16,user,32,0,CPU-Node-6,100,429
2026-01-04 17:32:00,CPU,Medium,72,6,12,user,41,1,CPU-Node-17,90,373
2026-01-04 17:34:00,CPU,Low,59,6,12,user,40,1,CPU-Node-30,85,340
2026-01-04 17:36:00,CPU,Low,81,1,20,user,34,0,CPU-Node-30,100,516
2026-01-04 17:38:00,CPU,Medium,74,5,15,user,35,1,CPU-Node-42,100,403
2026-01-04 17:40:00,CPU,Low,82,7,18,user,29,0,CPU-Node-5,100,469
2026-01-04 17:42:00,CPU,High,69,6,12,user,50,1,CPU-Node-41,91,335
2026-01-04 17:44:00,CPU,High,67,12,12,user,12,1,CPU-Node-48,88,356
2026-01-04 17:46:00,CPU,High,77,8,16,user,33,0,CPU-Node-12,100,446
2026-01-04 17:48:00,CPU,Low,82,7,15,user,15,1,CPU-Node-44,100,445
2026-01-04 17:50:00,CPU,Low,64,9,14,admin,16,1,CPU-Node-25,92,382
2026-01-04 17:52:00,CPU,High,70,9,11,admin,12,1,CPU-Node-34,91,299
2026-01-04 17:54:00,CPU,High,83,5,21,user,26,0,CPU-Node-7,100,565
2026-01-04 17:56:00,GPU,Low,80,2,14,user,30,1,GPU-Node-15,100,417
2026-01-04 17:58:00,GPU,Low,76,2,11,user,24,1,GPU-Node-27,100,365
2026-01-04 18:00:00,GPU,High,80,1,15,user,37,1,GPU-Node-44,100,422
2026-01-04 18:02:00,CPU,Low,66,6,15,user,32,1,CPU-Node-17,100,408
2026-01-04 18:04:00,CPU,Medium,61,9,11,user,31,1,CPU-Node-6,85,329
2026-01-04 18:06:00,CPU,High,96,8,20,user,35,0,CPU-Node-30,100,561
2026-01-04 18:08:00,CPU,Medium,46,8,10,user,12,1,CPU-Node-27,72,288
2026-01-04 18:10:00,CPU,High,75,7,17,user,36,0,CPU-Node-25,100,470
2026-01-04 18:12:00,CPU,High,73,6,8,user,29,1,CPU-Node-15,88,330
2026-01-04 18:14:00,GPU,Low,74,2,10,user,37,1,GPU-Node-46,93,368
2026-01-04 18:16:00,CPU,High,84,7,14,user,32,1,CPU-Node-38,100,427
2026-01-04 18:18:00,GPU,Medium,78,0,20,admin,37,0,GPU-Node-11,100,488
2026-01-04 18:20:00,GPU,Medium,84,2,12,user,11,1,GPU-Node-49,100,440
2026-01-04 18:22:00,CPU,Low,67,7,11,user,22,1,CPU-Node-38,84,312
2026-01-04 18:24:00,CPU,Medium,88,2,18,user,33,0,CPU-Node-19,100,507
2026-01-04 18:26:00,CPU,High,72,8,11,user,27,1,CPU-Node-1,92,318
2026-01-04 18:28:00,GPU,Medium,78,1,11,user,26,1,GPU-Node-22,98,360
2026-01-04 18:30:00,CPU,High,84,6,11,user,38,1,CPU-Node-15,97,401
2026-01-04 18:32:00,CPU,Medium,78,8,22,user,25,0,CPU-Node-39,100,564
2026-01-04 18:34:00,CPU,High,89,8,22,user,28,0,CPU-Node-47,100,542
2026-01-04 18:36:00,GPU,Medium,70,3,18,user,37,0,GPU-Node-8,100,470
2026-01-04 18:38:00,CPU,Medium,84,9,18,user,39,0,CPU-Node-5,100,519
2026-01-04 18:40:00,CPU,Low,89,9,17,user,25,0,CPU-Node-1,100,463
2026-01-04 18:42:00,GPU,Low,70,2,12,user,42,1,GPU-Node-22,96,360
2026-01-04 18:44:00,CPU,High,95,8,18,user,14,0,CPU-Node-32,100,513
2026-01-04 18:46:00,GPU,Medium,66,3,18,user,43,0,GPU-Node-39,97,481
2026-01-04 18:48:00,CPU,Medium,82,5,17,user,20,0,CPU-Node-9,100,472
2026-01-04 18:50:00,CPU,High,81,11,15,user,34,1,CPU-Node-19,100,415
2026-01-04 18:52:00,CPU,High,68,4,12,user,26,1,CPU-Node-49,89,345
2026-01-04 18:54:00,CPU,Low,73,7,14,user,22,1,CPU-Node-43,92,415
2026-01-04 18:56:00,GPU,Low,62,2,14,user,30,1,GPU-Node-4,90,371
2026-01-04 18:58:00,GPU,Low,67,4,18,user,40,0,GPU-Node-28,100,463
2026-01-04 19:00:00,CPU,Medium,32,1,10,user,36,1,CPU-Node-20,54,245
2026-01-04 19:02:00,CPU,Low,33,3,3,user,32,1,CPU-Node-24,37,182
2026-01-04 19:04:00,CPU,Low,17,7,7,user,40,1,CPU-Node-19,34,205
2026-01-04 19:06:00,GPU,Medium,50,2,9,admin,32,1,GPU-Node-11,71,283
2026-01-04 19:08:00,CPU,Low,31,7,2,user,36,1,CPU-Node-47,39,148
2026-01-04 19:10:00,CPU,High,19,7,3,user,24,1,CPU-Node-38,31,131
2026-01-04 19:12:00,GPU,Low,44,2,10,user,29,1,GPU-Node-34,61,269
2026-01-04 19:14:00,GPU,Medium,27,3,0,admin,32,1,GPU-Node-24,29,94
2026-01-04 19:16:00,CPU,Medium,31,11,10,user,30,1,CPU-Node-42,49,291
2026-01-04 19:18:00,CPU,High,33,8,8,admin,39,1,CPU-Node-49,54,232
2026-01-04 19:20:00,GPU,Low,58,1,6,user,8,1,GPU-Node-11,66,265
2026-01-04 19:22:00,CPU,High,36,7,11,user,13,1,CPU-Node-38,61,250
2026-01-04 19:24:00,CPU,Medium,28,3,6,user,32,1,CPU-Node-44,32,157
2026-01-04 19:26:00,CPU,Low,29,9,0,user,19,1,CPU-Node-29,19,80
2026-01-04 19:28:00,CPU,Low,40,9,6,user,16,1,CPU-Node-27,54,258
2026-01-04 19:30:00,CPU,Medium,39,3,7,user,19,1,CPU-Node-17,51,200
2026-01-04 19:32:00,GPU,Low,42,1,9,user,23,1,GPU-Node-7,62,283
2026-01-04 19:34:00,CPU,Low,34,2,8,user,22,1,CPU-Node-27,49,231
2026-01-04 19:36:00,GPU,Medium,29,2,9,user,34,1,GPU-Node-5,54,238
2026-01-04 19:38:00,GPU,High,30,0,3,user,16,0,GPU-Node-18,35,149
2026-01-04 19:40:00,CPU,Medium,38,8,5,user,27,1,CPU-Node-41,38,191
2026-01-04 19:42:00,GPU,Medium,31,1,3,admin,45,1,GPU-Node-28,38,171
2026-01-04 19:44:00,GPU,Low,26,2,4,user,31,1,GPU-Node-22,34,196
2026-01-04 19:46:00,CPU,Medium,27,9,6,user,25,1,CPU-Node-17,32,215
2026-01-04 19:48:00,CPU,High,32,1,7,user,23,1,CPU-Node-7,46,205
2026-01-04 19:50:00,CPU,Low,31,9,3,user,32,1,CPU-Node-50,41,135
2026-01-04 19:52:00,GPU,High,30,2,1,admin,19,1,GPU-Node-6,30,133
2026-01-04 19:54:00,CPU,High,40,4,2,user,39,1,CPU-Node-43,44,151
2026-01-04 19:56:00,CPU,High,41,4,5,user,33,1,CPU-Node-48,48,197
2026-01-04 19:58:00,GPU,Medium,30,2,4,user,34,1,GPU-Node-38,43,193
2026-01-04 20:00:00,GPU,Low,55,1,5,user,33,1,GPU-Node-4,59,262
2026-01-04 20:02:00,CPU,High,40,1,11,admin,14,1,CPU-Node-6,60,273
2026-01-04 20:04:00,CPU,Medium,10,8,0,user,26,1,CPU-Node-21,2,64
2026-01-04 20:06:00,CPU,High,36,14,3,user,19,1,CPU-Node-23,32,173
2026-01-04 20:08:00,GPU,Medium,28,1,9,admin,21,1,GPU-Node-45,48,216
2026-01-04 20:10:00,GPU,Medium,53,1,12,user,30,1,GPU-Node-6,75,372
2026-01-04 20:12:00,CPU,Low,25,9,4,user,12,1,CPU-Node-45,33,162
2026-01-04 20:14:00,CPU,Medium,34,3,6,user,12,1,CPU-Node-13,41,196
2026-01-04 20:16:00,CPU,High,39,4,9,user,19,1,CPU-Node-41,63,269
2026-01-04 20:18:00,GPU,High,29,2,11,user,43,1,GPU-Node-18,47,277
2026-01-04 20:20:00,CPU,High,56,8,9,user,5,1,CPU-Node-15,84,299
2026-01-04 20:22:00,CPU,Medium,17,14,2,user,27,1,CPU-Node-35,13,142
2026-01-04 20:24:00,CPU,Low,40,9,5,user,40,1,CPU-Node-20,49,196
2026-01-04 20:26:00,GPU,Low,42,3,11,user,20,1,GPU-Node-47,67,274
2026-01-04 20:28:00,CPU,High,42,8,12,user,28,1,CPU-Node-26,63,295
2026-01-04 20:30:00,CPU,High,38,10,6,user,40,1,CPU-Node-13,48,189
2026-01-04 20:32:00,CPU,High,28,3,2,user,43,1,CPU-Node-11,28,145
2026-01-04 20:34:00,GPU,Low,35,2,7,user,38,1,GPU-Node-5,41,207
2026-01-04 20:36:00,GPU,Low,36,3,11,user,20,1,GPU-Node-7,63,270
2026-01-04 20:38:00,CPU,High,32,7,6,user,33,1,CPU-Node-18,36,190
2026-01-04 20:40:00,CPU,High,38,9,2,user,33,1,CPU-Node-30,41,202
2026-01-04 20:42:00,GPU,Low,41,1,7,user,30,1,GPU-Node-40,54,240
2026-01-04 20:44:00,GPU,Low,28,0,5,user,34,0,GPU-Node-25,28,161
2026-01-04 20:46:00,GPU,Low,28,1,4,user,10,1,GPU-Node-36,34,158
2026-01-04 20:48:00,CPU,Low,44,10,6,user,31,1,CPU-Node-38,52,225
2026-01-04 20:50:00,CPU,Low,40,8,11,user,29,1,CPU-Node-7,62,318
2026-01-04 20:52:00,GPU,Medium,11,1,5,user,18,1,GPU-Node-27,13,151
2026-01-04 20:54:00,CPU,Medium,20,10,3,user,49,1,CPU-Node-19,29,139
2026-01-04 20:56:00,GPU,Medium,38,1,9,user,21,1,GPU-Node-19,52,279
2026-01-04 20:58:00,GPU,Low,27,2,9,user,27,1,GPU-Node-50,43,233
2026-01-04 21:00:00,CPU,Medium,19,6,0,user,31,1,CPU-Node-17,20,67
2026-01-04 21:02:00,CPU,Low,37,8,13,user,38,1,CPU-Node-2,59,308
2026-01-04 21:04:00,GPU,Low,51,0,5,user,41,0,GPU-Node-22,68,254
2026-01-04 21:06:00,CPU,High,25,9,6,user,26,1,CPU-Node-46,38,216
2026-01-04 21:08:00,CPU,Medium,60,4,12,user,50,1,CPU-Node-16,87,366
2026-01-04 21:10:00,CPU,High,38,10,2,admin,37,1,CPU-Node-27,46,175
2026-01-04 21:12:00,GPU,Medium,17,2,5,user,14,1,GPU-Node-39,30,131
2026-01-04 21:14:00,CPU,Medium,36,5,6,user,32,1,CPU-Node-28,48,222
2026-01-04 21:16:00,GPU,Medium,32,2,5,user,28,1,GPU-Node-47,45,186
2026-01-04 21:18:00,GPU,Low,27,1,11,user,22,1,GPU-Node-45,62,278
2026-01-04 21:20:00,CPU,High,38,5,5,user,43,1,CPU-Node-24,48,201
2026-01-04 21:22:00,GPU,Medium,51,3,11,user,22,1,GPU-Node-40,74,303
2026-01-04 21:24:00,CPU,Medium,24,9,5,user,19,1,CPU-Node-3,38,180
2026-01-04 21:26:00,GPU,Low,40,3,8,user,22,1,GPU-Node-30,55,244
2026-01-04 21:28:00,CPU,High,25,9,3,user,16,1,CPU-Node-15,36,131
2026-01-04 21:30:00,CPU,Medium,35,15,5,user,44,1,CPU-Node-6,39,211
2026-01-04 21:32:00,GPU,Medium,39,2,8,user,20,1,GPU-Node-26,61,216
2026-01-04 21:34:00,GPU,High,29,2,3,user,44,1,GPU-Node-35,29,132
2026-01-04 21:36:00,CPU,Medium,25,6,3,admin,20,1,CPU-Node-5,29,136
2026-01-04 21:38:00,CPU,High,40,10,12,user,27,1,CPU-Node-27,65,295
2026-01-04 21:40:00,GPU,Low,37,1,6,user,10,1,GPU-Node-48,44,201
2026-01-04 21:42:00,CPU,Low,39,8,9,user,42,1,CPU-Node-6,58,244
2026-01-04 21:44:00,GPU,Medium,42,1,8,user,30,1,GPU-Node-40,48,263
2026-01-04 21:46:00,GPU,Medium,26,1,7,user,49,1,GPU-Node-24,41,224
2026-01-04 21:48:00,GPU,Medium,18,1,6,user,35,1,GPU-Node-48,32,194
2026-01-04 21:50:00,CPU,High,12,10,8,user,41,1,CPU-Node-30,18,186
2026-01-04 21:52:00,CPU,Medium,34,8,10,user,24,1,CPU-Node-48,53,232
2026-01-04 21:54:00,CPU,High,42,8,11,user,25,1,CPU-Node-5,60,303
2026-01-04 21:56:00,CPU,Medium,42,5,13,user,22,1,CPU-Node-50,64,307
2026-01-04 21:58:00,CPU,Medium,30,10,7,user,36,1,CPU-Node-30,44,188
2026-01-04 22:00:00,CPU,Medium,22,8,6,user,32,1,CPU-Node-19,28,222
2026-01-04 22:02:00,CPU,Medium,67,10,16,user,34,0,CPU-Node-43,100,406
2026-01-04 22:04:00,CPU,High,21,16,4,user,40,1,CPU-Node-14,27,164
2026-01-04 22:06:00,GPU,Medium,10,0,0,user,31,0,GPU-Node-8,11,71
2026-01-04 22:08:00,CPU,High,55,7,9,admin,30,1,CPU-Node-17,72,281
2026-01-04 22:10:00,GPU,High,50,3,9,user,25,1,GPU-Node-28,70,256
2026-01-04 22:12:00,GPU,Medium,51,1,9,admin,26,1,GPU-Node-45,66,256
2026-01-04 22:14:00,CPU,Medium,31,8,5,admin,34,1,CPU-Node-24,38,177
2026-01-04 22:16:00,CPU,Low,25,9,3,user,30,1,CPU-Node-5,30,149
2026-01-04 22:18:00,CPU,Medium,38,11,15,user,27,1,CPU-Node-29,58,392
2026-01-04 22:20:00,GPU,Low,45,2,5,admin,31,1,GPU-Node-17,57,234
2026-01-04 22:22:00,CPU,High,26,11,3,user,31,1,CPU-Node-25,38,164
2026-01-04 22:24:00,CPU,Medium,44,5,5,user,36,1,CPU-Node-45,44,226
2026-01-04 22:26:00,CPU,Low,28,9,7,user,22,1,CPU-Node-29,36,209
2026-01-04 22:28:00,GPU,Low,46,0,7,user,26,0,GPU-Node-34,61,261
2026-01-04 22:30:00,CPU,Low,47,8,7,user,42,1,CPU-Node-14,63,255
2026-01-04 22:32:00,CPU,High,37,2,3,user,41,1,CPU-Node-46,43,174
2026-01-04 22:34:00,CPU,Low,29,1,4,user,10,1,CPU-Node-20,35,163
2026-01-04 22:36:00,CPU,Medium,29,6,5,user,20,1,CPU-Node-48,26,183
2026-01-04 22:38:00,CPU,Medium,33,5,10,user,31,1,CPU-Node-22,51,295
2026-01-04 22:40:00,CPU,Medium,41,1,5,user,35,1,CPU-Node-32,56,192
2026-01-04 22:42:00,GPU,High,18,0,3,user,22,0,GPU-Node-38,21,153
2026-01-04 22:44:00,GPU,High,27,2,9,user,38,1,GPU-Node-18,46,233
2026-01-04 22:46:00,GPU,High,34,0,5,admin,35,0,GPU-Node-20,42,213
2026-01-04 22:48:00,CPU,Low,37,7,7,user,60,1,CPU-Node-38,49,252
2026-01-04 22:50:00,GPU,High,28,1,13,admin,5,1,GPU-Node-27,57,290
2026-01-04 22:52:00,CPU,Low,35,6,4,user,19,1,CPU-Node-34,36,124
2026-01-04 22:54:00,CPU,Low,33,5,6,user,19,1,CPU-Node-21,45,213
2026-01-04 22:56:00,GPU,Medium,35,1,6,user,22,1,GPU-Node-20,38,199
2026-01-04 22:58:00,CPU,Medium,25,14,10,user,27,1,CPU-Node-46,47,260
2026-01-04 23:00:00,GPU,Medium,31,0,5,user,21,0,GPU-Node-15,41,171
2026-01-04 23:02:00,CPU,Low,31,5,3,user,16,1,CPU-Node-38,32,185
2026-01-04 23:04:00,CPU,Medium,34,9,5,user,19,1,CPU-Node-44,37,149
2026-01-04 23:06:00,CPU,Medium,35,11,7,user,45,1,CPU-Node-49,46,226
2026-01-04 23:08:00,CPU,Medium,21,7,8,user,27,1,CPU-Node-18,44,247
2026-01-04 23:10:00,CPU,High,20,6,3,user,40,1,CPU-Node-49,25,110
2026-01-04 23:12:00,GPU,High,50,1,16,user,31,0,GPU-Node-23,88,374
2026-01-04 23:14:00,CPU,High,43,6,14,user,29,1,CPU-Node-32,73,334
2026-01-04 23:16:00,GPU,Medium,30,0,3,user,16,0,GPU-Node-23,34,148
2026-01-04 23:18:00,CPU,High,41,8,12,admin,26,1,CPU-Node-10,58,304
2026-01-04 23:20:00,CPU,Medium,29,13,4,user,29,1,CPU-Node-49,43,181
2026-01-04 23:22:00,CPU,Low,35,7,5,user,35,1,CPU-Node-4,51,192
2026-01-04 23:24:00,CPU,High,57,9,10,user,29,1,CPU-Node-5,80,316
2026-01-04 23:26:00,CPU,Medium,22,6,3,user,39,1,CPU-Node-10,22,84
2026-01-04 23:28:00,GPU,High,31,0,8,user,45,0,GPU-Node-16,47,220
2026-01-04 23:30:00,CPU,High,51,4,12,user,43,1,CPU-Node-13,75,310
2026-01-04 23:32:00,CPU,Medium,29,9,3,user,31,1,CPU-Node-26,34,191
2026-01-04 23:34:00,GPU,Low,34,0,3,user,41,0,GPU-Node-25,43,163
2026-01-04 23:36:00,CPU,Medium,31,9,9,user,21,1,CPU-Node-29,53,247
2026-01-04 23:38:00,CPU,Medium,27,10,7,user,41,1,CPU-Node-31,40,174
2026-01-04 23:40:00,CPU,Medium,42,2,4,user,21,1,CPU-Node-41,42,203
2026-01-04 23:42:00,CPU,High,32,9,3,user,19,1,CPU-Node-26,39,158
2026-01-04 23:44:00,GPU,Medium,35,2,13,user,31,1,GPU-Node-41,53,304
2026-01-04 23:46:00,CPU,Low,29,5,0,user,26,1,CPU-Node-24,33,123
2026-01-04 23:48:00,GPU,Medium,40,3,0,user,15,1,GPU-Node-50,43,144
2026-01-04 23:50:00,CPU,High,40,3,14,user,48,1,CPU-Node-27,62,314
2026-01-04 23:52:00,GPU,High,30,2,5,admin,14,1,GPU-Node-11,36,176
2026-01-04 23:54:00,CPU,High,42,8,6,user,33,1,CPU-Node-37,55,258
2026-01-04 23:56:00,CPU,Medium,31,10,10,user,35,1,CPU-Node-9,59,232
2026-01-04 23:58:00,CPU,High,37,11,5,user,26,1,CPU-Node-39,50,189
2026-01-05 00:00:00,CPU,Medium,38,8,9,user,9,1,CPU-Node-10,56,266
2026-01-05 00:02:00,GPU,Low,20,0,0,user,20,0,GPU-Node-27,16,103
2026-01-05 00:04:00,CPU,Low,38,6,12,user,18,1,CPU-Node-50,55,288
2026-01-05 00:06:00,GPU,High,34,0,8,user,26,0,GPU-Node-8,49,180
2026-01-05 00:08:00,CPU,Medium,29,9,2,user,17,1,CPU-Node-18,33,164
2026-01-05 00:10:00,GPU,Medium,35,3,6,user,13,1,GPU-Node-43,51,202
2026-01-05 00:12:00,CPU,Low,52,4,16,user,48,0,CPU-Node-14,86,375
2026-01-05 00:14:00,CPU,Medium,44,6,15,user,29,1,CPU-Node-14,70,367
2026-01-05 00:16:00,GPU,High,31,1,2,user,25,1,GPU-Node-12,24,147
2026-01-05 00:18:00,GPU,High,33,2,10,admin,34,1,GPU-Node-16,58,261
2026-01-05 00:20:00,CPU,High,44,6,10,user,37,1,CPU-Node-3,63,278
2026-01-05 00:22:00,GPU,Low,37,2,5,user,26,1,GPU-Node-5,46,215
2026-01-05 00:24:00,CPU,Medium,27,7,3,user,36,1,CPU-Node-12,28,154
2026-01-05 00:26:00,CPU,High,48,10,8,user,36,1,CPU-Node-46,63,304
2026-01-05 00:28:00,GPU,Low,34,2,7,admin,29,1,GPU-Node-14,45,243
2026-01-05 00:30:00,CPU,Low,34,5,4,user,26,1,CPU-Node-15,49,170
2026-01-05 00:32:00,GPU,Medium,15,2,0,admin,9,1,GPU-Node-42,12,64
2026-01-05 00:34:00,CPU,High,44,5,8,user,25,1,CPU-Node-6,62,272
2026-01-05 00:36:00,CPU,Low,16,5,7,user,21,1,CPU-Node-40,36,173
2026-01-05 00:38:00,CPU,High,43,8,10,user,23,1,CPU-Node-50,58,290
2026-01-05 00:40:00,CPU,Medium,36,6,0,user,52,1,CPU-Node-48,41,88
2026-01-05 00:42:00,CPU,Low,43,4,6,user,12,1,CPU-Node-18,56,250
2026-01-05 00:44:00,CPU,Medium,49,6,11,user,27,1,CPU-Node-14,71,319
2026-01-05 00:46:00,CPU,Medium,54,5,10,user,26,1,CPU-Node-37,76,282
2026-01-05 00:48:00,CPU,High,41,9,9,user,15,1,CPU-Node-31,65,282
2026-01-05 00:50:00,GPU,Medium,36,1,9,user,21,1,GPU-Node-31,58,247
2026-01-05 00:52:00,CPU,Medium,41,11,9,user,35,1,CPU-Node-19,62,246
2026-01-05 00:54:00,CPU,Low,26,8,4,user,36,1,CPU-Node-30,40,163
2026-01-05 00:56:00,GPU,High,48,1,10,admin,6,1,GPU-Node-35,70,313
2026-01-05 00:58:00,CPU,High,28,13,3,user,35,1,CPU-Node-20,33,143
2026-01-05 01:00:00,GPU,High,45,1,10,admin,38,1,GPU-Node-12,68,317
2026-01-05 01:02:00,GPU,Low,14,1,2,admin,11,1,GPU-Node-42,14,94
2026-01-05 01:04:00,CPU,Medium,28,10,1,user,33,1,CPU-Node-2,28,114
2026-01-05 01:06:00,CPU,Low,28,7,2,user,28,1,CPU-Node-24,36,134
2026-01-05 01:08:00,CPU,Medium,33,6,5,admin,38,1,CPU-Node-48,46,161
2026-01-05 01:10:00,CPU,Low,21,8,5,user,29,1,CPU-Node-26,30,163
2026-01-05 01:12:00,CPU,Low,36,7,5,user,29,1,CPU-Node-49,49,188
2026-01-05 01:14:00,GPU,High,24,2,8,admin,20,1,GPU-Node-38,44,222
2026-01-05 01:16:00,CPU,Low,44,13,8,user,20,1,CPU-Node-13,62,279
2026-01-05 01:18:00,GPU,High,23,3,5,user,47,1,GPU-Node-23,34,164
2026-01-05 01:20:00,GPU,High,42,2,6,user,43,1,GPU-Node-34,52,194
2026-01-05 01:22:00,GPU,Low,56,2,12,user,37,1,GPU-Node-16,83,339
2026-01-05 01:24:00,GPU,Medium,29,3,9,user,28,1,GPU-Node-6,51,269
2026-01-05 01:26:00,GPU,Medium,53,3,12,user,29,1,GPU-Node-11,77,321
2026-01-05 01:28:00,GPU,Medium,25,0,2,user,25,0,GPU-Node-32,29,119
2026-01-05 01:30:00,CPU,High,23,11,2,user,22,1,CPU-Node-15,34,124
2026-01-05 01:32:00,GPU,Medium,36,2,8,user,18,1,GPU-Node-1,43,251
2026-01-05 01:34:00,GPU,Low,43,3,9,admin,16,1,GPU-Node-4,56,279
2026-01-05 01:36:00,GPU,Low,40,1,7,user,42,1,GPU-Node-45,53,245
2026-01-05 01:38:00,CPU,Medium,21,7,7,user,17,1,CPU-Node-39,35,184
2026-01-05 01:40:00,CPU,Medium,25,10,8,user,40,1,CPU-Node-26,40,211
2026-01-05 01:42:00,CPU,Medium,20,10,2,user,23,1,CPU-Node-11,29,134
2026-01-05 01:44:00,GPU,Low,23,2,0,user,26,1,GPU-Node-48,28,72
2026-01-05 01:46:00,GPU,Low,16,2,4,admin,19,1,GPU-Node-13,26,151
2026-01-05 01:48:00,CPU,Medium,19,4,3,user,30,1,CPU-Node-12,19,118
2026-01-05 01:50:00,GPU,High,33,1,9,admin,33,1,GPU-Node-35,61,251
2026-01-05 01:52:00,CPU,Low,44,8,10,user,35,1,CPU-Node-3,64,301
2026-01-05 01:54:00,CPU,Medium,45,3,10,user,33,1,CPU-Node-3,67,269
2026-01-05 01:56:00,CPU,Low,31,7,3,admin,28,1,CPU-Node-14,31,163
2026-01-05 01:58:00,GPU,High,35,3,8,user,25,1,GPU-Node-21,55,228
2026-01-05 02:00:00,GPU,Medium,39,3,6,user,21,1,GPU-Node-50,50,275
2026-01-05 02:02:00,GPU,Medium,31,1,4,admin,33,1,GPU-Node-34,39,191
2026-01-05 02:04:00,CPU,Medium,39,8,10,user,29,1,CPU-Node-42,58,240
2026-01-05 02:06:00,GPU,Medium,29,3,6,user,31,1,GPU-Node-14,39,228
2026-01-05 02:08:00,CPU,Low,35,7,11,user,43,1,CPU-Node-49,55,249
2026-01-05 02:10:00,GPU,Low,37,2,3,user,18,1,GPU-Node-27,50,174
2026-01-05 02:12:00,GPU,High,32,1,7,user,25,1,GPU-Node-35,46,221
2026-01-05 02:14:00,GPU,Medium,51,1,8,admin,38,1,GPU-Node-14,71,282
2026-01-05 02:16:00,GPU,High,31,2,6,user,47,1,GPU-Node-13,48,195
2026-01-05 02:18:00,CPU,Medium,30,8,0,user,28,1,CPU-Node-4,29,117
2026-01-05 02:20:00,GPU,High,50,2,10,admin,41,1,GPU-Node-17,75,307
2026-01-05 02:22:00,CPU,Low,50,7,12,admin,37,1,CPU-Node-32,79,337
2026-01-05 02:24:00,CPU,Medium,20,7,2,user,45,1,CPU-Node-47,26,132
2026-01-05 02:26:00,CPU,High,27,16,4,user,30,1,CPU-Node-5,28,155
2026-01-05 02:28:00,CPU,High,23,6,0,user,35,1,CPU-Node-36,13,119
2026-01-05 02:30:00,CPU,Low,18,9,4,user,32,1,CPU-Node-37,22,145
2026-01-05 02:32:00,CPU,Medium,44,1,4,user,39,1,CPU-Node-17,47,191
2026-01-05 02:34:00,CPU,High,24,2,6,user,17,1,CPU-Node-12,39,203
2026-01-05 02:36:00,CPU,Medium,49,10,6,user,25,1,CPU-Node-48,61,230
2026-01-05 02:38:00,CPU,High,10,8,3,user,23,1,CPU-Node-46,16,118
2026-01-05 02:40:00,GPU,High,35,1,4,user,30,1,GPU-Node-48,41,169
2026-01-05 02:42:00,GPU,High,35,1,2,user,35,1,GPU-Node-47,30,141
2026-01-05 02:44:00,CPU,High,39,4,4,user,27,1,CPU-Node-12,56,230
2026-01-05 02:46:00,CPU,Low,42,4,10,user,30,1,CPU-Node-19,58,302
2026-01-05 02:48:00,CPU,High,21,8,3,user,30,1,CPU-Node-20,22,129
2026-01-05 02:50:00,CPU,Low,51,7,7,user,53,1,CPU-Node-10,62,264
2026-01-05 02:52:00,CPU,Low,26,6,0,user,23,1,CPU-Node-14,35,98
2026-01-05 02:54:00,CPU,Low,20,8,5,user,49,1,CPU-Node-35,29,148
2026-01-05 02:56:00,CPU,High,36,6,8,admin,28,1,CPU-Node-40,50,236
2026-01-05 02:58:00,GPU,Medium,25,2,9,admin,35,1,GPU-Node-24,44,252
2026-01-05 03:00:00,GPU,Medium,42,2,12,user,27,1,GPU-Node-3,67,320
2026-01-05 03:02:00,CPU,Low,34,8,6,user,22,1,CPU-Node-19,46,205
2026-01-05 03:04:00,CPU,Medium,47,6,16,user,24,0,CPU-Node-36,75,387
2026-01-05 03:06:00,GPU,Medium,53,3,16,user,10,0,GPU-Node-6,74,399
2026-01-05 03:08:00,GPU,Medium,23,1,0,admin,24,1,GPU-Node-47,16,101
2026-01-05 03:10:00,CPU,High,40,8,16,user,33,0,CPU-Node-22,75,326
2026-01-05 03:12:00,GPU,Medium,38,1,7,admin,41,1,GPU-Node-34,56,213
2026-01-05 03:14:00,CPU,Low,34,5,3,user,41,1,CPU-Node-14,43,153
2026-01-05 03:16:00,GPU,High,36,2,7,user,11,1,GPU-Node-19,52,234
2026-01-05 03:18:00,CPU,High,20,4,3,user,41,1,CPU-Node-20,23,130
2026-01-05 03:20:00,GPU,Low,43,2,5,user,33,1,GPU-Node-28,50,230
2026-01-05 03:22:00,CPU,Low,25,8,6,user,18,1,CPU-Node-38,33,182
2026-01-05 03:24:00,CPU,Medium,53,8,11,user,16,1,CPU-Node-3,75,306
2026-01-05 03:26:00,CPU,Low,33,7,10,user,33,1,CPU-Node-48,47,257
2026-01-05 03:28:00,GPU,Low,39,2,4,user,42,1,GPU-Node-23,48,239
2026-01-05 03:30:00,GPU,Low,29,0,2,user,28,0,GPU-Node-31,32,119
2026-01-05 03:32:00,GPU,Medium,39,2,8,user,30,1,GPU-Node-39,60,257
2026-01-05 03:34:00,CPU,Low,44,7,9,user,49,1,CPU-Node-46,53,283
2026-01-05 03:36:00,GPU,High,47,2,9,user,29,1,GPU-Node-5,67,281
2026-01-05 03:38:00,CPU,Low,60,9,12,user,28,1,CPU-Node-5,84,350
2026-01-05 03:40:00,CPU,Low,33,11,8,user,27,1,CPU-Node-10,51,235
2026-01-05 03:42:00,CPU,Medium,41,5,6,user,48,1,CPU-Node-50,57,210
2026-01-05 03:44:00,CPU,Medium,46,10,6,user,10,1,CPU-Node-38,62,238
2026-01-05 03:46:00,CPU,Medium,27,10,5,user,10,1,CPU-Node-30,30,143
2026-01-05 03:48:00,GPU,Medium,35,2,8,user,28,1,GPU-Node-17,60,227
2026-01-05 03:50:00,GPU,Low,26,1,5,user,36,1,GPU-Node-11,34,182
2026-01-05 03:52:00,CPU,High,37,9,10,user,44,1,CPU-Node-11,57,276
2026-01-05 03:54:00,CPU,Medium,34,10,4,user,34,1,CPU-Node-36,39,185
2026-01-05 03:56:00,GPU,Medium,39,3,10,user,22,1,GPU-Node-3,60,311
2026-01-05 03:58:00,GPU,Medium,39,1,10,admin,30,1,GPU-Node-16,65,277
2026-01-05 04:00:00,CPU,Medium,34,11,9,user,42,1,CPU-Node-30,49,219
2026-01-05 04:02:00,CPU,High,52,9,6,user,23,1,CPU-Node-50,66,252
2026-01-05 04:04:00,CPU,Medium,40,6,7,admin,35,1,CPU-Node-8,54,229
2026-01-05 04:06:00,CPU,High,23,5,2,user,25,1,CPU-Node-39,22,108
2026-01-05 04:08:00,CPU,Medium,37,12,8,user,48,1,CPU-Node-36,53,267
2026-01-05 04:10:00,CPU,Medium,35,9,6,user,31,1,CPU-Node-40,47,195
2026-01-05 04:12:00,CPU,High,35,15,5,user,37,1,CPU-Node-31,48,212
2026-01-05 04:14:00,CPU,Medium,22,9,0,admin,17,1,CPU-Node-25,24,104
2026-01-05 04:16:00,GPU,Medium,26,0,5,user,22,0,GPU-Node-40,35,201
2026-01-05 04:18:00,CPU,High,25,7,9,admin,16,1,CPU-Node-5,44,238
2026-01-05 04:20:00,CPU,Medium,35,12,4,admin,44,1,CPU-Node-48,38,179
2026-01-05 04:22:00,GPU,Low,25,1,5,user,48,1,GPU-Node-5,34,179
2026-01-05 04:24:00,GPU,Medium,28,2,7,user,48,1,GPU-Node-24,41,261
2026-01-05 04:26:00,CPU,Medium,46,5,8,user,18,1,CPU-Node-16,69,239
2026-01-05 04:28:00,CPU,High,22,7,3,user,32,1,CPU-Node-14,24,156
2026-01-05 04:30:00,CPU,Low,43,7,13,admin,32,1,CPU-Node-44,64,290
2026-01-05 04:32:00,GPU,Low,39,2,8,admin,13,1,GPU-Node-49,64,253
2026-01-05 04:34:00,CPU,Medium,42,8,6,user,25,1,CPU-Node-46,54,243
2026-01-05 04:36:00,CPU,Medium,37,5,8,user,15,1,CPU-Node-20,53,237
2026-01-05 04:38:00,GPU,Medium,35,0,10,user,19,0,GPU-Node-31,50,270
2026-01-05 04:40:00,CPU,Medium,30,12,4,user,23,1,CPU-Node-34,34,192
2026-01-05 04:42:00,GPU,Low,31,2,13,user,31,1,GPU-Node-18,56,340
2026-01-05 04:44:00,GPU,Low,43,1,10,admin,25,1,GPU-Node-46,68,279
2026-01-05 04:46:00,GPU,Medium,28,2,2,user,32,1,GPU-Node-7,29,124
2026-01-05 04:48:00,CPU,Medium,27,7,3,admin,34,1,CPU-Node-49,28,167
2026-01-05 04:50:00,GPU,Medium,52,1,11,user,36,1,GPU-Node-36,69,319
2026-01-05 04:52:00,GPU,Medium,24,1,0,user,35,1,GPU-Node-34,18,102
2026-01-05 04:54:00,GPU,Medium,33,2,6,user,18,1,GPU-Node-3,40,202
2026-01-05 04:56:00,GPU,High,36,3,9,user,11,1,GPU-Node-7,56,255
2026-01-05 04:58:00,GPU,Low,33,2,4,user,25,1,GPU-Node-41,57,177
2026-01-05 05:00:00,GPU,Medium,32,1,5,user,24,1,GPU-Node-3,31,184
2026-01-05 05:02:00,CPU,Low,30,9,8,admin,50,1,CPU-Node-49,46,197
2026-01-05 05:04:00,CPU,Low,25,8,2,user,37,1,CPU-Node-15,34,129
2026-01-05 05:06:00,GPU,Medium,15,1,2,user,34,1,GPU-Node-32,17,82
2026-01-05 05:08:00,GPU,Medium,46,3,7,user,16,1,GPU-Node-47,56,209
2026-01-05 05:10:00,GPU,High,28,1,7,admin,26,1,GPU-Node-48,45,198
2026-01-05 05:12:00,GPU,High,29,1,7,user,40,1,GPU-Node-43,47,255
2026-01-05 05:14:00,CPU,High,33,10,8,user,15,1,CPU-Node-39,58,208
2026-01-05 05:16:00,GPU,Medium,21,1,5,admin,35,1,GPU-Node-8,34,172
2026-01-05 05:18:00,CPU,Low,45,4,11,user,26,1,CPU-Node-24,63,297
2026-01-05 05:20:00,GPU,Medium,38,1,6,user,26,1,GPU-Node-2,35,221
2026-01-05 05:22:00,CPU,Low,28,10,1,user,38,1,CPU-Node-27,32,86
2026-01-05 05:24:00,CPU,Medium,16,2,0,user,42,1,CPU-Node-40,19,65
2026-01-05 05:26:00,GPU,Medium,37,2,4,user,22,1,GPU-Node-34,54,188
2026-01-05 05:28:00,GPU,Low,38,2,8,user,28,1,GPU-Node-13,49,241
2026-01-05 05:30:00,GPU,Low,38,2,4,user,40,1,GPU-Node-24,44,184
2026-01-05 05:32:00,CPU,Medium,42,8,6,user,25,1,CPU-Node-6,61,227
2026-01-05 05:34:00,GPU,Medium,31,0,5,user,53,0,GPU-Node-14,22,184
2026-01-05 05:36:00,GPU,Low,42,0,6,admin,38,0,GPU-Node-38,60,233
2026-01-05 05:38:00,CPU,Medium,48,6,8,user,17,1,CPU-Node-50,58,226
2026-01-05 05:40:00,CPU,Low,24,6,0,user,22,1,CPU-Node-46,33,121
2026-01-05 05:42:00,GPU,Low,33,1,4,user,21,1,GPU-Node-1,39,203
2026-01-05 05:44:00,GPU,High,47,1,9,user,26,1,GPU-Node-16,55,322
2026-01-05 05:46:00,GPU,Medium,26,2,2,user,40,1,GPU-Node-45,28,103
2026-01-05 05:48:00,CPU,High,21,7,8,user,31,1,CPU-Node-4,35,209
2026-01-05 05:50:00,GPU,High,36,1,8,user,29,1,GPU-Node-23,47,263
2026-01-05 05:52:00,CPU,Low,37,5,6,user,34,1,CPU-Node-12,46,251
2026-01-05 05:54:00,GPU,Medium,35,1,9,admin,15,1,GPU-Node-36,53,243
2026-01-05 05:56:00,CPU,Low,32,8,9,user,37,1,CPU-Node-12,50,271
2026-01-05 05:58:00,GPU,Medium,43,1,6,user,29,1,GPU-Node-24,50,188
2026-01-05 06:00:00,CPU,Medium,27,2,8,user,36,1,CPU-Node-11,39,232
2026-01-05 06:02:00,CPU,Medium,37,9,12,user,22,1,CPU-Node-19,60,311
2026-01-05 06:04:00,CPU,Low,16,3,2,user,36,1,CPU-Node-47,9,64
2026-01-05 06:06:00,CPU,Low,50,7,5,user,46,1,CPU-Node-40,58,233
2026-01-05 06:08:00,CPU,High,29,10,1,user,30,1,CPU-Node-23,37,118
2026-01-05 06:10:00,GPU,High,26,0,6,user,49,0,GPU-Node-19,44,189
2026-01-05 06:12:00,CPU,Medium,35,5,7,user,43,1,CPU-Node-6,56,248
2026-01-05 06:14:00,CPU,Low,40,12,9,user,25,1,CPU-Node-6,57,248
2026-01-05 06:16:00,GPU,High,14,2,0,user,25,1,GPU-Node-7,14,70
2026-01-05 06:18:00,GPU,Low,33,1,6,user,42,1,GPU-Node-47,41,180
2026-01-05 06:20:00,GPU,High,47,2,12,user,35,1,GPU-Node-6,66,303
2026-01-05 06:22:00,CPU,Medium,55,9,7,user,46,1,CPU-Node-7,64,297
2026-01-05 06:24:00,CPU,Medium,45,1,10,user,24,1,CPU-Node-46,58,254
2026-01-05 06:26:00,GPU,Low,21,2,6,user,37,1,GPU-Node-34,29,183
2026-01-05 06:28:00,CPU,Medium,24,8,7,admin,32,1,CPU-Node-20,32,198
2026-01-05 06:30:00,CPU,Low,31,12,6,user,18,1,CPU-Node-10,38,202
2026-01-05 06:32:00,CPU,High,47,5,10,user,32,1,CPU-Node-25,65,283
2026-01-05 06:34:00,GPU,Medium,39,1,7,user,44,1,GPU-Node-5,52,230
2026-01-05 06:36:00,CPU,Low,45,6,10,user,39,1,CPU-Node-1,51,280
2026-01-05 06:38:00,GPU,High,30,2,0,admin,24,1,GPU-Node-16,30,94
2026-01-05 06:40:00,GPU,Medium,32,4,6,user,15,1,GPU-Node-16,41,214
2026-01-05 06:42:00,GPU,Low,42,1,7,admin,32,1,GPU-Node-10,59,254
2026-01-05 06:44:00,GPU,Medium,35,1,3,admin,25,1,GPU-Node-3,38,141
2026-01-05 06:46:00,CPU,Medium,14,6,0,admin,28,1,CPU-Node-17,18,80
2026-01-05 06:48:00,GPU,High,35,2,3,user,31,1,GPU-Node-6,33,192
2026-01-05 06:50:00,CPU,High,23,14,4,user,20,1,CPU-Node-33,34,196
2026-01-05 06:52:00,CPU,Medium,32,9,7,user,37,1,CPU-Node-45,47,231
2026-01-05 06:54:00,CPU,Low,36,9,10,admin,31,1,CPU-Node-45,57,291
2026-01-05 06:56:00,CPU,Low,25,9,8,user,16,1,CPU-Node-10,33,276
2026-01-05 06:58:00,GPU,Medium,38,2,3,user,39,1,GPU-Node-13,35,186
2026-01-05 07:00:00,CPU,Medium,34,10,4,user,34,1,CPU-Node-37,42,163
2026-01-05 07:02:00,CPU,High,45,10,7,user,24,1,CPU-Node-4,48,261
2026-01-05 07:04:00,GPU,Low,36,1,3,user,21,1,GPU-Node-50,47,142
2026-01-05 07:06:00,GPU,Low,44,1,10,admin,31,1,GPU-Node-40,69,289
2026-01-05 07:08:00,CPU,Medium,43,12,5,user,34,1,CPU-Node-31,37,241
2026-01-05 07:10:00,CPU,Low,23,14,8,user,36,1,CPU-Node-4,28,204
2026-01-05 07:12:00,CPU,Low,37,6,12,user,34,1,CPU-Node-43,54,311
2026-01-05 07:14:00,CPU,Medium,33,7,7,user,34,1,CPU-Node-6,48,197
2026-01-05 07:16:00,CPU,Medium,19,13,12,user,38,1,CPU-Node-30,43,297
2026-01-05 07:18:00,CPU,High,20,4,7,user,26,1,CPU-Node-5,35,173
2026-01-05 07:20:00,GPU,Medium,55,2,8,user,27,1,GPU-Node-33,71,262
2026-01-05 07:22:00,CPU,Medium,22,7,0,user,31,1,CPU-Node-35,18,119
2026-01-05 07:24:00,CPU,High,33,8,9,user,11,1,CPU-Node-46,47,243
2026-01-05 07:26:00,GPU,Medium,43,1,8,admin,34,1,GPU-Node-5,54,280
2026-01-05 07:28:00,CPU,Medium,27,10,4,user,22,1,CPU-Node-26,31,182
2026-01-05 07:30:00,CPU,Medium,31,12,2,user,33,1,CPU-Node-11,37,127
2026-01-05 07:32:00,CPU,Medium,37,6,0,user,45,1,CPU-Node-33,33,111
2026-01-05 07:34:00,CPU,High,38,6,1,user,28,1,CPU-Node-41,47,174
2026-01-05 07:36:00,CPU,Low,34,4,6,user,38,1,CPU-Node-48,45,187
2026-01-05 07:38:00,CPU,Low,32,9,7,user,42,1,CPU-Node-16,43,232
2026-01-05 07:40:00,CPU,Low,48,9,10,user,18,1,CPU-Node-42,66,294
2026-01-05 07:42:00,CPU,Low,23,7,7,user,32,1,CPU-Node-8,41,199
2026-01-05 07:44:00,GPU,High,23,2,8,user,40,1,GPU-Node-37,36,202
2026-01-05 07:46:00,CPU,High,43,7,9,admin,22,1,CPU-Node-26,71,278
2026-01-05 07:48:00,CPU,Low,35,7,9,user,40,1,CPU-Node-49,49,250
2026-01-05 07:50:00,CPU,High,28,4,5,user,20,1,CPU-Node-46,31,195
2026-01-05 07:52:00,CPU,Low,17,10,1,user,39,1,CPU-Node-4,21,137
2026-01-05 07:54:00,CPU,Low,51,3,11,user,35,1,CPU-Node-22,69,314
2026-01-05 07:56:00,CPU,Medium,43,8,8,user,28,1,CPU-Node-34,54,233
2026-01-05 07:58:00,GPU,Low,29,3,8,user,35,1,GPU-Node-49,50,250
2026-01-05 08:00:00,CPU,Low,30,8,11,user,35,1,CPU-Node-48,48,249
2026-01-05 08:02:00,GPU,Medium,31,3,3,user,32,1,GPU-Node-30,45,151
2026-01-05 08:04:00,CPU,High,15,9,4,user,12,1,CPU-Node-29,9,135
2026-01-05 08:06:00,CPU,Low,43,7,2,user,36,1,CPU-Node-8,41,173
2026-01-05 08:08:00,CPU,Low,28,6,9,user,26,1,CPU-Node-45,38,283
2026-01-05 08:10:00,GPU,Medium,28,2,8,user,34,1,GPU-Node-48,43,194
2026-01-05 08:12:00,GPU,Medium,43,1,7,user,38,1,GPU-Node-44,59,273
2026-01-05 08:14:00,GPU,Low,66,2,8,user,22,1,GPU-Node-5,88,288
2026-01-05 08:16:00,GPU,Medium,39,2,12,user,36,1,GPU-Node-34,60,306
2026-01-05 08:18:00,GPU,Medium,42,1,15,user,17,1,GPU-Node-40,71,395
2026-01-05 08:20:00,CPU,High,43,6,9,user,28,1,CPU-Node-10,73,289
2026-01-05 08:22:00,GPU,Medium,41,1,7,user,29,1,GPU-Node-40,52,283
2026-01-05 08:24:00,GPU,High,29,1,6,user,12,1,GPU-Node-32,44,168
2026-01-05 08:26:00,CPU,High,20,3,8,user,37,1,CPU-Node-1,39,207
2026-01-05 08:28:00,CPU,High,44,1,11,user,5,1,CPU-Node-15,61,297
2026-01-05 08:30:00,CPU,High,35,8,7,user,33,1,CPU-Node-42,60,210
2026-01-05 08:32:00,GPU,Medium,35,1,6,user,25,1,GPU-Node-21,54,200
2026-01-05 08:34:00,GPU,Low,19,1,4,user,21,1,GPU-Node-39,26,124
2026-01-05 08:36:00,GPU,High,32,0,7,user,22,0,GPU-Node-42,48,231
2026-01-05 08:38:00,CPU,High,24,4,10,user,35,1,CPU-Node-40,50,278
2026-01-05 08:40:00,CPU,Low,27,6,9,user,31,1,CPU-Node-16,40,230
2026-01-05 08:42:00,CPU,Low,35,12,10,admin,30,1,CPU-Node-48,60,247
2026-01-05 08:44:00,GPU,Medium,35,1,5,user,20,1,GPU-Node-29,37,181
2026-01-05 08:46:00,GPU,Medium,39,0,3,user,32,0,GPU-Node-49,45,158
2026-01-05 08:48:00,GPU,Low,44,2,7,user,31,1,GPU-Node-27,57,285
2026-01-05 08:50:00,CPU,High,39,5,7,user,22,1,CPU-Node-13,51,187
2026-01-05 08:52:00,CPU,Medium,42,8,13,user,45,1,CPU-Node-7,67,353
2026-01-05 08:54:00,CPU,Medium,30,8,6,user,20,1,CPU-Node-7,42,207
2026-01-05 08:56:00,GPU,High,39,2,6,user,26,1,GPU-Node-7,54,233
2026-01-05 08:58:00,CPU,Medium,40,5,12,user,32,1,CPU-Node-13,64,305
2026-01-05 09:00:00,CPU,Medium,71,7,11,user,44,1,CPU-Node-50,88,377
2026-01-05 09:02:00,CPU,Medium,75,8,11,user,45,1,CPU-Node-34,100,360
2026-01-05 09:04:00,CPU,High,77,7,13,user,8,1,CPU-Node-27,100,404
2026-01-05 09:06:00,GPU,Medium,66,2,8,user,54,1,GPU-Node-5,78,333
2026-01-05 09:08:00,CPU,High,66,8,13,user,26,1,CPU-Node-27,84,401
2026-01-05 09:10:00,GPU,Low,54,1,11,user,5,1,GPU-Node-31,73,292
2026-01-05 09:12:00,GPU,High,85,3,12,admin,42,1,GPU-Node-13,100,376
2026-01-05 09:14:00,CPU,High,69,12,13,user,8,1,CPU-Node-9,89,373
2026-01-05 09:16:00,CPU,Medium,96,12,22,admin,27,0,CPU-Node-35,100,553
2026-01-05 09:18:00,CPU,Low,65,8,17,admin,36,0,CPU-Node-14,100,456
2026-01-05 09:20:00,CPU,Medium,55,4,7,user,38,1,CPU-Node-47,71,255
2026-01-05 09:22:00,GPU,Medium,68,1,10,user,35,1,GPU-Node-4,91,335
2026-01-05 09:24:00,CPU,High,76,6,14,user,35,1,CPU-Node-16,100,433
2026-01-05 09:26:00,GPU,Medium,62,1,9,admin,32,1,GPU-Node-15,87,283
2026-01-05 09:28:00,GPU,Medium,65,2,9,user,29,1,GPU-Node-7,75,339
2026-01-05 09:30:00,CPU,High,92,9,19,user,31,0,CPU-Node-2,100,508
2026-01-05 09:32:00,CPU,Low,75,9,15,user,55,1,CPU-Node-14,100,441
2026-01-05 09:34:00,CPU,Medium,70,10,7,admin,24,1,CPU-Node-23,79,294
2026-01-05 09:36:00,CPU,Low,73,10,18,user,35,0,CPU-Node-10,100,478
2026-01-05 09:38:00,CPU,Medium,89,7,18,user,38,0,CPU-Node-36,100,503
2026-01-05 09:40:00,CPU,High,81,9,23,user,36,0,CPU-Node-2,100,569
2026-01-05 09:42:00,GPU,Medium,75,2,12,user,41,1,GPU-Node-14,100,383
2026-01-05 09:44:00,GPU,Medium,78,1,20,admin,21,0,GPU-Node-29,100,517
2026-01-05 09:46:00,CPU,High,68,4,15,user,40,1,CPU-Node-48,100,401
2026-01-05 09:48:00,CPU,Medium,61,11,10,user,44,1,CPU-Node-46,80,332
2026-01-05 09:50:00,CPU,Medium,73,3,17,user,31,0,CPU-Node-20,100,437
2026-01-05 09:52:00,GPU,Low,72,3,18,user,32,0,GPU-Node-11,100,449
2026-01-05 09:54:00,GPU,Low,82,1,13,user,27,1,GPU-Node-10,100,412
2026-01-05 09:56:00,GPU,Low,94,2,18,user,12,0,GPU-Node-35,100,477
2026-01-05 09:58:00,CPU,Low,64,7,13,user,28,1,CPU-Node-10,88,377
2026-01-05 10:00:00,CPU,Low,76,8,18,user,14,0,CPU-Node-26,100,465
2026-01-05 10:02:00,GPU,Low,86,4,15,admin,24,1,GPU-Node-13,100,436
2026-01-05 10:04:00,GPU,Medium,66,0,15,admin,25,0,GPU-Node-30,87,439
2026-01-05 10:06:00,CPU,Low,71,11,15,user,15,1,CPU-Node-31,100,402
2026-01-05 10:08:00,CPU,Low,85,10,18,user,27,0,CPU-Node-25,100,481
2026-01-05 10:10:00,CPU,Low,69,1,14,user,15,1,CPU-Node-24,89,419
2026-01-05 10:12:00,GPU,Medium,73,2,15,admin,24,1,GPU-Node-22,93,448
2026-01-05 10:14:00,GPU,Low,78,0,21,user,33,0,GPU-Node-6,100,541
2026-01-05 10:16:00,GPU,Low,75,1,18,user,37,0,GPU-Node-27,100,461
2026-01-05 10:18:00,CPU,High,68,10,14,user,33,1,CPU-Node-28,88,406
2026-01-05 10:20:00,CPU,High,86,9,19,user,5,0,CPU-Node-6,100,488
2026-01-05 10:22:00,GPU,Low,71,0,15,user,26,0,GPU-Node-25,100,414
2026-01-05 10:24:00,CPU,Low,61,10,17,user,40,0,CPU-Node-49,96,405
2026-01-05 10:26:00,CPU,Low,84,7,11,user,32,1,CPU-Node-39,100,384
2026-01-05 10:28:00,CPU,Low,87,6,17,user,31,0,CPU-Node-18,100,465
2026-01-05 10:30:00,GPU,Medium,84,2,22,admin,34,0,GPU-Node-9,100,545
2026-01-05 10:32:00,GPU,High,60,2,8,user,28,1,GPU-Node-48,73,286
2026-01-05 10:34:00,CPU,Low,73,12,13,user,32,1,CPU-Node-17,93,365
2026-01-05 10:36:00,CPU,Medium,74,9,19,user,49,0,CPU-Node-11,100,489
2026-01-05 10:38:00,CPU,Low,74,11,12,user,31,1,CPU-Node-25,99,389
2026-01-05 10:40:00,GPU,Medium,71,1,13,admin,33,1,GPU-Node-47,99,402
2026-01-05 10:42:00,GPU,Medium,85,2,20,user,34,0,GPU-Node-33,100,500
2026-01-05 10:44:00,GPU,Medium,74,1,16,user,20,0,GPU-Node-16,100,413
2026-01-05 10:46:00,GPU,High,71,0,17,user,51,0,GPU-Node-47,100,440
2026-01-05 10:48:00,CPU,High,79,9,13,user,29,1,CPU-Node-22,97,357
2026-01-05 10:50:00,GPU,Low,79,0,13,user,20,0,GPU-Node-27,100,380
2026-01-05 10:52:00,GPU,High,72,1,14,admin,40,1,GPU-Node-28,100,413
2026-01-05 10:54:00,CPU,Medium,85,11,13,user,37,1,CPU-Node-13,100,390
2026-01-05 10:56:00,CPU,Medium,71,12,15,user,17,1,CPU-Node-17,91,402
2026-01-05 10:58:00,GPU,Medium,84,0,15,admin,22,0,GPU-Node-3,100,426
2026-01-05 11:00:00,CPU,Low,73,5,14,user,30,1,CPU-Node-6,100,385
2026-01-05 11:02:00,CPU,Low,82,6,18,admin,33,0,CPU-Node-5,100,472
2026-01-05 11:04:00,GPU,Medium,93,4,17,user,21,0,GPU-Node-28,100,486
2026-01-05 11:06:00,CPU,Low,60,9,11,user,37,1,CPU-Node-35,81,354
2026-01-05 11:08:00,CPU,Medium,80,10,19,user,38,0,CPU-Node-31,100,479
2026-01-05 11:10:00,GPU,Low,72,0,13,user,36,0,GPU-Node-10,100,389
2026-01-05 11:12:00,CPU,High,68,12,8,admin,44,1,CPU-Node-33,79,288
2026-01-05 11:14:00,GPU,Medium,75,1,15,user,16,1,GPU-Node-5,100,428
2026-01-05 11:16:00,CPU,Medium,68,7,8,user,33,1,CPU-Node-22,80,341
2026-01-05 11:18:00,CPU,Medium,61,10,18,user,13,0,CPU-Node-26,91,404
2026-01-05 11:20:00,GPU,Medium,78,1,16,user,19,0,GPU-Node-29,100,470
2026-01-05 11:22:00,CPU,High,94,12,17,admin,43,1,CPU-Node-43,100,511
2026-01-05 11:24:00,GPU,Medium,91,2,11,admin,38,1,GPU-Node-22,100,393
2026-01-05 11:26:00,GPU,Low,74,1,15,admin,34,1,GPU-Node-9,100,424
2026-01-05 11:28:00,CPU,High,72,7,10,user,26,1,CPU-Node-16,99,360
2026-01-05 11:30:00,GPU,High,82,2,12,user,29,1,GPU-Node-26,100,384
2026-01-05 11:32:00,CPU,Low,62,8,17,admin,13,0,CPU-Node-5,99,441
2026-01-05 11:34:00,GPU,Low,65,1,11,user,20,1,GPU-Node-39,85,310
2026-01-05 11:36:00,CPU,High,72,5,14,admin,39,1,CPU-Node-49,89,405
2026-01-05 11:38:00,CPU,High,84,8,17,user,23,0,CPU-Node-34,100,482
2026-01-05 11:40:00,CPU,Medium,52,10,15,user,34,1,CPU-Node-47,85,373
2026-01-05 11:42:00,GPU,High,88,2,21,user,29,0,GPU-Node-19,100,560
2026-01-05 11:44:00,CPU,High,86,3,14,user,27,1,CPU-Node-45,100,432
2026-01-05 11:46:00,GPU,Medium,88,2,21,user,30,0,GPU-Node-50,100,552
2026-01-05 11:48:00,GPU,Medium,72,2,18,user,21,0,GPU-Node-39,100,466
2026-01-05 11:50:00,GPU,Medium,87,2,19,user,43,0,GPU-Node-17,100,499
2026-01-05 11:52:00,CPU,Medium,68,7,10,user,43,1,CPU-Node-17,84,343
2026-01-05 11:54:00,CPU,Medium,87,3,16,user,39,0,CPU-Node-15,100,446
2026-01-05 11:56:00,CPU,High,82,9,18,user,40,0,CPU-Node-40,100,488
2026-01-05 11:58:00,CPU,Medium,64,9,11,user,16,1,CPU-Node-5,81,327
2026-01-05 12:00:00,CPU,Medium,77,1,12,admin,26,1,CPU-Node-29,92,396
2026-01-05 12:02:00,CPU,Low,92,4,12,user,24,1,CPU-Node-28,100,408
2026-01-05 12:04:00,CPU,Medium,76,7,14,user,36,1,CPU-Node-5,100,447
2026-01-05 12:06:00,GPU,High,86,2,16,user,26,0,GPU-Node-1,100,474
2026-01-05 12:08:00,GPU,Medium,99,0,19,user,41,0,GPU-Node-17,100,516
2026-01-05 12:10:00,GPU,High,60,2,11,admin,13,1,GPU-Node-39,71,328
2026-01-05 12:12:00,GPU,Medium,62,2,12,user,39,1,GPU-Node-49,90,367
2026-01-05 12:14:00,CPU,High,74,7,14,admin,7,1,CPU-Node-44,100,394
2026-01-05 12:16:00,CPU,High,68,3,15,user,33,1,CPU-Node-27,99,429
2026-01-05 12:18:00,CPU,Medium,85,6,17,user,28,0,CPU-Node-10,100,483
2026-01-05 12:20:00,GPU,Medium,75,2,14,user,34,1,GPU-Node-14,100,399
2026-01-05 12:22:00,CPU,High,64,8,8,user,38,1,CPU-Node-32,76,301
2026-01-05 12:24:00,GPU,Medium,63,2,11,user,27,1,GPU-Node-19,88,355
2026-01-05 12:26:00,CPU,Low,66,3,15,user,30,1,CPU-Node-15,96,385
2026-01-05 12:28:00,CPU,High,67,9,12,user,38,1,CPU-Node-50,86,365
2026-01-05 12:30:00,CPU,Medium,82,7,21,user,41,0,CPU-Node-8,100,547
2026-01-05 12:32:00,GPU,Medium,72,2,18,user,32,0,GPU-Node-39,100,442
2026-01-05 12:34:00,CPU,Low,79,9,11,user,26,1,CPU-Node-30,93,367
2026-01-05 12:36:00,CPU,High,93,5,17,user,21,0,CPU-Node-45,100,488
2026-01-05 12:38:00,GPU,High,86,0,17,user,27,0,GPU-Node-30,100,433
2026-01-05 12:40:00,GPU,High,75,2,18,user,27,0,GPU-Node-44,100,486
2026-01-05 12:42:00,GPU,Medium,67,1,8,user,31,1,GPU-Node-39,85,314
2026-01-05 12:44:00,CPU,Low,81,11,18,admin,25,0,CPU-Node-11,100,508
2026-01-05 12:46:00,CPU,Low,68,8,11,admin,21,1,CPU-Node-30,89,342
2026-01-05 12:48:00,CPU,Low,76,10,10,user,38,1,CPU-Node-46,97,347
2026-01-05 12:50:00,CPU,Medium,67,10,16,user,34,0,CPU-Node-26,100,467
2026-01-05 12:52:00,CPU,Medium,66,9,13,user,33,1,CPU-Node-47,95,384
2026-01-05 12:54:00,CPU,Low,70,5,13,user,47,1,CPU-Node-4,89,360
2026-01-05 12:56:00,CPU,Low,65,8,6,user,40,1,CPU-Node-43,77,260
2026-01-05 12:58:00,CPU,Medium,73,9,9,user,44,1,CPU-Node-35,98,274
2026-01-05 13:00:00,CPU,Low,76,11,13,admin,39,1,CPU-Node-27,100,408
2026-01-05 13:02:00,CPU,Medium,55,11,13,user,23,1,CPU-Node-33,78,332
2026-01-05 13:04:00,GPU,High,77,2,14,user,36,1,GPU-Node-18,100,412
2026-01-05 13:06:00,GPU,Medium,92,2,20,user,13,0,GPU-Node-49,100,552
2026-01-05 13:08:00,CPU,High,84,10,18,user,59,0,CPU-Node-3,100,468
2026-01-05 13:10:00,CPU,High,72,8,20,user,20,0,CPU-Node-50,100,503
2026-01-05 13:12:00,CPU,Low,79,3,17,admin,33,0,CPU-Node-38,100,467
2026-01-05 13:14:00,CPU,Medium,80,12,13,user,23,1,CPU-Node-33,100,400
2026-01-05 13:16:00,GPU,Low,67,2,12,user,38,1,GPU-Node-27,93,381
2026-01-05 13:18:00,GPU,High,78,1,18,admin,35,1,GPU-Node-49,100,463
2026-01-05 13:20:00,CPU,Medium,71,4,11,user,31,1,CPU-Node-45,90,360
2026-01-05 13:22:00,CPU,Low,84,4,11,user,33,1,CPU-Node-20,100,388
2026-01-05 13:24:00,CPU,Medium,86,7,14,user,18,1,CPU-Node-40,100,438
2026-01-05 13:26:00,GPU,High,70,2,11,user,11,1,GPU-Node-48,84,382
2026-01-05 13:28:00,GPU,Medium,77,1,19,user,21,0,GPU-Node-36,100,503
2026-01-05 13:30:00,CPU,Low,71,10,11,user,18,1,CPU-Node-39,88,341
2026-01-05 13:32:00,CPU,Medium,64,8,11,user,35,1,CPU-Node-31,87,376
2026-01-05 13:34:00,CPU,High,93,7,17,admin,24,1,CPU-Node-28,100,514
2026-01-05 13:36:00,CPU,Low,74,9,16,user,33,0,CPU-Node-39,100,436
2026-01-05 13:38:00,CPU,Medium,72,9,16,user,41,0,CPU-Node-41,100,426
2026-01-05 13:40:00,CPU,Low,71,8,15,user,30,1,CPU-Node-25,96,431
2026-01-05 13:42:00,CPU,Medium,61,7,13,user,26,1,CPU-Node-6,89,390
2026-01-05 13:44:00,GPU,Low,72,3,10,user,14,1,GPU-Node-28,92,336
2026-01-05 13:46:00,CPU,High,85,12,14,user,21,1,CPU-Node-37,100,443
2026-01-05 13:48:00,CPU,High,84,6,18,user,37,0,CPU-Node-30,100,472
2026-01-05 13:50:00,CPU,Medium,71,5,16,user,32,0,CPU-Node-26,100,403
2026-01-05 13:52:00,CPU,Medium,84,9,18,user,43,0,CPU-Node-27,100,479
2026-01-05 13:54:00,GPU,High,91,1,25,user,41,0,GPU-Node-40,100,566
2026-01-05 13:56:00,CPU,High,69,7,9,admin,46,1,CPU-Node-11,87,310
2026-01-05 13:58:00,GPU,High,78,2,14,user,35,1,GPU-Node-7,97,441
2026-01-05 14:00:00,CPU,Low,65,6,7,user,26,1,CPU-Node-4,80,279
2026-01-05 14:02:00,GPU,Low,88,0,19,user,29,0,GPU-Node-34,100,478
2026-01-05 14:04:00,GPU,Medium,74,1,16,user,23,0,GPU-Node-26,100,459
2026-01-05 14:06:00,GPU,Medium,89,2,18,user,36,0,GPU-Node-17,100,484
2026-01-05 14:08:00,GPU,Low,67,1,16,user,39,0,GPU-Node-25,95,442
2026-01-05 14:10:00,CPU,Medium,64,5,17,user,38,0,CPU-Node-3,100,439
2026-01-05 14:12:00,CPU,Medium,74,7,18,admin,23,0,CPU-Node-45,100,488
2026-01-05 14:14:00,CPU,Low,86,3,19,user,31,0,CPU-Node-42,100,510
2026-01-05 14:16:00,GPU,Low,72,2,10,user,26,1,GPU-Node-10,87,363
2026-01-05 14:18:00,GPU,Medium,69,3,11,admin,7,1,GPU-Node-12,87,359
2026-01-05 14:20:00,CPU,Low,77,8,14,user,18,1,CPU-Node-10,100,384
2026-01-05 14:22:00,CPU,Low,90,7,19,user,25,0,CPU-Node-3,100,533
2026-01-05 14:24:00,CPU,Medium,71,9,12,user,41,1,CPU-Node-10,100,371
2026-01-05 14:26:00,CPU,Low,92,9,14,user,42,1,CPU-Node-45,100,431
2026-01-05 14:28:00,CPU,Medium,77,6,18,user,33,0,CPU-Node-19,100,464
2026-01-05 14:30:00,GPU,Low,74,4,17,admin,31,0,GPU-Node-14,100,449
2026-01-05 14:32:00,CPU,Medium,71,4,18,user,35,0,CPU-Node-6,100,447
2026-01-05 14:34:00,GPU,High,75,3,17,admin,17,1,GPU-Node-41,100,448
2026-01-05 14:36:00,CPU,Medium,86,9,9,user,18,1,CPU-Node-12,100,374
2026-01-05 14:38:00,CPU,Medium,71,5,8,user,28,1,CPU-Node-2,83,286
2026-01-05 14:40:00,GPU,High,51,1,16,user,35,0,GPU-Node-17,79,401
2026-01-05 14:42:00,CPU,Medium,87,2,18,admin,29,0,CPU-Node-19,100,487
2026-01-05 14:44:00,GPU,Low,80,1,20,admin,29,0,GPU-Node-14,100,512
2026-01-05 14:46:00,CPU,Medium,71,10,19,user,27,0,CPU-Node-46,100,466
2026-01-05 14:48:00,GPU,Low,63,3,8,user,34,1,GPU-Node-22,79,274
2026-01-05 14:50:00,GPU,Medium,86,3,15,user,20,1,GPU-Node-9,100,429
2026-01-05 14:52:00,CPU,Medium,66,9,15,user,30,1,CPU-Node-47,98,408
2026-01-05 14:54:00,GPU,Medium,92,0,16,user,23,0,GPU-Node-26,100,472
2026-01-05 14:56:00,CPU,Low,91,9,22,user,35,0,CPU-Node-27,100,598
2026-01-05 14:58:00,GPU,Medium,87,2,19,user,36,0,GPU-Node-15,100,483
2026-01-05 15:00:00,CPU,Medium,65,12,9,user,28,1,CPU-Node-30,87,314
2026-01-05 15:02:00,GPU,Low,73,2,18,user,22,0,GPU-Node-26,100,445
2026-01-05 15:04:00,CPU,Medium,62,12,17,user,27,0,CPU-Node-14,97,404
2026-01-05 15:06:00,GPU,Medium,73,2,20,user,15,0,GPU-Node-12,100,451
2026-01-05 15:08:00,GPU,Medium,82,3,19,user,25,0,GPU-Node-27,100,522
2026-01-05 15:10:00,CPU,Medium,66,5,10,user,28,1,CPU-Node-4,87,334
2026-01-05 15:12:00,CPU,Low,59,11,8,user,25,1,CPU-Node-29,69,283
2026-01-05 15:14:00,CPU,Medium,79,5,12,user,35,1,CPU-Node-50,97,409
2026-01-05 15:16:00,CPU,Medium,85,5,19,admin,23,0,CPU-Node-16,100,519
2026-01-05 15:18:00,GPU,Low,60,1,12,user,38,1,GPU-Node-45,79,356
2026-01-05 15:20:00,CPU,Medium,80,9,15,user,37,1,CPU-Node-10,100,432
2026-01-05 15:22:00,GPU,Low,91,1,18,user,28,0,GPU-Node-41,100,516
2026-01-05 15:24:00,GPU,Medium,73,0,17,user,32,0,GPU-Node-14,100,428
2026-01-05 15:26:00,CPU,Low,76,10,16,admin,32,0,CPU-Node-13,100,443
2026-01-05 15:28:00,GPU,Low,61,3,14,user,42,1,GPU-Node-41,85,378
2026-01-05 15:30:00,GPU,Low,88,2,15,user,43,1,GPU-Node-28,100,466
2026-01-05 15:32:00,CPU,Medium,46,9,11,user,25,1,CPU-Node-15,75,315
2026-01-05 15:34:00,GPU,Low,68,2,15,user,27,1,GPU-Node-48,100,404
2026-01-05 15:36:00,CPU,High,55,4,11,user,28,1,CPU-Node-45,84,324
2026-01-05 15:38:00,CPU,High,76,9,10,user,23,1,CPU-Node-23,100,370
2026-01-05 15:40:00,CPU,Low,84,5,20,user,24,0,CPU-Node-34,100,542
2026-01-05 15:42:00,CPU,Low,82,8,9,user,39,1,CPU-Node-7,96,351
2026-01-05 15:44:00,GPU,Medium,70,1,12,user,22,1,GPU-Node-36,95,392
2026-01-05 15:46:00,GPU,Medium,74,1,19,user,33,0,GPU-Node-50,100,449
2026-01-05 15:48:00,GPU,Low,77,0,18,user,34,0,GPU-Node-43,100,476
2026-01-05 15:50:00,CPU,High,93,8,19,user,24,0,CPU-Node-17,100,521
2026-01-05 15:52:00,CPU,Medium,87,7,18,user,40,0,CPU-Node-9,100,461
2026-01-05 15:54:00,CPU,Medium,68,2,6,user,28,1,CPU-Node-39,78,300
2026-01-05 15:56:00,CPU,Low,85,9,17,user,34,0,CPU-Node-35,100,461
2026-01-05 15:58:00,CPU,High,80,9,16,user,20,0,CPU-Node-3,100,435
2026-01-05 16:00:00,CPU,High,75,13,15,user,21,1,CPU-Node-5,100,422
2026-01-05 16:02:00,CPU,Low,64,10,10,user,36,1,CPU-Node-44,78,308
2026-01-05 16:04:00,CPU,Low,72,7,14,user,11,1,CPU-Node-17,94,397
2026-01-05 16:06:00,CPU,Medium,79,6,18,admin,40,0,CPU-Node-49,100,461
2026-01-05 16:08:00,CPU,High,60,9,13,user,35,1,CPU-Node-6,80,348
2026-01-05 16:10:00,GPU,Medium,79,3,12,user,12,1,GPU-Node-22,100,373
2026-01-05 16:12:00,CPU,High,72,7,13,user,27,1,CPU-Node-9,100,407
2026-01-05 16:14:00,GPU,High,74,3,12,user,27,1,GPU-Node-27,97,364
2026-01-05 16:16:00,CPU,High,84,6,15,user,30,1,CPU-Node-33,100,421
2026-01-05 16:18:00,CPU,Low,76,10,14,user,33,1,CPU-Node-40,93,407
2026-01-05 16:20:00,GPU,Medium,76,1,20,admin,39,0,GPU-Node-14,100,465
2026-01-05 16:22:00,CPU,High,74,12,11,user,41,1,CPU-Node-44,91,376
2026-01-05 16:24:00,CPU,High,67,11,12,user,26,1,CPU-Node-27,93,341
2026-01-05 16:26:00,CPU,High,59,6,11,user,20,1,CPU-Node-2,77,289
2026-01-05 16:28:00,CPU,Medium,80,8,12,user,36,1,CPU-Node-5,100,381
2026-01-05 16:30:00,GPU,Low,88,4,18,user,37,0,GPU-Node-48,100,458
2026-01-05 16:32:00,CPU,High,84,10,16,user,18,0,CPU-Node-23,100,463
2026-01-05 16:34:00,CPU,Low,81,9,18,admin,12,0,CPU-Node-18,100,494
2026-01-05 16:36:00,CPU,Medium,77,5,13,user,34,1,CPU-Node-24,100,420
2026-01-05 16:38:00,GPU,Low,83,2,11,user,28,1,GPU-Node-16,100,372
2026-01-05 16:40:00,GPU,High,72,0,13,user,38,0,GPU-Node-38,100,396
2026-01-05 16:42:00,CPU,High,75,8,17,user,11,0,CPU-Node-31,100,466
2026-01-05 16:44:00,GPU,Medium,79,4,11,user,31,1,GPU-Node-33,100,395
2026-01-05 16:46:00,CPU,High,78,8,21,user,40,0,CPU-Node-50,100,541
2026-01-05 16:48:00,CPU,Medium,82,8,14,user,34,1,CPU-Node-29,100,422
2026-01-05 16:50:00,CPU,Low,86,7,12,user,25,1,CPU-Node-45,100,370
2026-01-05 16:52:00,CPU,High,61,8,14,user,24,1,CPU-Node-32,90,361
2026-01-05 16:54:00,GPU,Low,72,0,12,user,28,0,GPU-Node-46,92,378
2026-01-05 16:56:00,CPU,Medium,62,9,12,user,7,1,CPU-Node-31,92,366
2026-01-05 16:58:00,GPU,Medium,76,2,17,admin,24,0,GPU-Node-27,100,455
2026-01-05 17:00:00,CPU,Low,73,9,19,user,39,0,CPU-Node-9,100,472
2026-01-05 17:02:00,GPU,Medium,77,0,15,admin,40,0,GPU-Node-18,100,415
2026-01-05 17:04:00,CPU,Low,67,4,18,user,40,0,CPU-Node-21,100,432
2026-01-05 17:06:00,GPU,Low,70,0,14,user,40,0,GPU-Node-40,93,414
2026-01-05 17:08:00,CPU,Low,73,6,10,user,24,1,CPU-Node-22,93,338
2026-01-05 17:10:00,GPU,Medium,81,1,23,user,41,0,GPU-Node-32,100,548
2026-01-05 17:12:00,CPU,High,82,9,14,user,41,1,CPU-Node-19,100,441
2026-01-05 17:14:00,CPU,Low,76,15,12,user,31,1,CPU-Node-48,97,370
2026-01-05 17:16:00,GPU,Low,69,4,9,admin,43,1,GPU-Node-25,82,332
2026-01-05 17:18:00,CPU,Medium,76,13,13,user,12,1,CPU-Node-45,94,353
2026-01-05 17:20:00,CPU,Medium,95,12,22,admin,32,0,CPU-Node-35,100,567
2026-01-05 17:22:00,CPU,Medium,79,7,17,user,54,0,CPU-Node-46,100,452
2026-01-05 17:24:00,CPU,High,68,10,14,user,35,1,CPU-Node-14,88,387
2026-01-05 17:26:00,CPU,Low,85,8,14,user,42,1,CPU-Node-24,100,424
2026-01-05 17:28:00,CPU,High,59,10,12,user,33,1,CPU-Node-8,96,395
2026-01-05 17:30:00,CPU,High,85,8,18,user,26,0,CPU-Node-5,100,503
2026-01-05 17:32:00,CPU,Low,66,8,15,user,37,1,CPU-Node-45,93,365
2026-01-05 17:34:00,CPU,Low,82,7,15,user,28,1,CPU-Node-36,100,439
2026-01-05 17:36:00,CPU,High,74,9,12,user,46,1,CPU-Node-4,100,369
2026-01-05 17:38:00,CPU,Medium,75,11,13,user,41,1,CPU-Node-38,94,387
2026-01-05 17:40:00,GPU,Medium,82,0,19,user,15,0,GPU-Node-39,100,482
2026-01-05 17:42:00,GPU,High,77,0,20,admin,20,0,GPU-Node-26,100,507
2026-01-05 17:44:00,CPU,Medium,73,2,14,admin,26,1,CPU-Node-10,92,412
2026-01-05 17:46:00,CPU,Low,60,10,16,user,30,0,CPU-Node-3,87,424
2026-01-05 17:48:00,CPU,Medium,76,10,17,user,20,0,CPU-Node-44,100,431
2026-01-05 17:50:00,GPU,High,84,2,17,user,51,0,GPU-Node-50,100,428
2026-01-05 17:52:00,CPU,Low,72,8,6,user,41,1,CPU-Node-43,85,299
2026-01-05 17:54:00,GPU,Low,85,1,19,user,28,0,GPU-Node-42,100,521
2026-01-05 17:56:00,CPU,Medium,75,4,18,user,33,0,CPU-Node-44,100,483
2026-01-05 17:58:00,GPU,High,76,3,13,user,43,1,GPU-Node-12,96,395
2026-01-05 18:00:00,CPU,Low,63,7,16,user,37,0,CPU-Node-2,98,442
2026-01-05 18:02:00,CPU,High,70,5,15,user,7,1,CPU-Node-22,96,423
2026-01-05 18:04:00,CPU,Medium,66,7,14,user,36,1,CPU-Node-24,93,405
2026-01-05 18:06:00,GPU,Low,83,1,18,admin,36,0,GPU-Node-21,100,505
2026-01-05 18:08:00,CPU,Medium,56,5,10,user,24,1,CPU-Node-15,71,292
2026-01-05 18:10:00,CPU,Medium,60,12,8,user,35,1,CPU-Node-30,79,291
2026-01-05 18:12:00,CPU,High,80,8,17,admin,49,1,CPU-Node-46,100,449
2026-01-05 18:14:00,GPU,High,78,3,17,admin,45,1,GPU-Node-16,100,464
2026-01-05 18:16:00,CPU,Medium,83,9,20,user,33,0,CPU-Node-23,100,502
2026-01-05 18:18:00,CPU,High,77,6,9,user,40,1,CPU-Node-12,91,300
2026-01-05 18:20:00,CPU,High,80,10,18,user,24,0,CPU-Node-39,100,487
2026-01-05 18:22:00,CPU,Medium,95,7,16,user,27,0,CPU-Node-25,100,439
2026-01-05 18:24:00,CPU,Medium,74,8,9,user,38,1,CPU-Node-7,88,339
2026-01-05 18:26:00,CPU,Medium,70,8,12,admin,39,1,CPU-Node-14,95,368
2026-01-05 18:28:00,CPU,High,64,6,14,user,39,1,CPU-Node-8,84,411
2026-01-05 18:30:00,CPU,Medium,82,14,15,admin,35,1,CPU-Node-41,100,452
2026-01-05 18:32:00,GPU,High,67,3,13,admin,39,1,GPU-Node-35,100,346
2026-01-05 18:34:00,CPU,Low,78,6,13,user,30,1,CPU-Node-33,95,441
2026-01-05 18:36:00,CPU,Low,84,9,22,user,38,0,CPU-Node-7,100,583
2026-01-05 18:38:00,CPU,Low,66,12,12,admin,56,1,CPU-Node-34,98,371
2026-01-05 18:40:00,CPU,High,87,10,12,user,34,1,CPU-Node-26,100,408
2026-01-05 18:42:00,GPU,High,69,1,18,admin,36,1,GPU-Node-39,100,500
2026-01-05 18:44:00,CPU,High,81,8,23,user,34,0,CPU-Node-7,100,538
2026-01-05 18:46:00,GPU,High,71,2,15,user,24,1,GPU-Node-41,100,417
2026-01-05 18:48:00,GPU,High,76,2,17,user,20,0,GPU-Node-44,100,444
2026-01-05 18:50:00,GPU,Medium,84,2,17,user,34,0,GPU-Node-16,100,490
2026-01-05 18:52:00,GPU,Medium,77,0,18,user,11,0,GPU-Node-44,100,485
2026-01-05 18:54:00,CPU,Low,70,6,13,user,36,1,CPU-Node-39,91,378
2026-01-05 18:56:00,GPU,Medium,84,3,17,user,27,0,GPU-Node-12,100,515
2026-01-05 18:58:00,GPU,Low,87,1,14,admin,25,0,GPU-Node-13,100,423
2026-01-05 19:00:00,CPU,Low,27,5,1,user,17,1,CPU-Node-1,26,102
2026-01-05 19:02:00,GPU,Medium,46,1,12,user,41,1,GPU-Node-10,76,305
2026-01-05 19:04:00,CPU,Medium,20,9,4,user,33,1,CPU-Node-44,30,133
2026-01-05 19:06:00,GPU,High,13,1,7,user,29,1,GPU-Node-48,21,190
2026-01-05 19:08:00,CPU,Medium,37,6,10,user,21,1,CPU-Node-37,63,267
2026-01-05 19:10:00,CPU,Medium,56,6,10,user,14,1,CPU-Node-32,77,302
2026-01-05 19:12:00,GPU,Medium,26,1,4,user,41,1,GPU-Node-13,36,146
2026-01-05 19:14:00,CPU,Low,40,6,10,user,37,1,CPU-Node-48,48,285
2026-01-05 19:16:00,CPU,Low,44,13,13,user,46,1,CPU-Node-19,64,352
2026-01-05 19:18:00,GPU,High,27,3,0,user,25,1,GPU-Node-2,21,107
2026-01-05 19:20:00,CPU,High,46,7,3,user,38,1,CPU-Node-14,58,193
2026-01-05 19:22:00,CPU,Medium,23,10,7,user,15,1,CPU-Node-50,34,183
2026-01-05 19:24:00,CPU,Low,47,6,13,admin,42,1,CPU-Node-28,72,378
2026-01-05 19:26:00,GPU,Low,33,2,7,user,26,1,GPU-Node-14,43,217
2026-01-05 19:28:00,CPU,Medium,23,4,4,user,39,1,CPU-Node-4,30,157
2026-01-05 19:30:00,CPU,Medium,27,8,7,user,40,1,CPU-Node-23,35,217
2026-01-05 19:32:00,GPU,Low,30,1,6,admin,25,1,GPU-Node-33,43,212
2026-01-05 19:34:00,GPU,High,39,2,6,admin,33,1,GPU-Node-42,56,236
2026-01-05 19:36:00,CPU,Medium,30,7,6,user,18,1,CPU-Node-42,45,229
2026-01-05 19:38:00,GPU,Low,37,2,2,user,30,1,GPU-Node-32,42,148
2026-01-05 19:40:00,GPU,High,34,2,5,user,33,1,GPU-Node-8,48,154
2026-01-05 19:42:00,GPU,High,44,2,9,user,38,1,GPU-Node-48,61,301
2026-01-05 19:44:00,CPU,High,28,6,0,user,22,1,CPU-Node-3,30,108
2026-01-05 19:46:00,GPU,Medium,34,0,8,user,37,0,GPU-Node-24,52,233
2026-01-05 19:48:00,CPU,Medium,21,8,3,user,27,1,CPU-Node-14,26,118
2026-01-05 19:50:00,GPU,High,37,0,6,user,30,0,GPU-Node-43,49,207
2026-01-05 19:52:00,CPU,High,37,13,13,admin,19,1,CPU-Node-29,57,351
2026-01-05 19:54:00,GPU,Low,35,0,9,user,9,0,GPU-Node-32,54,235
2026-01-05 19:56:00,CPU,High,47,9,8,user,37,1,CPU-Node-15,59,235
2026-01-05 19:58:00,CPU,Low,27,5,0,user,29,1,CPU-Node-25,27,105
2026-01-05 20:00:00,CPU,Low,32,3,6,user,17,1,CPU-Node-32,41,192
2026-01-05 20:02:00,GPU,High,39,1,11,user,46,1,GPU-Node-28,51,267
2026-01-05 20:04:00,CPU,High,37,9,9,user,43,1,CPU-Node-21,50,258
2026-01-05 20:06:00,GPU,Low,31,1,9,user,35,1,GPU-Node-13,55,232
2026-01-05 20:08:00,CPU,Medium,45,7,8,admin,39,1,CPU-Node-42,57,255
2026-01-05 20:10:00,GPU,High,29,0,8,user,11,0,GPU-Node-26,39,216
2026-01-05 20:12:00,CPU,Medium,31,10,4,user,28,1,CPU-Node-9,37,149
2026-01-05 20:14:00,GPU,Low,37,1,6,user,32,1,GPU-Node-17,47,253
2026-01-05 20:16:00,CPU,High,40,9,9,user,32,1,CPU-Node-19,56,277
2026-01-05 20:18:00,GPU,Low,44,1,14,user,21,1,GPU-Node-45,68,354
2026-01-05 20:20:00,GPU,High,40,1,7,user,25,1,GPU-Node-2,62,255
2026-01-05 20:22:00,GPU,Medium,33,2,8,admin,19,1,GPU-Node-45,49,264
2026-01-05 20:24:00,GPU,High,36,4,5,user,27,1,GPU-Node-17,51,218
2026-01-05 20:26:00,GPU,Low,37,2,6,user,33,1,GPU-Node-48,51,216
2026-01-05 20:28:00,CPU,High,25,10,5,user,40,1,CPU-Node-21,24,176
2026-01-05 20:30:00,CPU,Medium,29,8,4,user,25,1,CPU-Node-25,38,142
2026-01-05 20:32:00,GPU,High,37,1,8,user,26,1,GPU-Node-9,58,238
2026-01-05 20:34:00,CPU,High,36,9,8,user,22,1,CPU-Node-45,52,269
2026-01-05 20:36:00,GPU,High,36,0,1,admin,34,0,GPU-Node-25,37,142
2026-01-05 20:38:00,CPU,Medium,63,4,9,user,24,1,CPU-Node-9,82,307
2026-01-05 20:40:00,GPU,Medium,42,1,6,user,23,1,GPU-Node-24,55,252
2026-01-05 20:42:00,CPU,Low,16,8,0,user,37,1,CPU-Node-35,10,54
2026-01-05 20:44:00,GPU,High,52,1,10,user,24,1,GPU-Node-12,82,307
2026-01-05 20:46:00,CPU,Low,33,8,10,user,35,1,CPU-Node-38,58,226
2026-01-05 20:48:00,CPU,Low,41,7,5,user,30,1,CPU-Node-26,60,187
2026-01-05 20:50:00,CPU,Medium,35,7,8,user,28,1,CPU-Node-9,52,221
2026-01-05 20:52:00,CPU,High,39,3,6,admin,38,1,CPU-Node-8,60,221
2026-01-05 20:54:00,CPU,Medium,23,5,3,user,23,1,CPU-Node-31,28,141
2026-01-05 20:56:00,CPU,Medium,36,4,5,admin,20,1,CPU-Node-1,46,181
2026-01-05 20:58:00,CPU,High,36,7,11,user,24,1,CPU-Node-26,56,294
2026-01-05 21:00:00,CPU,Low,32,6,5,user,41,1,CPU-Node-12,40,149
2026-01-05 21:02:00,GPU,Low,28,1,3,user,30,1,GPU-Node-9,36,151
2026-01-05 21:04:00,CPU,Medium,59,13,12,user,24,1,CPU-Node-32,76,341
2026-01-05 21:06:00,CPU,Medium,35,1,0,user,41,1,CPU-Node-31,43,93
2026-01-05 21:08:00,CPU,Low,44,9,8,admin,26,1,CPU-Node-36,54,240
2026-01-05 21:10:00,GPU,Low,50,1,9,user,33,1,GPU-Node-25,63,292
2026-01-05 21:12:00,CPU,High,35,2,8,user,23,1,CPU-Node-2,55,271
2026-01-05 21:14:00,CPU,Low,13,1,0,user,34,1,CPU-Node-25,9,61
2026-01-05 21:16:00,CPU,Medium,33,5,3,user,20,1,CPU-Node-35,34,197
2026-01-05 21:18:00,CPU,High,29,14,3,admin,24,1,CPU-Node-46,35,167
2026-01-05 21:20:00,GPU,Medium,26,2,7,user,33,1,GPU-Node-4,43,214
2026-01-05 21:22:00,CPU,Medium,49,6,11,user,30,1,CPU-Node-28,64,281
2026-01-05 21:24:00,CPU,Medium,43,11,9,user,32,1,CPU-Node-11,64,270
2026-01-05 21:26:00,CPU,Medium,33,9,9,user,29,1,CPU-Node-16,50,245
2026-01-05 21:28:00,CPU,High,44,8,7,user,25,1,CPU-Node-41,57,250
2026-01-05 21:30:00,CPU,Low,45,6,8,user,34,1,CPU-Node-29,60,246
2026-01-05 21:32:00,CPU,Medium,30,11,3,user,22,1,CPU-Node-41,35,170
2026-01-05 21:34:00,CPU,High,22,7,9,user,34,1,CPU-Node-36,42,215
2026-01-05 21:36:00,CPU,Medium,46,7,8,admin,14,1,CPU-Node-47,61,282
2026-01-05 21:38:00,CPU,Medium,31,12,5,user,46,1,CPU-Node-23,37,214
2026-01-05 21:40:00,CPU,High,48,6,10,user,25,1,CPU-Node-28,64,281
2026-01-05 21:42:00,CPU,Medium,27,4,11,user,28,1,CPU-Node-31,45,266
2026-01-05 21:44:00,CPU,Medium,54,3,8,user,46,1,CPU-Node-12,71,263
2026-01-05 21:46:00,CPU,Low,36,4,5,user,32,1,CPU-Node-41,48,189
2026-01-05 21:48:00,CPU,High,31,12,5,user,23,1,CPU-Node-39,40,169
2026-01-05 21:50:00,CPU,High,29,6,5,user,36,1,CPU-Node-22,42,197
2026-01-05 21:52:00,GPU,Medium,26,1,7,user,19,1,GPU-Node-6,42,207
2026-01-05 21:54:00,GPU,Medium,36,2,9,user,25,1,GPU-Node-13,53,257
2026-01-05 21:56:00,GPU,Medium,29,1,9,user,21,1,GPU-Node-48,45,239
2026-01-05 21:58:00,CPU,High,37,8,8,user,27,1,CPU-Node-44,52,243
2026-01-05 22:00:00,GPU,High,35,1,10,user,20,1,GPU-Node-50,55,265
2026-01-05 22:02:00,GPU,Low,38,1,3,user,17,1,GPU-Node-20,51,164
2026-01-05 22:04:00,GPU,High,14,2,4,user,43,1,GPU-Node-38,32,110
2026-01-05 22:06:00,GPU,Medium,33,2,3,user,38,1,GPU-Node-41,31,210
2026-01-05 22:08:00,GPU,High,41,1,12,user,28,1,GPU-Node-7,72,308
2026-01-05 22:10:00,GPU,Medium,10,2,3,user,31,1,GPU-Node-46,18,113
2026-01-05 22:12:00,GPU,High,44,2,10,user,13,1,GPU-Node-9,56,305
2026-01-05 22:14:00,GPU,Low,41,2,8,admin,23,1,GPU-Node-23,62,260
2026-01-05 22:16:00,CPU,Medium,20,7,2,user,27,1,CPU-Node-21,25,131
2026-01-05 22:18:00,CPU,High,28,6,4,user,29,1,CPU-Node-28,34,165
2026-01-05 22:20:00,CPU,High,13,6,4,user,35,1,CPU-Node-29,26,149
2026-01-05 22:22:00,GPU,Medium,42,2,9,user,19,1,GPU-Node-29,55,279
2026-01-05 22:24:00,CPU,Low,41,11,7,user,29,1,CPU-Node-42,62,234
2026-01-05 22:26:00,GPU,Medium,37,3,9,admin,45,1,GPU-Node-15,54,249
2026-01-05 22:28:00,CPU,Medium,41,10,5,admin,34,1,CPU-Node-49,46,198
2026-01-05 22:30:00,CPU,Low,43,7,12,user,49,1,CPU-Node-13,64,339
2026-01-05 22:32:00,CPU,Medium,38,8,3,user,42,1,CPU-Node-8,43,144
2026-01-05 22:34:00,CPU,High,18,10,3,user,25,1,CPU-Node-46,28,121
2026-01-05 22:36:00,CPU,Low,51,8,6,user,23,1,CPU-Node-48,52,238
2026-01-05 22:38:00,CPU,Low,44,11,3,admin,26,1,CPU-Node-33,59,184
2026-01-05 22:40:00,GPU,Medium,53,1,6,user,31,1,GPU-Node-35,63,239
2026-01-05 22:42:00,GPU,Low,23,1,1,user,28,1,GPU-Node-8,22,100
2026-01-05 22:44:00,CPU,Medium,29,5,8,user,33,1,CPU-Node-10,51,237
2026-01-05 22:46:00,CPU,Low,29,5,7,user,21,1,CPU-Node-30,43,250
2026-01-05 22:48:00,GPU,Low,33,0,7,user,21,0,GPU-Node-4,45,207
2026-01-05 22:50:00,CPU,High,43,7,10,user,33,1,CPU-Node-35,54,304
2026-01-05 22:52:00,GPU,Medium,29,2,4,user,19,1,GPU-Node-34,36,166
2026-01-05 22:54:00,CPU,Low,44,6,11,user,30,1,CPU-Node-27,64,266
2026-01-05 22:56:00,CPU,High,12,6,4,user,32,1,CPU-Node-24,18,128
2026-01-05 22:58:00,CPU,High,44,6,10,user,22,1,CPU-Node-36,65,279
2026-01-05 23:00:00,GPU,Medium,28,2,5,user,10,1,GPU-Node-8,33,159
2026-01-05 23:02:00,GPU,High,45,2,11,user,38,1,GPU-Node-41,62,322
2026-01-05 23:04:00,CPU,Medium,42,9,9,user,8,1,CPU-Node-14,65,215
2026-01-05 23:06:00,CPU,High,31,6,6,user,19,1,CPU-Node-17,46,201
2026-01-05 23:08:00,CPU,Medium,26,6,5,user,14,1,CPU-Node-13,44,177
2026-01-05 23:10:00,CPU,Low,40,9,4,user,29,1,CPU-Node-40,52,189
2026-01-05 23:12:00,GPU,Medium,45,1,3,user,26,1,GPU-Node-19,49,195
2026-01-05 23:14:00,CPU,Medium,51,8,11,user,5,1,CPU-Node-37,72,302
2026-01-05 23:16:00,CPU,Low,30,8,0,user,9,1,CPU-Node-38,24,97
2026-01-05 23:18:00,CPU,Medium,54,16,11,user,37,1,CPU-Node-13,73,316
2026-01-05 23:20:00,GPU,Low,42,1,11,user,29,1,GPU-Node-24,67,282
2026-01-05 23:22:00,GPU,Medium,10,2,1,user,44,1,GPU-Node-10,11,78
2026-01-05 23:24:00,GPU,High,42,1,5,user,21,1,GPU-Node-42,48,230
2026-01-05 23:26:00,GPU,Medium,28,2,1,admin,13,1,GPU-Node-5,18,102
2026-01-05 23:28:00,CPU,Low,39,6,5,user,34,1,CPU-Node-50,54,231
2026-01-05 23:30:00,CPU,High,23,3,4,user,17,1,CPU-Node-22,37,136
2026-01-05 23:32:00,GPU,Medium,33,2,7,admin,13,1,GPU-Node-13,41,238
2026-01-05 23:34:00,CPU,Low,18,6,8,user,7,1,CPU-Node-28,27,185
2026-01-05 23:36:00,GPU,Low,16,3,3,user,29,1,GPU-Node-1,19,132
2026-01-05 23:38:00,CPU,Medium,24,5,7,user,26,1,CPU-Node-27,37,210
2026-01-05 23:40:00,CPU,High,40,9,6,user,28,1,CPU-Node-36,58,200
2026-01-05 23:42:00,GPU,High,30,1,7,admin,24,1,GPU-Node-19,35,228
2026-01-05 23:44:00,CPU,Medium,34,9,12,user,9,1,CPU-Node-43,53,310
2026-01-05 23:46:00,CPU,Medium,32,9,8,user,37,1,CPU-Node-41,48,205
2026-01-05 23:48:00,GPU,Medium,35,0,8,user,47,0,GPU-Node-31,49,236
2026-01-05 23:50:00,GPU,Medium,45,2,10,user,15,1,GPU-Node-22,64,296
2026-01-05 23:52:00,CPU,Medium,21,6,3,user,18,1,CPU-Node-14,25,141
2026-01-05 23:54:00,CPU,High,32,9,7,admin,25,1,CPU-Node-15,46,237
2026-01-05 23:56:00,GPU,High,41,0,3,user,32,0,GPU-Node-21,43,144
2026-01-05 23:58:00,GPU,Medium,19,0,2,user,30,0,GPU-Node-11,20,132
2026-01-06 00:00:00,GPU,High,46,3,6,user,17,1,GPU-Node-12,56,217
2026-01-06 00:02:00,CPU,Low,17,1,0,user,30,1,CPU-Node-24,14,102
2026-01-06 00:04:00,GPU,Low,43,2,8,user,51,1,GPU-Node-31,55,262
2026-01-06 00:06:00,CPU,High,26,8,2,user,38,1,CPU-Node-6,26,118
2026-01-06 00:08:00,CPU,High,28,8,8,user,40,1,CPU-Node-30,39,201
2026-01-06 00:10:00,GPU,Low,33,3,8,user,17,1,GPU-Node-15,39,245
2026-01-06 00:12:00,CPU,Medium,53,5,11,user,30,1,CPU-Node-23,74,310
2026-01-06 00:14:00,CPU,Medium,31,4,5,user,37,1,CPU-Node-46,38,174
2026-01-06 00:16:00,CPU,Medium,34,8,6,user,36,1,CPU-Node-20,53,192
2026-01-06 00:18:00,GPU,High,17,2,0,user,42,1,GPU-Node-27,17,97
2026-01-06 00:20:00,GPU,Medium,41,2,8,admin,16,1,GPU-Node-21,57,228
2026-01-06 00:22:00,CPU,Medium,38,10,4,user,20,1,CPU-Node-1,43,201
2026-01-06 00:24:00,CPU,Medium,30,8,4,user,36,1,CPU-Node-26,45,170
2026-01-06 00:26:00,GPU,Low,40,1,8,user,21,1,GPU-Node-1,58,213
2026-01-06 00:28:00,CPU,Medium,32,8,0,user,36,1,CPU-Node-47,29,111
2026-01-06 00:30:00,GPU,Medium,20,1,3,user,22,1,GPU-Node-10,28,149
2026-01-06 00:32:00,GPU,Medium,23,2,7,user,36,1,GPU-Node-31,39,219
2026-01-06 00:34:00,GPU,Medium,26,2,9,user,36,1,GPU-Node-47,42,225
2026-01-06 00:36:00,CPU,High,45,8,4,user,45,1,CPU-Node-5,44,198
2026-01-06 00:38:00,CPU,Low,38,6,7,user,34,1,CPU-Node-11,47,202
2026-01-06 00:40:00,CPU,Medium,40,10,3,user,16,1,CPU-Node-11,43,190
2026-01-06 00:42:00,GPU,Low,23,3,1,user,24,1,GPU-Node-46,29,112
2026-01-06 00:44:00,CPU,Low,32,10,7,user,26,1,CPU-Node-38,40,187
2026-01-06 00:46:00,CPU,Medium,40,8,8,user,24,1,CPU-Node-10,51,241
2026-01-06 00:48:00,GPU,High,34,1,7,user,53,1,GPU-Node-25,52,209
2026-01-06 00:50:00,CPU,Low,56,9,11,user,45,1,CPU-Node-30,88,318
2026-01-06 00:52:00,CPU,High,30,4,2,user,52,1,CPU-Node-13,24,151
2026-01-06 00:54:00,GPU,Low,43,1,2,user,24,1,GPU-Node-20,49,150
2026-01-06 00:56:00,GPU,Medium,47,2,7,user,30,1,GPU-Node-20,53,202
2026-01-06 00:58:00,GPU,High,49,1,12,admin,29,1,GPU-Node-31,65,372
2026-01-06 01:00:00,GPU,High,24,1,4,user,25,1,GPU-Node-19,29,149
2026-01-06 01:02:00,CPU,Low,37,10,7,admin,32,1,CPU-Node-46,57,220
2026-01-06 01:04:00,GPU,Low,53,2,8,admin,41,1,GPU-Node-24,65,243
2026-01-06 01:06:00,CPU,Low,57,3,10,user,34,1,CPU-Node-8,70,294
2026-01-06 01:08:00,CPU,Low,33,11,8,user,36,1,CPU-Node-41,44,232
2026-01-06 01:10:00,CPU,High,49,8,7,user,36,1,CPU-Node-42,60,268
2026-01-06 01:12:00,GPU,Low,33,2,8,user,20,1,GPU-Node-14,49,238
2026-01-06 01:14:00,GPU,Low,28,0,4,user,27,0,GPU-Node-33,30,161
2026-01-06 01:16:00,CPU,High,41,4,6,user,47,1,CPU-Node-19,53,242
2026-01-06 01:18:00,CPU,High,38,10,10,user,19,1,CPU-Node-21,64,280
2026-01-06 01:20:00,GPU,Low,26,1,11,user,39,1,GPU-Node-14,42,264
2026-01-06 01:22:00,CPU,Low,43,9,9,user,34,1,CPU-Node-5,65,268
2026-01-06 01:24:00,CPU,High,40,5,14,user,11,1,CPU-Node-20,63,341
2026-01-06 01:26:00,GPU,Low,31,2,2,user,26,1,GPU-Node-3,36,169
2026-01-06 01:28:00,GPU,Low,28,2,7,admin,35,1,GPU-Node-8,41,223
2026-01-06 01:30:00,CPU,Low,47,11,9,user,51,1,CPU-Node-41,66,303
2026-01-06 01:32:00,CPU,High,39,11,8,user,22,1,CPU-Node-40,51,243
2026-01-06 01:34:00,CPU,Low,38,9,7,user,40,1,CPU-Node-10,52,252
2026-01-06 01:36:00,CPU,Medium,31,5,8,user,24,1,CPU-Node-9,52,232
2026-01-06 01:38:00,CPU,Medium,14,12,2,user,24,1,CPU-Node-40,14,109
2026-01-06 01:40:00,GPU,Medium,38,3,14,user,17,1,GPU-Node-40,62,317
2026-01-06 01:42:00,CPU,Low,29,5,3,user,23,1,CPU-Node-10,32,141
2026-01-06 01:44:00,CPU,Medium,35,12,2,user,51,1,CPU-Node-4,30,157
2026-01-06 01:46:00,GPU,Medium,38,2,5,user,42,1,GPU-Node-2,49,205
2026-01-06 01:48:00,CPU,High,23,8,6,user,13,1,CPU-Node-7,42,192
2026-01-06 01:50:00,CPU,High,27,8,9,user,23,1,CPU-Node-16,46,242
2026-01-06 01:52:00,CPU,Low,28,7,8,user,27,1,CPU-Node-4,53,219
2026-01-06 01:54:00,GPU,High,18,0,0,user,19,0,GPU-Node-35,13,119
2026-01-06 01:56:00,CPU,Medium,23,8,3,user,32,1,CPU-Node-2,29,145
2026-01-06 01:58:00,CPU,High,58,8,14,user,32,1,CPU-Node-7,82,400
2026-01-06 02:00:00,CPU,High,40,5,5,user,17,1,CPU-Node-49,55,239
2026-01-06 02:02:00,GPU,High,15,4,2,user,35,1,GPU-Node-14,24,118
2026-01-06 02:04:00,CPU,Low,41,5,0,user,32,1,CPU-Node-8,46,123
2026-01-06 02:06:00,CPU,Low,26,5,7,user,50,1,CPU-Node-39,50,191
2026-01-06 02:08:00,CPU,Low,38,7,6,user,15,1,CPU-Node-33,44,216
2026-01-06 02:10:00,CPU,Medium,33,5,6,user,49,1,CPU-Node-39,58,183
2026-01-06 02:12:00,CPU,Low,49,6,12,admin,24,1,CPU-Node-33,76,340
2026-01-06 02:14:00,GPU,Medium,38,3,2,user,38,1,GPU-Node-4,50,154
2026-01-06 02:16:00,GPU,Medium,32,0,6,user,24,0,GPU-Node-13,46,185
2026-01-06 02:18:00,GPU,Low,30,1,10,user,31,1,GPU-Node-13,40,288
2026-01-06 02:20:00,CPU,High,32,14,1,user,24,1,CPU-Node-19,29,137
2026-01-06 02:22:00,CPU,Low,48,6,11,user,32,1,CPU-Node-13,79,329
2026-01-06 02:24:00,GPU,Medium,28,1,8,user,27,1,GPU-Node-24,41,221
2026-01-06 02:26:00,CPU,High,38,4,5,user,27,1,CPU-Node-49,37,175
2026-01-06 02:28:00,CPU,High,34,7,12,user,41,1,CPU-Node-11,62,290
2026-01-06 02:30:00,CPU,High,35,9,4,user,31,1,CPU-Node-7,37,167
2026-01-06 02:32:00,GPU,Medium,50,1,8,user,32,1,GPU-Node-27,70,293
2026-01-06 02:34:00,CPU,Medium,35,8,5,user,18,1,CPU-Node-9,47,231
2026-01-06 02:36:00,CPU,High,17,4,7,user,25,1,CPU-Node-40,31,208
2026-01-06 02:38:00,GPU,Low,40,2,5,user,40,1,GPU-Node-42,48,192
2026-01-06 02:40:00,CPU,Medium,46,11,10,user,51,1,CPU-Node-31,64,278
2026-01-06 02:42:00,CPU,Medium,24,7,3,admin,31,1,CPU-Node-37,22,137
2026-01-06 02:44:00,GPU,Medium,27,3,4,user,33,1,GPU-Node-36,33,209
2026-01-06 02:46:00,CPU,Medium,24,5,4,user,20,1,CPU-Node-22,30,156
2026-01-06 02:48:00,CPU,Low,27,14,0,user,32,1,CPU-Node-22,22,92
2026-01-06 02:50:00,CPU,High,41,12,4,user,30,1,CPU-Node-26,51,188
2026-01-06 02:52:00,CPU,Low,41,13,7,user,22,1,CPU-Node-37,68,261
2026-01-06 02:54:00,GPU,Low,42,4,4,user,29,1,GPU-Node-1,47,163
2026-01-06 02:56:00,CPU,Low,44,4,9,user,30,1,CPU-Node-1,61,277
2026-01-06 02:58:00,GPU,High,23,1,4,user,29,1,GPU-Node-46,35,138
2026-01-06 03:00:00,CPU,High,45,8,12,user,38,1,CPU-Node-30,69,295
2026-01-06 03:02:00,CPU,Low,10,10,2,user,13,1,CPU-Node-24,12,138
2026-01-06 03:04:00,GPU,Medium,41,3,14,admin,25,1,GPU-Node-28,79,338
2026-01-06 03:06:00,GPU,Medium,40,0,13,user,15,0,GPU-Node-23,75,319
2026-01-06 03:08:00,CPU,Low,29,7,6,user,26,1,CPU-Node-2,40,203
2026-01-06 03:10:00,GPU,Low,27,3,0,user,22,1,GPU-Node-17,23,119
2026-01-06 03:12:00,CPU,Medium,23,8,10,user,36,1,CPU-Node-42,36,265
2026-01-06 03:14:00,CPU,Medium,30,7,7,user,26,1,CPU-Node-48,44,233
2026-01-06 03:16:00,CPU,Medium,37,8,1,user,35,1,CPU-Node-29,49,149
2026-01-06 03:18:00,CPU,Medium,21,8,3,user,22,1,CPU-Node-37,21,136
2026-01-06 03:20:00,GPU,Medium,30,3,5,user,29,1,GPU-Node-5,31,169
2026-01-06 03:22:00,GPU,High,28,1,5,user,38,1,GPU-Node-24,34,186
2026-01-06 03:24:00,CPU,Low,35,12,6,user,41,1,CPU-Node-3,60,172
2026-01-06 03:26:00,GPU,High,31,0,3,user,47,0,GPU-Node-11,33,126
2026-01-06 03:28:00,CPU,Medium,18,16,1,user,12,1,CPU-Node-31,24,126
2026-01-06 03:30:00,GPU,Low,35,2,7,user,31,1,GPU-Node-29,46,196
2026-01-06 03:32:00,GPU,Medium,46,0,9,user,27,0,GPU-Node-4,61,278
2026-01-06 03:34:00,GPU,Medium,46,1,11,user,33,1,GPU-Node-36,74,318
2026-01-06 03:36:00,CPU,Low,52,5,12,admin,43,1,CPU-Node-29,80,338
2026-01-06 03:38:00,CPU,High,40,13,10,user,42,1,CPU-Node-29,58,268
2026-01-06 03:40:00,CPU,High,29,3,4,admin,33,1,CPU-Node-31,33,176
2026-01-06 03:42:00,CPU,Medium,39,10,4,user,37,1,CPU-Node-21,45,193
2026-01-06 03:44:00,GPU,Medium,18,1,5,user,36,1,GPU-Node-22,26,163
2026-01-06 03:46:00,CPU,High,31,5,3,user,30,1,CPU-Node-35,39,163
2026-01-06 03:48:00,GPU,Low,38,2,4,user,22,1,GPU-Node-40,44,191
2026-01-06 03:50:00,GPU,High,20,1,4,user,39,1,GPU-Node-38,25,163
2026-01-06 03:52:00,CPU,Medium,26,11,5,admin,18,1,CPU-Node-32,35,195
2026-01-06 03:54:00,CPU,Medium,28,8,10,user,26,1,CPU-Node-40,42,242
2026-01-06 03:56:00,CPU,Low,41,10,6,admin,15,1,CPU-Node-3,39,235
2026-01-06 03:58:00,CPU,Medium,28,13,8,user,40,1,CPU-Node-46,39,217
2026-01-06 04:00:00,GPU,High,33,2,4,user,20,1,GPU-Node-41,42,175
2026-01-06 04:02:00,CPU,High,29,7,6,admin,20,1,CPU-Node-38,41,230
2026-01-06 04:04:00,CPU,Medium,28,5,6,user,38,1,CPU-Node-23,37,174
2026-01-06 04:06:00,GPU,High,29,2,4,user,32,1,GPU-Node-28,37,145
2026-01-06 04:08:00,CPU,High,44,11,10,user,29,1,CPU-Node-29,68,292
2026-01-06 04:10:00,CPU,High,35,11,5,user,27,1,CPU-Node-44,39,211
2026-01-06 04:12:00,CPU,High,40,10,7,user,20,1,CPU-Node-11,58,159
2026-01-06 04:14:00,CPU,High,21,7,0,user,53,1,CPU-Node-34,17,88
2026-01-06 04:16:00,CPU,Medium,47,5,12,user,39,1,CPU-Node-48,74,306
2026-01-06 04:18:00,GPU,Low,22,1,6,user,27,1,GPU-Node-39,34,185
2026-01-06 04:20:00,GPU,Low,38,4,2,user,22,1,GPU-Node-48,46,161
2026-01-06 04:22:00,GPU,Medium,30,0,6,user,21,0,GPU-Node-46,46,189
2026-01-06 04:24:00,CPU,Low,33,8,7,user,17,1,CPU-Node-32,54,225
2026-01-06 04:26:00,CPU,Medium,14,11,0,admin,37,1,CPU-Node-24,15,79
2026-01-06 04:28:00,CPU,Medium,41,8,10,user,28,1,CPU-Node-20,58,274
2026-01-06 04:30:00,GPU,Low,19,0,6,admin,27,0,GPU-Node-22,28,183
2026-01-06 04:32:00,GPU,Low,41,0,6,user,32,0,GPU-Node-36,61,240
2026-01-06 04:34:00,CPU,Low,22,6,6,user,26,1,CPU-Node-31,34,190
2026-01-06 04:36:00,CPU,High,33,10,4,user,17,1,CPU-Node-23,38,205
2026-01-06 04:38:00,CPU,High,37,9,9,admin,21,1,CPU-Node-40,51,300
2026-01-06 04:40:00,CPU,High,33,4,3,user,41,1,CPU-Node-50,45,186
2026-01-06 04:42:00,GPU,High,51,1,12,user,45,1,GPU-Node-20,70,341
2026-01-06 04:44:00,CPU,Low,38,5,10,user,6,1,CPU-Node-4,63,294
2026-01-06 04:46:00,CPU,Low,50,12,5,user,24,1,CPU-Node-40,59,246
2026-01-06 04:48:00,CPU,Medium,37,13,7,user,29,1,CPU-Node-1,43,234
2026-01-06 04:50:00,CPU,High,38,8,7,user,25,1,CPU-Node-29,38,227
2026-01-06 04:52:00,CPU,Medium,36,5,7,user,22,1,CPU-Node-25,48,219
2026-01-06 04:54:00,CPU,Low,27,9,5,user,27,1,CPU-Node-30,36,186
2026-01-06 04:56:00,GPU,Low,35,2,6,user,33,1,GPU-Node-13,38,185
2026-01-06 04:58:00,CPU,High,26,2,6,user,32,1,CPU-Node-38,38,171
2026-01-06 05:00:00,CPU,Low,22,4,4,user,10,1,CPU-Node-33,29,154
2026-01-06 05:02:00,CPU,Low,41,11,0,admin,29,1,CPU-Node-46,42,141
2026-01-06 05:04:00,GPU,Low,29,0,1,user,29,0,GPU-Node-29,33,82
2026-01-06 05:06:00,CPU,Medium,47,6,8,admin,27,1,CPU-Node-40,66,251
2026-01-06 05:08:00,GPU,Medium,34,1,10,admin,28,1,GPU-Node-27,49,251
2026-01-06 05:10:00,CPU,Low,25,12,7,admin,23,1,CPU-Node-24,45,197
2026-01-06 05:12:00,CPU,Low,21,1,4,user,12,1,CPU-Node-26,23,155
2026-01-06 05:14:00,GPU,Medium,25,2,0,user,20,1,GPU-Node-18,19,84
2026-01-06 05:16:00,GPU,High,40,1,9,user,18,1,GPU-Node-19,60,289
2026-01-06 05:18:00,CPU,Medium,21,5,0,user,25,1,CPU-Node-9,27,94
2026-01-06 05:20:00,CPU,High,33,3,7,user,22,1,CPU-Node-9,50,221
2026-01-06 05:22:00,CPU,High,36,10,10,user,44,1,CPU-Node-27,53,247
2026-01-06 05:24:00,GPU,Medium,24,2,3,user,27,1,GPU-Node-13,31,145
2026-01-06 05:26:00,GPU,High,23,2,2,user,5,1,GPU-Node-39,23,148
2026-01-06 05:28:00,CPU,Low,39,10,8,user,16,1,CPU-Node-20,49,251
2026-01-06 05:30:00,GPU,Low,18,1,0,user,20,1,GPU-Node-10,7,57
2026-01-06 05:32:00,CPU,High,24,9,1,user,10,1,CPU-Node-46,22,143
2026-01-06 05:34:00,GPU,Medium,43,1,10,user,35,1,GPU-Node-11,64,330
2026-01-06 05:36:00,GPU,Medium,45,1,7,user,28,1,GPU-Node-20,58,225
2026-01-06 05:38:00,CPU,Medium,14,8,4,user,40,1,CPU-Node-9,18,137
2026-01-06 05:40:00,GPU,Medium,36,3,8,user,31,1,GPU-Node-19,47,228
2026-01-06 05:42:00,CPU,High,31,6,6,admin,29,1,CPU-Node-36,53,198
2026-01-06 05:44:00,CPU,High,46,2,9,user,21,1,CPU-Node-22,60,251
2026-01-06 05:46:00,GPU,High,25,1,2,admin,21,1,GPU-Node-43,33,156
2026-01-06 05:48:00,CPU,Medium,34,7,3,user,16,1,CPU-Node-49,39,143
2026-01-06 05:50:00,CPU,Medium,51,6,8,user,28,1,CPU-Node-23,64,260
2026-01-06 05:52:00,GPU,High,30,1,8,user,25,1,GPU-Node-36,45,196
2026-01-06 05:54:00,GPU,Medium,49,2,14,user,28,1,GPU-Node-8,80,335
2026-01-06 05:56:00,GPU,High,56,3,6,user,37,1,GPU-Node-19,71,257
2026-01-06 05:58:00,GPU,High,31,1,7,admin,34,1,GPU-Node-29,51,213
2026-01-06 06:00:00,CPU,Medium,55,3,12,user,23,1,CPU-Node-6,79,333
2026-01-06 06:02:00,GPU,Low,36,2,7,user,15,1,GPU-Node-34,59,229
2026-01-06 06:04:00,CPU,Medium,48,6,13,user,49,1,CPU-Node-4,81,282
2026-01-06 06:06:00,CPU,High,41,4,5,user,38,1,CPU-Node-42,47,231
2026-01-06 06:08:00,GPU,Medium,32,1,10,user,48,1,GPU-Node-37,48,297
2026-01-06 06:10:00,GPU,Medium,19,2,2,user,38,1,GPU-Node-32,24,94
2026-01-06 06:12:00,CPU,High,42,11,7,user,35,1,CPU-Node-40,54,264
2026-01-06 06:14:00,CPU,Low,35,8,1,user,27,1,CPU-Node-50,29,151
2026-01-06 06:16:00,GPU,Medium,53,1,8,user,29,1,GPU-Node-24,67,280
2026-01-06 06:18:00,CPU,High,28,9,5,user,22,1,CPU-Node-16,37,205
2026-01-06 06:20:00,CPU,Low,20,1,2,user,35,1,CPU-Node-15,19,125
2026-01-06 06:22:00,GPU,Medium,12,3,4,user,18,1,GPU-Node-22,14,156
2026-01-06 06:24:00,CPU,Medium,22,4,5,user,35,1,CPU-Node-7,34,188
2026-01-06 06:26:00,GPU,Low,44,3,10,user,36,1,GPU-Node-38,68,280
2026-01-06 06:28:00,CPU,Medium,36,9,6,user,40,1,CPU-Node-1,54,208
2026-01-06 06:30:00,CPU,High,36,3,1,user,21,1,CPU-Node-15,32,125
2026-01-06 06:32:00,GPU,High,35,1,5,user,19,1,GPU-Node-16,45,201
2026-01-06 06:34:00,GPU,High,40,2,10,user,38,1,GPU-Node-29,62,319
2026-01-06 06:36:00,CPU,Medium,40,10,11,user,33,1,CPU-Node-17,58,287
2026-01-06 06:38:00,CPU,High,60,8,15,user,20,1,CPU-Node-28,86,365
2026-01-06 06:40:00,CPU,Low,51,9,6,user,30,1,CPU-Node-11,71,228
2026-01-06 06:42:00,CPU,Medium,35,5,0,user,43,1,CPU-Node-44,35,127
2026-01-06 06:44:00,CPU,Low,30,8,2,admin,37,1,CPU-Node-15,32,132
2026-01-06 06:46:00,CPU,Medium,14,9,2,user,27,1,CPU-Node-21,12,99
2026-01-06 06:48:00,CPU,Medium,25,7,3,user,15,1,CPU-Node-35,34,177
2026-01-06 06:50:00,CPU,Medium,32,8,5,admin,27,1,CPU-Node-27,50,188
2026-01-06 06:52:00,CPU,Medium,24,12,0,user,36,1,CPU-Node-22,19,104
2026-01-06 06:54:00,GPU,High,41,3,13,admin,24,1,GPU-Node-35,66,320
2026-01-06 06:56:00,CPU,Low,31,15,6,user,47,1,CPU-Node-36,42,193
2026-01-06 06:58:00,GPU,High,10,2,0,user,40,1,GPU-Node-36,10,55
2026-01-06 07:00:00,GPU,Medium,14,0,4,user,24,0,GPU-Node-5,17,128
2026-01-06 07:02:00,CPU,Low,31,7,0,admin,22,1,CPU-Node-46,36,114
2026-01-06 07:04:00,CPU,High,27,8,6,user,15,1,CPU-Node-9,41,151
2026-01-06 07:06:00,GPU,High,35,1,8,user,20,1,GPU-Node-44,54,230
2026-01-06 07:08:00,CPU,Low,43,7,7,user,44,1,CPU-Node-5,54,243
2026-01-06 07:10:00,CPU,Medium,38,9,8,user,24,1,CPU-Node-15,49,251
2026-01-06 07:12:00,GPU,Medium,38,0,3,user,37,0,GPU-Node-45,31,170
2026-01-06 07:14:00,CPU,Medium,22,7,2,user,28,1,CPU-Node-47,31,104
2026-01-06 07:16:00,GPU,Medium,47,2,5,user,39,1,GPU-Node-1,60,198
2026-01-06 07:18:00,CPU,Medium,32,12,4,user,48,1,CPU-Node-5,32,187
2026-01-06 07:20:00,CPU,Low,36,7,8,user,30,1,CPU-Node-47,44,228
2026-01-06 07:22:00,GPU,Medium,42,0,5,user,41,0,GPU-Node-13,48,240
2026-01-06 07:24:00,CPU,High,44,10,9,user,38,1,CPU-Node-40,57,270
2026-01-06 07:26:00,CPU,Low,27,10,9,user,30,1,CPU-Node-30,51,216
2026-01-06 07:28:00,CPU,Low,48,9,10,admin,29,1,CPU-Node-10,66,292
2026-01-06 07:30:00,CPU,High,23,5,3,user,34,1,CPU-Node-37,24,153
2026-01-06 07:32:00,GPU,Low,35,1,7,user,45,1,GPU-Node-1,43,203
2026-01-06 07:34:00,GPU,Low,27,1,7,user,21,1,GPU-Node-5,42,207
2026-01-06 07:36:00,CPU,High,34,5,8,user,33,1,CPU-Node-22,55,267
2026-01-06 07:38:00,CPU,High,24,4,3,user,46,1,CPU-Node-39,32,134
2026-01-06 07:40:00,CPU,High,49,4,9,user,46,1,CPU-Node-1,74,263
2026-01-06 07:42:00,CPU,Low,30,7,7,user,51,1,CPU-Node-10,41,211
2026-01-06 07:44:00,CPU,Medium,29,3,5,user,42,1,CPU-Node-48,38,154
2026-01-06 07:46:00,GPU,Medium,55,1,14,user,25,1,GPU-Node-1,86,334
2026-01-06 07:48:00,CPU,Low,38,7,2,user,25,1,CPU-Node-23,42,132
2026-01-06 07:50:00,CPU,High,30,8,5,user,28,1,CPU-Node-7,46,148
2026-01-06 07:52:00,CPU,High,33,13,6,user,31,1,CPU-Node-25,46,214
2026-01-06 07:54:00,GPU,Medium,40,0,7,user,26,0,GPU-Node-38,59,216
2026-01-06 07:56:00,CPU,Medium,43,7,7,admin,32,1,CPU-Node-28,50,226
2026-01-06 07:58:00,CPU,High,34,7,5,admin,18,1,CPU-Node-14,42,198
2026-01-06 08:00:00,GPU,Medium,20,1,2,user,14,1,GPU-Node-23,24,113
2026-01-06 08:02:00,CPU,Medium,44,8,8,user,21,1,CPU-Node-30,62,230
2026-01-06 08:04:00,CPU,Medium,32,10,3,user,19,1,CPU-Node-44,36,151
2026-01-06 08:06:00,GPU,Low,32,2,1,user,28,1,GPU-Node-4,25,142
2026-01-06 08:08:00,CPU,Low,30,8,3,user,15,1,CPU-Node-25,26,171
2026-01-06 08:10:00,GPU,High,36,3,11,user,14,1,GPU-Node-17,58,297
2026-01-06 08:12:00,CPU,Medium,27,12,7,user,26,1,CPU-Node-16,34,210
2026-01-06 08:14:00,CPU,Medium,19,9,4,user,24,1,CPU-Node-32,24,159
2026-01-06 08:16:00,CPU,High,30,8,1,user,48,1,CPU-Node-3,31,76
2026-01-06 08:18:00,CPU,Medium,15,14,2,user,23,1,CPU-Node-32,19,98
2026-01-06 08:20:00,GPU,Low,39,0,11,user,23,0,GPU-Node-48,57,314
2026-01-06 08:22:00,CPU,High,21,6,1,admin,36,1,CPU-Node-14,18,117
2026-01-06 08:24:00,CPU,High,40,4,7,user,24,1,CPU-Node-17,55,214
2026-01-06 08:26:00,CPU,Low,22,5,0,user,25,1,CPU-Node-14,21,127
2026-01-06 08:28:00,GPU,High,22,1,8,user,37,1,GPU-Node-11,27,218
2026-01-06 08:30:00,CPU,Medium,18,9,5,user,31,1,CPU-Node-2,30,186
2026-01-06 08:32:00,CPU,Low,23,1,6,user,43,1,CPU-Node-26,29,160
2026-01-06 08:34:00,GPU,Medium,34,1,3,user,17,1,GPU-Node-9,43,156
2026-01-06 08:36:00,CPU,Low,19,3,0,user,31,1,CPU-Node-34,11,71
2026-01-06 08:38:00,CPU,Low,30,14,8,user,42,1,CPU-Node-28,46,232
2026-01-06 08:40:00,CPU,High,39,8,12,user,27,1,CPU-Node-12,62,318
2026-01-06 08:42:00,GPU,Low,17,1,3,user,23,1,GPU-Node-26,23,148
2026-01-06 08:44:00,CPU,Medium,25,3,0,user,44,1,CPU-Node-7,25,133
2026-01-06 08:46:00,GPU,Medium,45,1,5,user,28,1,GPU-Node-27,58,173
2026-01-06 08:48:00,CPU,Medium,29,8,5,user,35,1,CPU-Node-4,41,159
2026-01-06 08:50:00,CPU,Low,51,7,6,user,45,1,CPU-Node-10,58,229
2026-01-06 08:52:00,CPU,Low,44,7,5,user,27,1,CPU-Node-8,42,203
2026-01-06 08:54:00,GPU,High,55,2,12,user,39,1,GPU-Node-4,74,321
2026-01-06 08:56:00,GPU,Low,27,1,6,user,21,1,GPU-Node-16,37,169
2026-01-06 08:58:00,CPU,Medium,28,4,3,admin,29,1,CPU-Node-26,36,136
2026-01-06 09:00:00,GPU,Low,71,2,11,admin,25,1,GPU-Node-46,92,331
2026-01-06 09:02:00,CPU,Low,75,6,11,user,34,1,CPU-Node-47,96,340
2026-01-06 09:04:00,CPU,Low,89,16,16,user,33,0,CPU-Node-48,100,467
2026-01-06 09:06:00,CPU,Medium,59,1,8,user,38,1,CPU-Node-26,80,257
2026-01-06 09:08:00,CPU,Medium,70,11,15,user,51,1,CPU-Node-9,95,420
2026-01-06 09:10:00,GPU,High,85,2,16,user,29,0,GPU-Node-6,100,481
2026-01-06 09:12:00,GPU,Medium,55,3,14,user,5,1,GPU-Node-36,86,365
2026-01-06 09:14:00,GPU,Medium,64,0,13,user,45,0,GPU-Node-46,89,400
2026-01-06 09:16:00,GPU,Low,58,2,4,user,8,1,GPU-Node-6,68,200
2026-01-06 09:18:00,CPU,High,78,10,14,user,22,1,CPU-Node-1,100,454
2026-01-06 09:20:00,CPU,Medium,77,8,18,user,20,0,CPU-Node-31,100,470
2026-01-06 09:22:00,GPU,Medium,75,0,13,user,22,0,GPU-Node-36,100,417
2026-01-06 09:24:00,CPU,Medium,65,4,15,user,8,1,CPU-Node-2,92,427
2026-01-06 09:26:00,CPU,High,71,4,14,user,20,1,CPU-Node-4,100,376
2026-01-06 09:28:00,CPU,High,76,2,14,user,28,1,CPU-Node-5,97,438
2026-01-06 09:30:00,CPU,Medium,85,15,23,admin,19,0,CPU-Node-7,100,585
2026-01-06 09:32:00,CPU,Medium,78,7,11,user,27,1,CPU-Node-28,97,347
2026-01-06 09:34:00,CPU,Low,81,6,15,admin,21,1,CPU-Node-31,100,419
2026-01-06 09:36:00,GPU,Medium,65,1,14,user,7,1,GPU-Node-40,85,388
2026-01-06 09:38:00,GPU,Low,82,2,17,user,40,0,GPU-Node-49,100,442
2026-01-06 09:40:00,GPU,High,68,1,16,user,39,0,GPU-Node-2,100,440
2026-01-06 09:42:00,GPU,Low,62,0,7,user,19,0,GPU-Node-47,71,335
2026-01-06 09:44:00,GPU,High,64,1,16,user,21,0,GPU-Node-46,96,414
2026-01-06 09:46:00,CPU,High,77,7,13,user,23,1,CPU-Node-22,100,380
2026-01-06 09:48:00,CPU,Medium,77,8,14,user,27,1,CPU-Node-16,100,391
2026-01-06 09:50:00,CPU,Medium,75,3,17,admin,32,0,CPU-Node-7,100,467
2026-01-06 09:52:00,CPU,Low,66,10,5,user,36,1,CPU-Node-3,65,252
2026-01-06 09:54:00,GPU,Medium,93,2,12,admin,35,1,GPU-Node-7,100,390
2026-01-06 09:56:00,CPU,Low,75,9,14,user,5,1,CPU-Node-8,100,426
2026-01-06 09:58:00,GPU,Medium,97,2,19,user,32,0,GPU-Node-9,100,527
2026-01-06 10:00:00,CPU,Low,78,1,15,user,21,1,CPU-Node-38,100,437
2026-01-06 10:02:00,CPU,Low,51,11,10,user,33,1,CPU-Node-45,69,325
2026-01-06 10:04:00,CPU,Low,74,11,11,user,26,1,CPU-Node-17,91,379
2026-01-06 10:06:00,CPU,Medium,65,7,15,user,38,1,CPU-Node-42,93,389
2026-01-06 10:08:00,GPU,Low,86,1,15,user,33,0,GPU-Node-38,100,470
2026-01-06 10:10:00,CPU,Medium,95,9,16,user,5,0,CPU-Node-36,100,500
2026-01-06 10:12:00,GPU,Medium,94,1,22,user,44,0,GPU-Node-47,100,549
2026-01-06 10:14:00,GPU,Medium,79,2,15,admin,19,1,GPU-Node-34,100,431
2026-01-06 10:16:00,GPU,Medium,79,0,10,user,35,0,GPU-Node-27,100,368
2026-01-06 10:18:00,GPU,High,63,1,18,user,18,0,GPU-Node-47,100,433
2026-01-06 10:20:00,CPU,Low,73,12,19,user,35,0,CPU-Node-7,100,490
2026-01-06 10:22:00,GPU,Low,61,2,7,user,32,1,GPU-Node-6,67,254
2026-01-06 10:24:00,CPU,High,67,1,14,user,34,1,CPU-Node-44,95,399
2026-01-06 10:26:00,CPU,High,79,7,11,user,30,1,CPU-Node-6,94,389
2026-01-06 10:28:00,CPU,Medium,69,12,8,user,38,1,CPU-Node-32,91,336
2026-01-06 10:30:00,GPU,High,75,2,17,user,28,0,GPU-Node-36,100,478
2026-01-06 10:32:00,GPU,High,68,1,15,user,29,1,GPU-Node-49,100,412
2026-01-06 10:34:00,GPU,Low,60,1,9,user,54,1,GPU-Node-19,78,295
2026-01-06 10:36:00,CPU,High,71,5,16,user,19,0,CPU-Node-20,100,425
2026-01-06 10:38:00,GPU,High,66,3,13,user,44,1,GPU-Node-38,93,388
2026-01-06 10:40:00,GPU,High,66,1,12,user,32,1,GPU-Node-40,90,343
2026-01-06 10:42:00,CPU,High,57,8,11,user,43,1,CPU-Node-7,83,329
2026-01-06 10:44:00,CPU,Medium,83,9,16,user,25,0,CPU-Node-27,100,435
2026-01-06 10:46:00,GPU,Low,75,2,16,user,29,0,GPU-Node-16,100,403
2026-01-06 10:48:00,CPU,Low,68,3,13,user,22,1,CPU-Node-8,98,391
2026-01-06 10:50:00,CPU,High,82,9,16,user,38,0,CPU-Node-13,100,455
2026-01-06 10:52:00,CPU,Medium,77,8,12,user,30,1,CPU-Node-18,93,371
2026-01-06 10:54:00,GPU,Medium,78,1,14,user,26,1,GPU-Node-33,100,426
2026-01-06 10:56:00,CPU,Medium,63,3,10,user,30,1,CPU-Node-44,87,333
2026-01-06 10:58:00,CPU,Low,73,3,14,user,38,1,CPU-Node-48,94,441
2026-01-06 11:00:00,GPU,Low,67,2,12,user,37,1,GPU-Node-10,93,385
2026-01-06 11:02:00,CPU,Low,80,9,19,admin,31,0,CPU-Node-22,100,509
2026-01-06 11:04:00,CPU,High,71,8,16,admin,23,1,CPU-Node-36,94,419
2026-01-06 11:06:00,CPU,Low,85,4,17,user,26,0,CPU-Node-41,100,469
2026-01-06 11:08:00,CPU,High,80,8,17,user,47,0,CPU-Node-41,100,439
2026-01-06 11:10:00,CPU,Medium,69,8,15,user,33,1,CPU-Node-37,100,411
2026-01-06 11:12:00,CPU,Low,86,9,16,admin,30,0,CPU-Node-22,100,435
2026-01-06 11:14:00,CPU,Low,70,6,11,user,23,1,CPU-Node-35,100,355
2026-01-06 11:16:00,GPU,Low,93,1,20,admin,25,0,GPU-Node-49,100,510
2026-01-06 11:18:00,CPU,Medium,92,9,16,user,61,0,CPU-Node-18,100,463
2026-01-06 11:20:00,GPU,Low,69,3,16,user,22,0,GPU-Node-10,100,426
2026-01-06 11:22:00,GPU,High,83,2,14,user,36,1,GPU-Node-49,100,424
2026-01-06 11:24:00,GPU,Low,71,3,16,user,32,0,GPU-Node-40,100,433
2026-01-06 11:26:00,GPU,High,73,3,9,user,22,1,GPU-Node-16,86,333
2026-01-06 11:28:00,CPU,Low,62,8,8,user,34,1,CPU-Node-22,77,289
2026-01-06 11:30:00,CPU,Medium,68,5,7,user,28,1,CPU-Node-19,78,285
2026-01-06 11:32:00,CPU,Low,70,15,13,user,39,1,CPU-Node-7,98,376
2026-01-06 11:34:00,CPU,Medium,67,12,12,user,30,1,CPU-Node-22,88,389
2026-01-06 11:36:00,CPU,Low,56,9,10,user,29,1,CPU-Node-41,82,302
2026-01-06 11:38:00,GPU,Low,58,1,13,user,37,1,GPU-Node-22,90,364
2026-01-06 11:40:00,CPU,Low,85,12,20,user,21,0,CPU-Node-11,100,532
2026-01-06 11:42:00,CPU,High,75,9,18,user,20,0,CPU-Node-16,100,464
2026-01-06 11:44:00,CPU,Medium,65,7,16,admin,36,0,CPU-Node-41,100,437
2026-01-06 11:46:00,CPU,Low,70,10,10,user,27,1,CPU-Node-18,87,324
2026-01-06 11:48:00,GPU,High,70,1,8,user,34,1,GPU-Node-31,82,317
2026-01-06 11:50:00,GPU,Low,70,2,10,user,26,1,GPU-Node-40,88,323
2026-01-06 11:52:00,GPU,Medium,63,3,12,user,29,1,GPU-Node-15,88,395
2026-01-06 11:54:00,GPU,Low,68,2,11,user,44,1,GPU-Node-32,99,372
2026-01-06 11:56:00,CPU,Medium,70,7,10,user,30,1,CPU-Node-4,87,324
2026-01-06 11:58:00,CPU,High,78,4,13,user,17,1,CPU-Node-13,100,399
2026-01-06 12:00:00,GPU,High,91,3,20,user,26,0,GPU-Node-9,100,524
2026-01-06 12:02:00,CPU,Medium,91,6,17,user,22,0,CPU-Node-34,100,471
2026-01-06 12:04:00,GPU,Low,85,1,11,admin,36,1,GPU-Node-28,100,363
2026-01-06 12:06:00,CPU,Medium,79,9,17,user,26,0,CPU-Node-14,100,458
2026-01-06 12:08:00,CPU,High,77,5,11,user,30,1,CPU-Node-24,100,388
2026-01-06 12:10:00,CPU,Low,87,6,15,user,16,1,CPU-Node-9,100,415
2026-01-06 12:12:00,CPU,Medium,83,7,16,user,22,0,CPU-Node-12,100,449
2026-01-06 12:14:00,GPU,Medium,79,4,15,user,27,1,GPU-Node-44,100,450
2026-01-06 12:16:00,CPU,High,69,4,14,user,28,1,CPU-Node-27,94,383
2026-01-06 12:18:00,GPU,Low,72,3,13,user,17,1,GPU-Node-5,99,356
2026-01-06 12:20:00,CPU,Medium,62,8,13,admin,37,1,CPU-Node-47,90,367
2026-01-06 12:22:00,CPU,High,68,9,12,user,38,1,CPU-Node-35,92,398
2026-01-06 12:24:00,CPU,High,67,10,5,user,36,1,CPU-Node-42,80,263
2026-01-06 12:26:00,CPU,Low,85,5,10,user,12,1,CPU-Node-6,100,414
2026-01-06 12:28:00,CPU,High,72,9,11,user,21,1,CPU-Node-14,93,385
2026-01-06 12:30:00,CPU,High,86,2,19,admin,24,1,CPU-Node-20,100,519
2026-01-06 12:32:00,CPU,Low,79,3,12,user,18,1,CPU-Node-26,100,387
2026-01-06 12:34:00,CPU,Medium,70,2,13,user,29,1,CPU-Node-14,92,351
2026-01-06 12:36:00,GPU,Medium,74,1,21,user,32,0,GPU-Node-18,100,484
2026-01-06 12:38:00,CPU,Medium,96,4,21,user,22,0,CPU-Node-27,100,546
2026-01-06 12:40:00,GPU,High,69,1,20,user,27,0,GPU-Node-47,100,493
2026-01-06 12:42:00,CPU,Low,78,4,16,user,26,0,CPU-Node-16,100,429
2026-01-06 12:44:00,GPU,Low,74,2,15,user,31,1,GPU-Node-42,100,439
2026-01-06 12:46:00,CPU,Medium,80,2,15,user,35,1,CPU-Node-27,95,464
2026-01-06 12:48:00,CPU,Medium,66,7,13,admin,24,1,CPU-Node-10,90,359
2026-01-06 12:50:00,CPU,Medium,85,8,16,user,20,0,CPU-Node-17,100,430
2026-01-06 12:52:00,GPU,High,81,1,9,user,40,1,GPU-Node-9,98,344
2026-01-06 12:54:00,GPU,Low,81,1,17,user,5,0,GPU-Node-30,100,437
2026-01-06 12:56:00,GPU,Medium,74,2,13,user,41,1,GPU-Node-20,99,368
2026-01-06 12:58:00,CPU,Medium,71,1,9,user,35,1,CPU-Node-50,84,300
2026-01-06 13:00:00,CPU,Medium,69,7,14,user,28,1,CPU-Node-40,91,414
2026-01-06 13:02:00,CPU,High,100,8,23,user,27,0,CPU-Node-46,100,589
2026-01-06 13:04:00,GPU,Low,73,1,16,user,30,0,GPU-Node-13,100,452
2026-01-06 13:06:00,GPU,High,72,2,16,user,39,0,GPU-Node-47,100,448
2026-01-06 13:08:00,GPU,High,64,2,11,user,21,1,GPU-Node-6,84,349
2026-01-06 13:10:00,CPU,Low,96,9,18,user,29,0,CPU-Node-25,100,504
2026-01-06 13:12:00,CPU,Medium,83,11,17,user,50,0,CPU-Node-43,100,490
2026-01-06 13:14:00,CPU,Low,79,5,14,user,39,1,CPU-Node-10,100,399
2026-01-06 13:16:00,CPU,Medium,70,6,8,user,30,1,CPU-Node-50,76,325
2026-01-06 13:18:00,GPU,Medium,83,2,16,user,23,0,GPU-Node-11,100,424
2026-01-06 13:20:00,CPU,Medium,63,11,13,user,26,1,CPU-Node-20,84,360
2026-01-06 13:22:00,GPU,High,96,0,21,user,21,0,GPU-Node-12,100,572
2026-01-06 13:24:00,GPU,Medium,63,1,11,user,21,1,GPU-Node-24,91,328
2026-01-06 13:26:00,CPU,Medium,79,4,12,user,38,1,CPU-Node-8,100,389
2026-01-06 13:28:00,CPU,Low,59,8,10,user,32,1,CPU-Node-7,90,313
2026-01-06 13:30:00,CPU,Medium,64,10,13,user,30,1,CPU-Node-8,96,369
2026-01-06 13:32:00,GPU,Medium,70,1,12,user,54,1,GPU-Node-31,100,372
2026-01-06 13:34:00,GPU,High,82,1,13,user,34,1,GPU-Node-32,100,424
2026-01-06 13:36:00,CPU,Low,79,8,14,user,19,1,CPU-Node-34,100,426
2026-01-06 13:38:00,GPU,Low,72,0,16,user,27,0,GPU-Node-20,100,456
2026-01-06 13:40:00,GPU,Low,66,2,9,admin,37,1,GPU-Node-22,75,301
2026-01-06 13:42:00,CPU,High,78,3,15,user,29,1,CPU-Node-1,100,488
2026-01-06 13:44:00,GPU,High,79,3,12,user,38,1,GPU-Node-31,100,378
2026-01-06 13:46:00,GPU,Medium,51,2,7,user,26,1,GPU-Node-15,63,224
2026-01-06 13:48:00,CPU,High,66,11,14,user,20,1,CPU-Node-44,94,382
2026-01-06 13:50:00,CPU,High,69,11,12,user,17,1,CPU-Node-47,90,353
2026-01-06 13:52:00,CPU,High,66,15,15,user,50,1,CPU-Node-32,100,394
2026-01-06 13:54:00,CPU,Medium,77,8,15,user,21,1,CPU-Node-41,100,401
2026-01-06 13:56:00,CPU,Low,76,9,16,user,29,0,CPU-Node-49,100,438
2026-01-06 13:58:00,GPU,High,97,1,24,user,24,0,GPU-Node-23,100,614
2026-01-06 14:00:00,CPU,High,67,2,14,user,30,1,CPU-Node-37,90,419
2026-01-06 14:02:00,CPU,Medium,77,8,16,admin,27,0,CPU-Node-36,90,436
2026-01-06 14:04:00,GPU,High,76,1,15,user,17,1,GPU-Node-12,100,453
2026-01-06 14:06:00,CPU,High,61,5,11,user,10,1,CPU-Node-6,81,327
2026-01-06 14:08:00,GPU,High,80,1,19,user,19,0,GPU-Node-10,100,500
2026-01-06 14:10:00,GPU,Medium,69,2,15,user,45,1,GPU-Node-47,100,409
2026-01-06 14:12:00,GPU,Medium,81,1,21,user,28,0,GPU-Node-34,100,517
2026-01-06 14:14:00,CPU,High,68,7,14,user,29,1,CPU-Node-49,96,385
2026-01-06 14:16:00,CPU,Medium,71,8,12,admin,22,1,CPU-Node-31,100,358
2026-01-06 14:18:00,GPU,Medium,69,3,15,admin,28,1,GPU-Node-39,96,392
2026-01-06 14:20:00,GPU,High,66,0,15,admin,40,0,GPU-Node-3,96,409
2026-01-06 14:22:00,GPU,High,87,2,19,user,17,0,GPU-Node-45,100,524
2026-01-06 14:24:00,GPU,Low,80,3,20,user,40,0,GPU-Node-42,100,511
2026-01-06 14:26:00,CPU,High,70,10,10,user,30,1,CPU-Node-39,81,325
2026-01-06 14:28:00,CPU,Medium,81,10,14,user,12,1,CPU-Node-25,100,433
2026-01-06 14:30:00,CPU,Medium,69,10,12,user,31,1,CPU-Node-35,96,369
2026-01-06 14:32:00,CPU,Medium,73,4,14,user,30,1,CPU-Node-44,98,424
2026-01-06 14:34:00,GPU,High,79,1,15,user,33,1,GPU-Node-28,100,440
2026-01-06 14:36:00,CPU,High,87,5,14,admin,47,1,CPU-Node-42,100,448
2026-01-06 14:38:00,GPU,Medium,67,0,12,admin,23,0,GPU-Node-12,93,322
2026-01-06 14:40:00,CPU,Medium,73,6,19,user,19,0,CPU-Node-10,100,457
2026-01-06 14:42:00,GPU,High,81,1,18,user,38,0,GPU-Node-38,100,472
2026-01-06 14:44:00,GPU,High,63,1,13,user,41,1,GPU-Node-34,89,363
2026-01-06 14:46:00,CPU,Low,85,5,15,user,20,1,CPU-Node-12,100,507
2026-01-06 14:48:00,GPU,Medium,76,2,17,user,34,0,GPU-Node-3,100,484
2026-01-06 14:50:00,GPU,Medium,53,3,6,user,35,1,GPU-Node-5,59,234
2026-01-06 14:52:00,CPU,Low,70,7,14,user,19,1,CPU-Node-50,96,428
2026-01-06 14:54:00,CPU,Low,76,12,15,user,21,1,CPU-Node-39,100,478
2026-01-06 14:56:00,CPU,Medium,70,7,14,user,13,1,CPU-Node-38,97,378
2026-01-06 14:58:00,CPU,High,64,9,11,user,34,1,CPU-Node-46,84,366
2026-01-06 15:00:00,GPU,High,68,3,10,admin,29,1,GPU-Node-36,86,323
2026-01-06 15:02:00,CPU,High,83,4,15,user,31,1,CPU-Node-47,100,441
2026-01-06 15:04:00,CPU,Low,93,12,20,user,17,0,CPU-Node-18,100,540
2026-01-06 15:06:00,GPU,High,73,2,12,user,19,1,GPU-Node-21,96,346
2026-01-06 15:08:00,CPU,Medium,82,8,22,user,36,0,CPU-Node-36,100,546
2026-01-06 15:10:00,GPU,Low,75,1,12,user,31,1,GPU-Node-16,100,375
2026-01-06 15:12:00,CPU,Low,66,7,10,user,39,1,CPU-Node-27,84,335
2026-01-06 15:14:00,CPU,Low,82,8,13,user,37,1,CPU-Node-46,100,387
2026-01-06 15:16:00,CPU,High,57,8,10,user,27,1,CPU-Node-4,68,289
2026-01-06 15:18:00,GPU,High,85,1,18,user,28,0,GPU-Node-7,100,503
2026-01-06 15:20:00,CPU,Medium,83,9,15,user,58,1,CPU-Node-32,100,463
2026-01-06 15:22:00,CPU,Low,79,7,16,user,40,0,CPU-Node-5,100,394
2026-01-06 15:24:00,GPU,Medium,90,1,16,user,19,0,GPU-Node-43,100,475
2026-01-06 15:26:00,CPU,Low,68,9,9,user,17,1,CPU-Node-5,76,307
2026-01-06 15:28:00,GPU,High,44,0,11,user,11,0,GPU-Node-37,68,292
2026-01-06 15:30:00,CPU,Medium,66,4,14,user,22,1,CPU-Node-26,100,411
2026-01-06 15:32:00,CPU,High,47,13,12,user,26,1,CPU-Node-20,64,315
2026-01-06 15:34:00,CPU,Medium,73,7,14,admin,36,1,CPU-Node-21,100,418
2026-01-06 15:36:00,GPU,Low,70,1,13,user,39,1,GPU-Node-22,92,369
2026-01-06 15:38:00,GPU,High,75,1,18,user,35,0,GPU-Node-8,100,459
2026-01-06 15:40:00,GPU,Low,100,1,19,user,31,0,GPU-Node-24,100,542
2026-01-06 15:42:00,CPU,Medium,69,9,11,admin,22,1,CPU-Node-9,90,373
2026-01-06 15:44:00,CPU,Low,55,6,9,user,26,1,CPU-Node-6,76,241
2026-01-06 15:46:00,CPU,High,71,9,17,user,34,0,CPU-Node-28,100,453
2026-01-06 15:48:00,GPU,Low,69,3,11,user,18,1,GPU-Node-10,94,328
2026-01-06 15:50:00,CPU,Medium,95,10,13,user,5,1,CPU-Node-20,100,424
2026-01-06 15:52:00,GPU,Medium,74,3,17,user,35,0,GPU-Node-41,100,466
2026-01-06 15:54:00,CPU,High,86,9,15,admin,8,1,CPU-Node-2,100,456
2026-01-06 15:56:00,GPU,Low,75,3,18,user,16,0,GPU-Node-32,100,468
2026-01-06 15:58:00,GPU,Low,72,1,17,user,31,0,GPU-Node-30,100,453
2026-01-06 16:00:00,CPU,High,63,6,9,user,30,1,CPU-Node-1,81,309
2026-01-06 16:02:00,GPU,High,52,2,3,user,12,1,GPU-Node-25,62,200
2026-01-06 16:04:00,CPU,Medium,61,8,13,user,25,1,CPU-Node-50,90,377
2026-01-06 16:06:00,CPU,Low,73,6,13,user,39,1,CPU-Node-29,91,390
2026-01-06 16:08:00,CPU,Low,72,6,7,user,44,1,CPU-Node-25,82,310
2026-01-06 16:10:00,GPU,Low,79,3,18,user,38,0,GPU-Node-1,100,475
2026-01-06 16:12:00,CPU,High,86,9,12,user,35,1,CPU-Node-43,100,423
2026-01-06 16:14:00,GPU,Low,65,2,10,user,30,1,GPU-Node-27,83,314
2026-01-06 16:16:00,CPU,Medium,67,8,15,user,33,1,CPU-Node-7,99,406
2026-01-06 16:18:00,GPU,Low,76,1,17,user,10,0,GPU-Node-33,100,440
2026-01-06 16:20:00,GPU,Low,66,2,12,admin,29,1,GPU-Node-17,90,383
2026-01-06 16:22:00,GPU,Medium,89,2,14,user,25,1,GPU-Node-18,100,400
2026-01-06 16:24:00,GPU,Medium,68,3,10,user,49,1,GPU-Node-2,85,370
2026-01-06 16:26:00,CPU,High,66,11,11,admin,33,1,CPU-Node-8,83,370
2026-01-06 16:28:00,GPU,High,73,1,15,user,18,1,GPU-Node-19,100,404
2026-01-06 16:30:00,CPU,High,69,8,15,user,33,1,CPU-Node-6,100,399
2026-01-06 16:32:00,CPU,Medium,84,4,20,user,34,0,CPU-Node-8,100,481
2026-01-06 16:34:00,GPU,Low,81,0,19,user,30,0,GPU-Node-3,100,510
2026-01-06 16:36:00,CPU,High,64,4,8,user,23,1,CPU-Node-36,84,288
2026-01-06 16:38:00,CPU,Low,68,11,16,user,22,0,CPU-Node-12,100,423
2026-01-06 16:40:00,CPU,Low,73,1,14,user,22,1,CPU-Node-22,100,428
2026-01-06 16:42:00,GPU,Medium,58,1,14,user,23,1,GPU-Node-5,87,355
2026-01-06 16:44:00,CPU,Medium,86,9,17,user,30,0,CPU-Node-21,100,469
2026-01-06 16:46:00,GPU,Low,82,1,23,admin,25,0,GPU-Node-7,100,531
2026-01-06 16:48:00,CPU,Low,79,7,13,user,33,1,CPU-Node-14,100,412
2026-01-06 16:50:00,GPU,High,76,3,13,user,19,1,GPU-Node-15,98,411
2026-01-06 16:52:00,GPU,Low,78,3,13,user,16,1,GPU-Node-44,95,386
2026-01-06 16:54:00,CPU,Medium,75,1,14,user,33,1,CPU-Node-11,100,401
2026-01-06 16:56:00,CPU,High,75,5,11,user,56,1,CPU-Node-43,99,383
2026-01-06 16:58:00,CPU,Low,60,7,14,admin,26,1,CPU-Node-14,83,373
2026-01-06 17:00:00,CPU,High,72,7,18,user,36,0,CPU-Node-8,100,483
2026-01-06 17:02:00,GPU,Medium,69,1,14,admin,35,1,GPU-Node-39,100,390
2026-01-06 17:04:00,GPU,Low,84,3,12,user,21,1,GPU-Node-40,100,357
2026-01-06 17:06:00,GPU,Medium,77,2,15,user,30,1,GPU-Node-29,100,433
2026-01-06 17:08:00,GPU,Low,63,1,11,admin,49,1,GPU-Node-26,85,311
2026-01-06 17:10:00,GPU,Medium,81,1,16,user,25,0,GPU-Node-49,100,444
2026-01-06 17:12:00,CPU,Low,89,7,19,user,32,0,CPU-Node-20,100,510
2026-01-06 17:14:00,GPU,Low,62,1,13,user,36,1,GPU-Node-5,79,363
2026-01-06 17:16:00,CPU,Low,64,7,10,user,20,1,CPU-Node-36,82,327
2026-01-06 17:18:00,CPU,High,61,8,10,user,16,1,CPU-Node-42,78,314
2026-01-06 17:20:00,CPU,High,99,10,15,user,38,1,CPU-Node-29,100,495
2026-01-06 17:22:00,GPU,Medium,91,1,21,admin,28,0,GPU-Node-13,100,547
2026-01-06 17:24:00,GPU,Low,81,2,16,user,15,0,GPU-Node-18,100,441
2026-01-06 17:26:00,CPU,High,71,6,10,user,18,1,CPU-Node-42,92,336
2026-01-06 17:28:00,CPU,Low,91,8,20,user,28,0,CPU-Node-14,100,569
2026-01-06 17:30:00,CPU,High,52,3,6,user,45,1,CPU-Node-17,67,259
2026-01-06 17:32:00,CPU,Low,62,5,10,admin,35,1,CPU-Node-43,88,310
2026-01-06 17:34:00,CPU,High,72,2,16,admin,43,1,CPU-Node-31,100,442
2026-01-06 17:36:00,CPU,Low,61,1,10,user,54,1,CPU-Node-42,78,330
2026-01-06 17:38:00,GPU,High,65,0,7,user,24,0,GPU-Node-30,72,301
2026-01-06 17:40:00,GPU,High,62,1,11,user,35,1,GPU-Node-28,87,338
2026-01-06 17:42:00,GPU,Medium,81,4,17,user,29,0,GPU-Node-6,100,468
2026-01-06 17:44:00,CPU,Medium,95,13,19,admin,17,0,CPU-Node-46,100,545
2026-01-06 17:46:00,CPU,Low,74,7,13,user,33,1,CPU-Node-37,97,388
2026-01-06 17:48:00,CPU,Medium,66,4,12,user,46,1,CPU-Node-43,93,362
2026-01-06 17:50:00,CPU,High,69,10,8,user,42,1,CPU-Node-47,78,304
2026-01-06 17:52:00,GPU,High,70,2,11,user,27,1,GPU-Node-22,93,350
2026-01-06 17:54:00,GPU,Medium,77,4,20,user,20,0,GPU-Node-48,100,501
2026-01-06 17:56:00,CPU,High,55,12,13,user,28,1,CPU-Node-17,81,349
2026-01-06 17:58:00,CPU,Low,70,9,14,user,39,1,CPU-Node-15,100,401
2026-01-06 18:00:00,GPU,High,71,2,13,user,32,1,GPU-Node-34,98,324
2026-01-06 18:02:00,CPU,High,76,2,15,user,28,1,CPU-Node-7,100,433
2026-01-06 18:04:00,CPU,Low,74,6,12,user,32,1,CPU-Node-48,95,386
2026-01-06 18:06:00,CPU,Medium,67,9,11,user,34,1,CPU-Node-29,88,351
2026-01-06 18:08:00,GPU,High,91,3,20,user,12,0,GPU-Node-50,100,533
2026-01-06 18:10:00,CPU,Medium,71,12,15,user,50,1,CPU-Node-20,98,431
2026-01-06 18:12:00,GPU,Medium,77,1,13,user,35,1,GPU-Node-35,100,397
2026-01-06 18:14:00,CPU,Low,91,10,22,user,39,0,CPU-Node-35,100,554
2026-01-06 18:16:00,GPU,Medium,73,0,10,admin,23,0,GPU-Node-1,85,365
2026-01-06 18:18:00,CPU,Low,64,9,14,user,30,1,CPU-Node-12,85,387
2026-01-06 18:20:00,CPU,Low,64,7,15,admin,22,1,CPU-Node-37,86,398
2026-01-06 18:22:00,GPU,High,79,2,18,user,25,0,GPU-Node-16,100,482
2026-01-06 18:24:00,CPU,Low,84,9,21,user,31,0,CPU-Node-33,100,545
2026-01-06 18:26:00,GPU,Medium,77,0,20,user,25,0,GPU-Node-3,100,488
2026-01-06 18:28:00,GPU,Medium,86,2,15,user,37,1,GPU-Node-33,100,473
2026-01-06 18:30:00,CPU,Medium,77,5,15,user,18,1,CPU-Node-37,100,398
2026-01-06 18:32:00,CPU,Medium,75,1,18,user,26,0,CPU-Node-48,100,445
2026-01-06 18:34:00,CPU,Low,86,5,19,user,49,0,CPU-Node-18,100,507
2026-01-06 18:36:00,CPU,Medium,65,11,16,user,20,0,CPU-Node-17,99,448
2026-01-06 18:38:00,CPU,High,84,5,12,admin,43,1,CPU-Node-45,100,352
2026-01-06 18:40:00,CPU,Low,80,10,16,user,38,0,CPU-Node-37,100,427
2026-01-06 18:42:00,GPU,Medium,87,3,21,user,31,0,GPU-Node-35,100,560
2026-01-06 18:44:00,GPU,High,82,1,16,user,36,0,GPU-Node-24,100,436
2026-01-06 18:46:00,GPU,Medium,69,2,15,admin,41,1,GPU-Node-30,90,478
2026-01-06 18:48:00,GPU,Low,70,0,12,user,24,0,GPU-Node-34,95,380
2026-01-06 18:50:00,GPU,Medium,96,1,27,admin,23,0,GPU-Node-3,100,596
2026-01-06 18:52:00,GPU,Medium,74,0,12,user,34,0,GPU-Node-36,90,362
2026-01-06 18:54:00,GPU,High,57,2,11,user,35,1,GPU-Node-45,72,343
2026-01-06 18:56:00,CPU,High,83,10,17,user,19,0,CPU-Node-34,100,456
2026-01-06 18:58:00,CPU,High,77,5,18,user,28,0,CPU-Node-22,100,461
2026-01-06 19:00:00,GPU,High,46,3,11,user,26,1,GPU-Node-13,61,305
2026-01-06 19:02:00,GPU,High,31,1,3,user,16,1,GPU-Node-41,32,153
2026-01-06 19:04:00,CPU,Low,39,12,5,admin,37,1,CPU-Node-34,50,197
2026-01-06 19:06:00,CPU,Low,37,11,5,user,36,1,CPU-Node-11,41,224
2026-01-06 19:08:00,GPU,High,37,1,7,user,23,1,GPU-Node-46,46,231
2026-01-06 19:10:00,CPU,Medium,37,6,8,user,12,1,CPU-Node-41,56,278
2026-01-06 19:12:00,CPU,Medium,20,7,2,user,18,1,CPU-Node-45,27,141
2026-01-06 19:14:00,GPU,Medium,35,1,9,user,27,1,GPU-Node-26,49,232
2026-01-06 19:16:00,GPU,Medium,48,1,7,user,31,1,GPU-Node-24,58,256
2026-01-06 19:18:00,GPU,Low,39,2,6,admin,22,1,GPU-Node-45,52,226
2026-01-06 19:20:00,CPU,Medium,24,7,7,user,29,1,CPU-Node-28,34,181
2026-01-06 19:22:00,CPU,Medium,27,9,7,user,25,1,CPU-Node-10,43,236
2026-01-06 19:24:00,CPU,Medium,29,3,4,user,30,1,CPU-Node-35,37,155
2026-01-06 19:26:00,GPU,Medium,30,1,4,user,24,1,GPU-Node-5,39,159
2026-01-06 19:28:00,CPU,Medium,25,10,3,user,11,1,CPU-Node-16,35,168
2026-01-06 19:30:00,GPU,High,43,2,11,user,26,1,GPU-Node-18,68,312
2026-01-06 19:32:00,CPU,Medium,48,5,16,user,36,0,CPU-Node-21,82,404
2026-01-06 19:34:00,CPU,Medium,32,10,4,admin,15,1,CPU-Node-22,35,118
2026-01-06 19:36:00,CPU,High,48,3,4,user,24,1,CPU-Node-28,53,233
2026-01-06 19:38:00,CPU,High,23,6,3,user,26,1,CPU-Node-6,21,140
2026-01-06 19:40:00,GPU,High,44,2,10,admin,38,1,GPU-Node-43,59,298
2026-01-06 19:42:00,GPU,Low,55,1,11,user,40,1,GPU-Node-21,76,296
2026-01-06 19:44:00,CPU,High,17,2,0,admin,30,1,CPU-Node-19,8,100
2026-01-06 19:46:00,CPU,Low,27,11,8,user,21,1,CPU-Node-33,50,217
2026-01-06 19:48:00,CPU,Medium,43,4,10,admin,28,1,CPU-Node-35,63,292
2026-01-06 19:50:00,CPU,High,37,5,6,user,17,1,CPU-Node-43,44,214
2026-01-06 19:52:00,GPU,Medium,32,2,11,user,46,1,GPU-Node-46,49,297
2026-01-06 19:54:00,GPU,Low,35,3,5,user,26,1,GPU-Node-39,48,195
2026-01-06 19:56:00,CPU,High,30,5,6,user,55,1,CPU-Node-38,41,199
2026-01-06 19:58:00,GPU,High,33,1,8,admin,20,1,GPU-Node-44,47,221
2026-01-06 20:00:00,CPU,Low,39,6,14,user,22,1,CPU-Node-2,59,328
2026-01-06 20:02:00,GPU,Medium,23,0,9,user,28,0,GPU-Node-37,40,257
2026-01-06 20:04:00,CPU,Low,23,8,7,user,5,1,CPU-Node-10,40,197
2026-01-06 20:06:00,GPU,Low,39,1,8,admin,34,1,GPU-Node-31,45,279
2026-01-06 20:08:00,GPU,Low,44,2,10,user,25,1,GPU-Node-44,74,297
2026-01-06 20:10:00,GPU,Medium,24,1,4,user,14,1,GPU-Node-42,34,141
2026-01-06 20:12:00,CPU,Low,45,4,10,user,24,1,CPU-Node-22,65,286
2026-01-06 20:14:00,CPU,Medium,47,10,12,user,36,1,CPU-Node-23,75,353
2026-01-06 20:16:00,GPU,Low,32,2,6,user,26,1,GPU-Node-22,43,180
2026-01-06 20:18:00,CPU,Medium,44,6,9,admin,38,1,CPU-Node-41,57,292
2026-01-06 20:20:00,GPU,Low,32,3,7,user,27,1,GPU-Node-39,43,160
2026-01-06 20:22:00,CPU,High,25,5,8,user,38,1,CPU-Node-32,38,211
2026-01-06 20:24:00,GPU,Medium,37,2,17,user,17,0,GPU-Node-6,63,370
2026-01-06 20:26:00,CPU,Medium,39,5,10,admin,33,1,CPU-Node-23,65,289
2026-01-06 20:28:00,CPU,High,48,9,11,user,34,1,CPU-Node-12,68,325
2026-01-06 20:30:00,GPU,Low,37,1,7,admin,25,1,GPU-Node-25,47,228
2026-01-06 20:32:00,GPU,Medium,53,0,13,user,12,0,GPU-Node-22,69,319
2026-01-06 20:34:00,GPU,Medium,34,2,3,user,26,1,GPU-Node-5,37,164
2026-01-06 20:36:00,GPU,High,58,1,14,user,22,1,GPU-Node-17,79,404
2026-01-06 20:38:00,CPU,High,47,10,7,admin,35,1,CPU-Node-25,60,195
2026-01-06 20:40:00,CPU,High,32,11,9,user,29,1,CPU-Node-42,49,215
2026-01-06 20:42:00,GPU,Low,36,2,13,user,21,1,GPU-Node-14,60,291
2026-01-06 20:44:00,CPU,Low,14,8,3,user,37,1,CPU-Node-33,22,112
2026-01-06 20:46:00,GPU,Low,32,0,6,user,10,0,GPU-Node-2,48,230
2026-01-06 20:48:00,GPU,Medium,30,1,6,user,59,1,GPU-Node-35,34,191
2026-01-06 20:50:00,GPU,Low,49,1,8,user,21,1,GPU-Node-39,65,261
2026-01-06 20:52:00,GPU,Medium,31,2,8,user,46,1,GPU-Node-24,43,214
2026-01-06 20:54:00,CPU,Low,47,4,10,user,27,1,CPU-Node-26,60,278
2026-01-06 20:56:00,CPU,High,29,7,11,user,40,1,CPU-Node-46,42,274
2026-01-06 20:58:00,CPU,High,27,10,8,admin,19,1,CPU-Node-1,47,226
2026-01-06 21:00:00,CPU,Low,42,4,4,user,25,1,CPU-Node-38,45,191
2026-01-06 21:02:00,GPU,High,13,1,2,user,13,1,GPU-Node-1,15,104
2026-01-06 21:04:00,CPU,High,39,8,13,user,26,1,CPU-Node-2,64,281
2026-01-06 21:06:00,GPU,High,33,3,10,user,23,1,GPU-Node-39,56,250
2026-01-06 21:08:00,CPU,High,20,4,8,user,30,1,CPU-Node-23,42,197
2026-01-06 21:10:00,GPU,Low,23,2,2,user,18,1,GPU-Node-10,29,112
2026-01-06 21:12:00,GPU,High,46,2,8,user,48,1,GPU-Node-27,55,259
2026-01-06 21:14:00,GPU,High,33,2,7,user,29,1,GPU-Node-47,47,219
2026-01-06 21:16:00,CPU,Low,46,7,12,user,19,1,CPU-Node-9,68,326
2026-01-06 21:18:00,CPU,Medium,49,7,8,admin,25,1,CPU-Node-2,66,263
2026-01-06 21:20:00,CPU,Low,28,10,6,user,18,1,CPU-Node-49,35,175
2026-01-06 21:22:00,CPU,Medium,45,7,4,user,42,1,CPU-Node-23,55,207
2026-01-06 21:24:00,CPU,Low,59,6,13,user,60,1,CPU-Node-29,82,416
2026-01-06 21:26:00,CPU,Medium,45,9,6,user,24,1,CPU-Node-29,52,233
2026-01-06 21:28:00,CPU,High,35,5,5,admin,18,1,CPU-Node-18,49,206
2026-01-06 21:30:00,CPU,Low,39,7,6,user,22,1,CPU-Node-12,49,238
2026-01-06 21:32:00,GPU,Medium,35,1,5,user,29,1,GPU-Node-26,37,215
2026-01-06 21:34:00,GPU,High,39,3,10,user,33,1,GPU-Node-28,59,303
2026-01-06 21:36:00,GPU,Low,22,2,4,user,46,1,GPU-Node-24,31,183
2026-01-06 21:38:00,GPU,Medium,29,0,3,user,31,0,GPU-Node-3,30,164
2026-01-06 21:40:00,CPU,High,39,5,7,user,35,1,CPU-Node-2,51,205
2026-01-06 21:42:00,CPU,Low,49,9,10,admin,30,1,CPU-Node-10,69,339
2026-01-06 21:44:00,GPU,Low,41,2,10,admin,32,1,GPU-Node-44,52,316
2026-01-06 21:46:00,GPU,Medium,15,2,5,admin,15,1,GPU-Node-34,17,159
2026-01-06 21:48:00,CPU,Medium,28,8,1,user,26,1,CPU-Node-17,36,162
2026-01-06 21:50:00,GPU,High,48,1,9,user,43,1,GPU-Node-27,65,283
2026-01-06 21:52:00,GPU,High,54,1,15,user,40,1,GPU-Node-49,81,377
2026-01-06 21:54:00,GPU,High,30,2,7,admin,23,1,GPU-Node-50,50,192
2026-01-06 21:56:00,GPU,Medium,58,0,12,user,27,0,GPU-Node-2,84,339
2026-01-06 21:58:00,GPU,Medium,22,1,8,user,17,1,GPU-Node-7,36,233
2026-01-06 22:00:00,GPU,High,32,1,9,user,33,1,GPU-Node-15,57,268
2026-01-06 22:02:00,CPU,High,37,6,10,user,31,1,CPU-Node-24,58,263
2026-01-06 22:04:00,CPU,High,31,11,5,user,35,1,CPU-Node-9,42,202
2026-01-06 22:06:00,CPU,Low,51,6,9,user,36,1,CPU-Node-35,69,283
2026-01-06 22:08:00,CPU,Medium,41,11,9,user,21,1,CPU-Node-10,49,282
2026-01-06 22:10:00,GPU,Medium,41,2,7,user,16,1,GPU-Node-22,54,215
2026-01-06 22:12:00,GPU,Medium,26,1,8,user,26,1,GPU-Node-36,36,225
2026-01-06 22:14:00,GPU,Low,40,2,9,user,40,1,GPU-Node-1,60,258
2026-01-06 22:16:00,GPU,High,22,1,0,user,26,1,GPU-Node-24,22,62
2026-01-06 22:18:00,GPU,Low,33,3,8,user,39,1,GPU-Node-20,41,195
2026-01-06 22:20:00,CPU,Medium,33,11,4,admin,16,1,CPU-Node-30,49,176
2026-01-06 22:22:00,GPU,High,42,0,8,user,36,0,GPU-Node-17,59,262
2026-01-06 22:24:00,CPU,High,23,9,3,user,36,1,CPU-Node-11,21,161
2026-01-06 22:26:00,GPU,High,37,1,9,user,25,1,GPU-Node-39,46,294
2026-01-06 22:28:00,GPU,High,22,2,4,user,11,1,GPU-Node-45,35,128
2026-01-06 22:30:00,CPU,High,37,2,5,user,19,1,CPU-Node-16,57,209
2026-01-06 22:32:00,GPU,Low,35,1,6,user,38,1,GPU-Node-18,50,194
2026-01-06 22:34:00,CPU,High,15,12,1,user,22,1,CPU-Node-39,13,71
2026-01-06 22:36:00,GPU,Low,39,2,10,user,36,1,GPU-Node-29,54,245
2026-01-06 22:38:00,CPU,High,13,2,5,user,41,1,CPU-Node-3,18,200
2026-01-06 22:40:00,GPU,Medium,21,2,9,user,27,1,GPU-Node-34,43,280
2026-01-06 22:42:00,CPU,Medium,31,5,6,user,25,1,CPU-Node-15,51,188
2026-01-06 22:44:00,GPU,High,24,1,0,user,24,1,GPU-Node-19,23,98
2026-01-06 22:46:00,GPU,Low,44,2,3,user,40,1,GPU-Node-41,58,163
2026-01-06 22:48:00,CPU,Low,25,3,6,user,33,1,CPU-Node-29,32,197
2026-01-06 22:50:00,CPU,High,31,9,7,user,16,1,CPU-Node-22,49,204
2026-01-06 22:52:00,CPU,High,38,5,6,user,25,1,CPU-Node-39,45,233
2026-01-06 22:54:00,GPU,Medium,10,2,2,user,39,1,GPU-Node-39,15,69
2026-01-06 22:56:00,CPU,High,25,6,2,user,27,1,CPU-Node-19,30,141
2026-01-06 22:58:00,GPU,Low,33,0,7,user,20,0,GPU-Node-5,52,203
2026-01-06 23:00:00,GPU,Medium,25,2,10,user,37,1,GPU-Node-43,49,270
2026-01-06 23:02:00,CPU,Medium,24,5,4,user,27,1,CPU-Node-35,29,187
2026-01-06 23:04:00,GPU,Medium,44,1,8,user,14,1,GPU-Node-48,66,283
2026-01-06 23:06:00,CPU,Medium,26,9,7,admin,25,1,CPU-Node-44,40,223
2026-01-06 23:08:00,GPU,Medium,28,1,3,user,21,1,GPU-Node-32,32,182
2026-01-06 23:10:00,GPU,Medium,32,2,7,user,30,1,GPU-Node-35,45,196
2026-01-06 23:12:00,CPU,Low,40,6,6,user,37,1,CPU-Node-39,50,219
2026-01-06 23:14:00,CPU,Medium,31,4,5,user,35,1,CPU-Node-30,38,190
2026-01-06 23:16:00,GPU,Medium,21,1,6,admin,35,1,GPU-Node-31,39,182
2026-01-06 23:18:00,CPU,Low,48,8,10,user,32,1,CPU-Node-46,66,283
2026-01-06 23:20:00,CPU,Low,38,4,7,user,38,1,CPU-Node-41,51,240
2026-01-06 23:22:00,GPU,High,20,2,5,user,9,1,GPU-Node-3,23,189
2026-01-06 23:24:00,CPU,Low,40,13,7,user,24,1,CPU-Node-31,56,237
2026-01-06 23:26:00,CPU,Low,37,6,9,user,42,1,CPU-Node-36,41,248
2026-01-06 23:28:00,GPU,Low,46,0,9,user,26,0,GPU-Node-28,63,289
2026-01-06 23:30:00,CPU,Medium,40,3,2,user,33,1,CPU-Node-37,36,134
2026-01-06 23:32:00,GPU,Medium,40,2,7,user,26,1,GPU-Node-37,53,228
2026-01-06 23:34:00,CPU,Medium,41,8,9,user,17,1,CPU-Node-7,57,253
2026-01-06 23:36:00,GPU,Medium,43,3,2,user,31,1,GPU-Node-2,45,171
2026-01-06 23:38:00,CPU,Medium,40,6,8,user,39,1,CPU-Node-42,58,223
2026-01-06 23:40:00,CPU,Low,21,4,5,user,17,1,CPU-Node-10,27,174
2026-01-06 23:42:00,CPU,Medium,24,10,3,admin,26,1,CPU-Node-22,23,137
2026-01-06 23:44:00,CPU,High,50,7,10,user,16,1,CPU-Node-27,77,320
2026-01-06 23:46:00,CPU,High,47,6,8,user,33,1,CPU-Node-16,59,250
2026-01-06 23:48:00,CPU,Medium,40,11,5,user,24,1,CPU-Node-19,44,234
2026-01-06 23:50:00,CPU,Medium,29,5,8,user,28,1,CPU-Node-20,38,221
2026-01-06 23:52:00,GPU,Low,30,3,2,user,26,1,GPU-Node-43,37,143
2026-01-06 23:54:00,GPU,Low,50,2,9,user,17,1,GPU-Node-38,70,312
2026-01-06 23:56:00,GPU,High,32,3,5,user,24,1,GPU-Node-5,44,160
2026-01-06 23:58:00,CPU,Low,22,9,8,user,38,1,CPU-Node-6,40,194
2026-01-07 00:00:00,CPU,Low,25,8,10,admin,36,1,CPU-Node-44,46,227
2026-01-07 00:02:00,CPU,Medium,29,7,6,user,41,1,CPU-Node-21,40,192
2026-01-07 00:04:00,CPU,Medium,26,10,8,user,16,1,CPU-Node-37,44,202
2026-01-07 00:06:00,GPU,Medium,36,2,6,user,22,1,GPU-Node-26,46,206
2026-01-07 00:08:00,GPU,Medium,42,3,2,user,40,1,GPU-Node-12,46,137
2026-01-07 00:10:00,GPU,Medium,44,0,7,user,51,0,GPU-Node-24,64,220
2026-01-07 00:12:00,CPU,High,49,12,12,user,46,1,CPU-Node-43,63,309
2026-01-07 00:14:00,GPU,High,21,1,10,user,27,1,GPU-Node-12,35,244
2026-01-07 00:16:00,GPU,Medium,20,3,1,user,30,1,GPU-Node-13,13,110
2026-01-07 00:18:00,CPU,Low,31,14,3,user,49,1,CPU-Node-19,32,175
2026-01-07 00:20:00,GPU,Low,41,0,9,user,39,0,GPU-Node-25,56,281
2026-01-07 00:22:00,GPU,Medium,34,1,4,user,35,1,GPU-Node-40,52,190
2026-01-07 00:24:00,GPU,Low,31,3,1,user,48,1,GPU-Node-43,28,144
2026-01-07 00:26:00,CPU,Low,17,5,0,admin,29,1,CPU-Node-5,18,93
2026-01-07 00:28:00,CPU,Medium,44,10,7,user,30,1,CPU-Node-26,59,252
2026-01-07 00:30:00,CPU,Low,34,4,5,admin,33,1,CPU-Node-9,44,128
2026-01-07 00:32:00,CPU,Low,31,7,8,user,5,1,CPU-Node-37,46,267
2026-01-07 00:34:00,GPU,Medium,36,2,6,user,31,1,GPU-Node-12,45,247
2026-01-07 00:36:00,GPU,Medium,38,1,7,user,31,1,GPU-Node-46,56,221
2026-01-07 00:38:00,CPU,High,43,7,9,user,54,1,CPU-Node-2,58,238
2026-01-07 00:40:00,CPU,High,22,12,2,user,32,1,CPU-Node-34,28,81
2026-01-07 00:42:00,CPU,Low,34,11,4,user,32,1,CPU-Node-36,42,217
2026-01-07 00:44:00,CPU,Medium,25,9,8,user,11,1,CPU-Node-38,45,218
2026-01-07 00:46:00,GPU,Medium,28,1,7,user,27,1,GPU-Node-41,38,256
2026-01-07 00:48:00,CPU,High,38,10,7,user,38,1,CPU-Node-30,46,222
2026-01-07 00:50:00,CPU,Low,32,9,7,user,20,1,CPU-Node-18,44,213
2026-01-07 00:52:00,CPU,High,32,8,8,user,40,1,CPU-Node-38,48,226
2026-01-07 00:54:00,GPU,High,29,2,2,user,15,1,GPU-Node-29,32,130
2026-01-07 00:56:00,GPU,High,52,0,7,user,33,0,GPU-Node-5,67,273
2026-01-07 00:58:00,GPU,High,33,2,0,user,27,1,GPU-Node-17,37,96
2026-01-07 01:00:00,CPU,High,31,9,8,admin,6,1,CPU-Node-8,54,206
2026-01-07 01:02:00,CPU,Low,28,4,5,user,23,1,CPU-Node-20,42,163
2026-01-07 01:04:00,CPU,High,22,10,0,user,24,1,CPU-Node-35,22,106
2026-01-07 01:06:00,CPU,Medium,27,5,11,user,27,1,CPU-Node-19,46,282
2026-01-07 01:08:00,GPU,Medium,38,3,6,user,34,1,GPU-Node-6,58,221
2026-01-07 01:10:00,CPU,Medium,41,9,13,user,20,1,CPU-Node-28,64,332
2026-01-07 01:12:00,CPU,Low,43,7,13,user,44,1,CPU-Node-27,74,310
2026-01-07 01:14:00,CPU,Medium,25,5,1,user,30,1,CPU-Node-41,33,126
2026-01-07 01:16:00,CPU,Low,34,4,1,admin,36,1,CPU-Node-21,43,114
2026-01-07 01:18:00,CPU,High,37,13,4,user,32,1,CPU-Node-21,38,188
2026-01-07 01:20:00,CPU,Medium,12,9,2,user,20,1,CPU-Node-19,12,113
2026-01-07 01:22:00,GPU,High,34,1,2,user,36,1,GPU-Node-6,43,139
2026-01-07 01:24:00,CPU,Low,22,7,4,user,35,1,CPU-Node-12,25,172
2026-01-07 01:26:00,CPU,Low,49,8,7,user,31,1,CPU-Node-15,52,235
2026-01-07 01:28:00,GPU,Low,54,2,6,user,40,1,GPU-Node-25,66,255
2026-01-07 01:30:00,GPU,Low,35,1,7,user,19,1,GPU-Node-35,44,190
2026-01-07 01:32:00,GPU,Medium,28,2,7,user,34,1,GPU-Node-49,37,220
2026-01-07 01:34:00,CPU,Medium,33,7,11,user,33,1,CPU-Node-25,55,253
2026-01-07 01:36:00,CPU,Medium,20,8,8,user,28,1,CPU-Node-31,43,188
2026-01-07 01:38:00,GPU,Medium,29,0,6,user,34,0,GPU-Node-39,41,161
2026-01-07 01:40:00,CPU,Medium,44,7,9,user,32,1,CPU-Node-50,56,269
2026-01-07 01:42:00,GPU,Low,32,1,11,user,34,1,GPU-Node-40,57,258
2026-01-07 01:44:00,CPU,Medium,25,8,9,admin,21,1,CPU-Node-47,40,195
2026-01-07 01:46:00,CPU,Low,29,2,3,user,25,1,CPU-Node-9,39,176
2026-01-07 01:48:00,CPU,Medium,38,5,6,admin,46,1,CPU-Node-26,56,201
2026-01-07 01:50:00,CPU,Medium,50,8,9,admin,37,1,CPU-Node-30,73,285
2026-01-07 01:52:00,CPU,Medium,29,5,6,user,43,1,CPU-Node-1,41,203
2026-01-07 01:54:00,CPU,High,36,7,3,user,24,1,CPU-Node-18,36,171
2026-01-07 01:56:00,GPU,Medium,34,2,10,user,52,1,GPU-Node-37,45,284
2026-01-07 01:58:00,CPU,Medium,41,10,5,user,26,1,CPU-Node-13,45,217
2026-01-07 02:00:00,CPU,Medium,42,8,6,user,20,1,CPU-Node-6,51,176
2026-01-07 02:02:00,CPU,Medium,28,12,14,user,39,1,CPU-Node-21,47,300
2026-01-07 02:04:00,GPU,Medium,53,1,11,user,32,1,GPU-Node-40,70,312
2026-01-07 02:06:00,GPU,Medium,15,0,0,user,26,0,GPU-Node-46,18,83
2026-01-07 02:08:00,CPU,Low,43,7,7,admin,24,1,CPU-Node-45,63,219
2026-01-07 02:10:00,GPU,Medium,30,1,4,user,23,1,GPU-Node-33,40,169
2026-01-07 02:12:00,CPU,Medium,34,4,7,user,21,1,CPU-Node-14,44,228
2026-01-07 02:14:00,CPU,Medium,27,9,3,user,31,1,CPU-Node-39,32,153
2026-01-07 02:16:00,GPU,Low,36,2,8,user,35,1,GPU-Node-36,49,242
2026-01-07 02:18:00,CPU,Medium,27,7,7,user,19,1,CPU-Node-42,40,195
2026-01-07 02:20:00,GPU,Low,42,2,7,user,37,1,GPU-Node-48,50,233
2026-01-07 02:22:00,CPU,Medium,49,8,10,user,14,1,CPU-Node-22,60,323
2026-01-07 02:24:00,CPU,Medium,20,7,8,user,37,1,CPU-Node-49,37,245
2026-01-07 02:26:00,GPU,High,56,2,15,admin,48,1,GPU-Node-48,80,414
2026-01-07 02:28:00,GPU,Medium,30,2,8,user,30,1,GPU-Node-46,39,232
2026-01-07 02:30:00,CPU,High,30,6,3,user,34,1,CPU-Node-32,37,132
2026-01-07 02:32:00,GPU,Medium,37,2,8,user,42,1,GPU-Node-13,60,241
2026-01-07 02:34:00,CPU,Medium,53,5,10,admin,39,1,CPU-Node-18,72,282
2026-01-07 02:36:00,GPU,Medium,31,1,8,user,32,1,GPU-Node-23,48,223
2026-01-07 02:38:00,CPU,Medium,18,12,0,admin,41,1,CPU-Node-26,27,72
2026-01-07 02:40:00,CPU,Low,42,9,7,user,43,1,CPU-Node-16,59,242
2026-01-07 02:42:00,GPU,Medium,36,2,5,user,40,1,GPU-Node-48,57,208
2026-01-07 02:44:00,CPU,Medium,39,8,9,user,22,1,CPU-Node-2,64,274
2026-01-07 02:46:00,GPU,High,40,2,6,user,27,1,GPU-Node-41,59,198
2026-01-07 02:48:00,CPU,High,37,5,5,user,22,1,CPU-Node-34,54,194
2026-01-07 02:50:00,GPU,High,36,1,11,user,31,1,GPU-Node-14,62,299
2026-01-07 02:52:00,CPU,Low,55,10,15,user,14,1,CPU-Node-22,87,363
2026-01-07 02:54:00,CPU,High,43,5,5,user,18,1,CPU-Node-26,47,182
2026-01-07 02:56:00,CPU,High,47,10,13,user,37,1,CPU-Node-40,64,313
2026-01-07 02:58:00,CPU,Medium,42,6,7,user,33,1,CPU-Node-31,58,239
2026-01-07 03:00:00,CPU,High,25,11,5,user,31,1,CPU-Node-34,31,169
2026-01-07 03:02:00,CPU,Medium,28,9,7,user,25,1,CPU-Node-48,39,218
2026-01-07 03:04:00,GPU,Medium,56,0,15,user,33,0,GPU-Node-31,76,398
2026-01-07 03:06:00,CPU,Low,13,9,1,user,18,1,CPU-Node-20,26,124
2026-01-07 03:08:00,GPU,High,30,1,5,user,26,1,GPU-Node-21,33,179
2026-01-07 03:10:00,CPU,Medium,31,12,5,user,31,1,CPU-Node-8,44,197
2026-01-07 03:12:00,CPU,Low,41,8,9,user,16,1,CPU-Node-46,59,249
2026-01-07 03:14:00,CPU,Medium,22,4,4,user,31,1,CPU-Node-17,36,163
2026-01-07 03:16:00,CPU,High,32,15,7,user,23,1,CPU-Node-23,56,209
2026-01-07 03:18:00,CPU,Medium,54,8,12,user,36,1,CPU-Node-17,78,346
2026-01-07 03:20:00,CPU,Medium,35,2,3,user,47,1,CPU-Node-13,39,163
2026-01-07 03:22:00,CPU,Medium,17,9,6,user,34,1,CPU-Node-23,26,174
2026-01-07 03:24:00,CPU,Medium,36,8,6,user,31,1,CPU-Node-44,53,171
2026-01-07 03:26:00,CPU,Low,31,10,7,user,31,1,CPU-Node-25,40,217
2026-01-07 03:28:00,GPU,Medium,48,2,9,admin,33,1,GPU-Node-5,62,271
2026-01-07 03:30:00,CPU,Low,30,5,7,user,38,1,CPU-Node-31,39,225
2026-01-07 03:32:00,CPU,Medium,31,7,3,user,21,1,CPU-Node-13,43,180
2026-01-07 03:34:00,GPU,Low,33,3,7,user,33,1,GPU-Node-9,47,217
2026-01-07 03:36:00,GPU,Medium,39,3,6,user,33,1,GPU-Node-24,45,212
2026-01-07 03:38:00,GPU,High,43,3,6,user,25,1,GPU-Node-1,52,248
2026-01-07 03:40:00,GPU,Low,36,1,5,user,27,1,GPU-Node-50,48,177
2026-01-07 03:42:00,CPU,High,39,11,5,user,22,1,CPU-Node-30,56,235
2026-01-07 03:44:00,CPU,Medium,21,10,4,user,51,1,CPU-Node-7,26,133
2026-01-07 03:46:00,GPU,Medium,34,4,7,admin,8,1,GPU-Node-20,46,190
2026-01-07 03:48:00,CPU,Low,30,12,3,user,29,1,CPU-Node-6,39,139
2026-01-07 03:50:00,CPU,High,21,12,2,admin,23,1,CPU-Node-14,30,97
2026-01-07 03:52:00,GPU,Low,31,2,11,user,38,1,GPU-Node-20,51,320
2026-01-07 03:54:00,CPU,Medium,35,11,7,user,39,1,CPU-Node-39,48,230
2026-01-07 03:56:00,GPU,High,21,4,0,user,19,1,GPU-Node-35,17,112
2026-01-07 03:58:00,GPU,Medium,36,1,7,admin,25,1,GPU-Node-35,52,207
2026-01-07 04:00:00,CPU,High,33,11,9,user,29,1,CPU-Node-39,52,249
2026-01-07 04:02:00,CPU,Low,32,10,10,user,42,1,CPU-Node-35,47,270
2026-01-07 04:04:00,CPU,High,31,13,5,user,22,1,CPU-Node-1,47,182
2026-01-07 04:06:00,GPU,High,16,3,3,user,20,1,GPU-Node-16,21,137
2026-01-07 04:08:00,CPU,Medium,38,8,7,user,18,1,CPU-Node-29,52,231
2026-01-07 04:10:00,CPU,Medium,28,9,8,user,12,1,CPU-Node-44,45,225
2026-01-07 04:12:00,CPU,Low,36,8,6,admin,33,1,CPU-Node-32,43,222
2026-01-07 04:14:00,GPU,High,22,2,4,user,5,1,GPU-Node-17,28,142
2026-01-07 04:16:00,GPU,Medium,38,1,9,user,52,1,GPU-Node-42,49,247
2026-01-07 04:18:00,GPU,Low,17,1,0,user,24,1,GPU-Node-34,14,81
2026-01-07 04:20:00,CPU,Medium,48,3,9,user,29,1,CPU-Node-45,65,268
2026-01-07 04:22:00,CPU,Medium,28,7,5,user,23,1,CPU-Node-31,38,158
2026-01-07 04:24:00,CPU,Low,30,9,6,user,36,1,CPU-Node-33,34,216
2026-01-07 04:26:00,CPU,High,38,7,6,user,30,1,CPU-Node-10,44,216
2026-01-07 04:28:00,GPU,High,49,3,11,admin,10,1,GPU-Node-44,74,310
2026-01-07 04:30:00,CPU,Medium,64,6,12,user,5,1,CPU-Node-34,71,332
2026-01-07 04:32:00,GPU,High,41,3,12,user,42,1,GPU-Node-2,63,331
2026-01-07 04:34:00,GPU,High,32,2,9,user,33,1,GPU-Node-49,47,294
2026-01-07 04:36:00,CPU,High,34,7,6,user,16,1,CPU-Node-12,49,204
2026-01-07 04:38:00,GPU,Medium,24,1,2,user,15,1,GPU-Node-5,21,129
2026-01-07 04:40:00,CPU,High,54,9,11,user,38,1,CPU-Node-24,73,345
2026-01-07 04:42:00,GPU,High,39,2,7,user,27,1,GPU-Node-23,53,218
2026-01-07 04:44:00,GPU,High,38,1,4,user,24,1,GPU-Node-3,36,177
2026-01-07 04:46:00,CPU,Low,46,9,7,user,22,1,CPU-Node-28,64,237
2026-01-07 04:48:00,CPU,Medium,27,7,3,admin,36,1,CPU-Node-6,38,170
2026-01-07 04:50:00,CPU,Low,37,9,8,user,31,1,CPU-Node-12,56,241
2026-01-07 04:52:00,GPU,Medium,44,2,1,user,34,1,GPU-Node-49,39,161
2026-01-07 04:54:00,CPU,Low,36,10,6,user,20,1,CPU-Node-39,50,225
2026-01-07 04:56:00,CPU,High,29,1,5,user,31,1,CPU-Node-41,35,174
2026-01-07 04:58:00,GPU,High,38,2,10,user,25,1,GPU-Node-32,58,285
2026-01-07 05:00:00,CPU,Low,35,9,2,user,33,1,CPU-Node-4,48,147
2026-01-07 05:02:00,CPU,Medium,48,5,10,user,18,1,CPU-Node-48,64,287
2026-01-07 05:04:00,CPU,Medium,31,11,7,user,49,1,CPU-Node-46,48,228
2026-01-07 05:06:00,GPU,Medium,34,1,1,user,27,1,GPU-Node-15,35,124
2026-01-07 05:08:00,GPU,Low,16,1,2,user,27,1,GPU-Node-40,21,142
2026-01-07 05:10:00,CPU,Medium,36,5,9,user,62,1,CPU-Node-49,64,233
2026-01-07 05:12:00,GPU,Medium,35,1,9,user,27,1,GPU-Node-19,48,265
2026-01-07 05:14:00,CPU,Medium,26,7,3,user,45,1,CPU-Node-36,34,157
2026-01-07 05:16:00,CPU,High,38,7,6,user,28,1,CPU-Node-29,51,197
2026-01-07 05:18:00,GPU,Medium,28,2,2,user,30,1,GPU-Node-29,27,127
2026-01-07 05:20:00,GPU,Low,48,1,6,user,23,1,GPU-Node-42,65,251
2026-01-07 05:22:00,GPU,Medium,39,2,5,user,35,1,GPU-Node-27,50,238
2026-01-07 05:24:00,GPU,High,23,2,1,user,64,1,GPU-Node-14,24,137
2026-01-07 05:26:00,CPU,Medium,41,7,6,user,29,1,CPU-Node-50,58,233
2026-01-07 05:28:00,GPU,Low,50,1,12,user,30,1,GPU-Node-32,74,314
2026-01-07 05:30:00,CPU,High,32,8,3,user,59,1,CPU-Node-24,39,149
2026-01-07 05:32:00,GPU,High,28,2,8,user,23,1,GPU-Node-30,40,213
2026-01-07 05:34:00,CPU,High,31,7,9,admin,32,1,CPU-Node-5,50,184
2026-01-07 05:36:00,GPU,Low,32,1,4,user,36,1,GPU-Node-3,36,146
2026-01-07 05:38:00,GPU,Medium,25,1,1,user,36,1,GPU-Node-21,18,152
2026-01-07 05:40:00,GPU,Low,31,0,9,admin,40,0,GPU-Node-42,40,222
2026-01-07 05:42:00,CPU,High,10,7,5,user,43,1,CPU-Node-22,30,135
2026-01-07 05:44:00,GPU,High,19,2,2,admin,31,1,GPU-Node-42,26,124
2026-01-07 05:46:00,CPU,High,33,4,4,user,33,1,CPU-Node-1,49,181
2026-01-07 05:48:00,CPU,Low,32,6,6,user,34,1,CPU-Node-18,46,208
2026-01-07 05:50:00,CPU,Medium,15,6,0,admin,40,1,CPU-Node-9,15,69
2026-01-07 05:52:00,GPU,High,41,4,9,admin,27,1,GPU-Node-6,60,265
2026-01-07 05:54:00,CPU,Low,37,10,6,user,30,1,CPU-Node-33,57,207
2026-01-07 05:56:00,CPU,Medium,13,8,8,user,20,1,CPU-Node-26,27,173
2026-01-07 05:58:00,CPU,Medium,33,1,12,user,34,1,CPU-Node-38,61,254
2026-01-07 06:00:00,CPU,Medium,24,2,7,user,28,1,CPU-Node-3,42,213
2026-01-07 06:02:00,GPU,High,39,0,5,user,55,0,GPU-Node-5,47,195
2026-01-07 06:04:00,CPU,High,46,8,11,user,27,1,CPU-Node-25,74,312
2026-01-07 06:06:00,CPU,High,33,10,7,user,33,1,CPU-Node-32,44,242
2026-01-07 06:08:00,CPU,High,41,4,11,user,44,1,CPU-Node-45,63,327
2026-01-07 06:10:00,CPU,Low,36,8,8,user,26,1,CPU-Node-5,58,251
2026-01-07 06:12:00,CPU,Low,16,6,2,user,19,1,CPU-Node-31,21,148
2026-01-07 06:14:00,GPU,High,23,2,5,user,34,1,GPU-Node-23,27,204
2026-01-07 06:16:00,CPU,High,28,8,6,user,50,1,CPU-Node-21,38,194
2026-01-07 06:18:00,CPU,Low,37,14,4,user,44,1,CPU-Node-45,45,170
2026-01-07 06:20:00,CPU,Medium,32,7,5,user,43,1,CPU-Node-8,37,194
2026-01-07 06:22:00,GPU,High,39,0,5,user,31,0,GPU-Node-37,50,206
2026-01-07 06:24:00,CPU,Medium,28,6,6,user,30,1,CPU-Node-28,44,179
2026-01-07 06:26:00,CPU,High,51,4,10,user,26,1,CPU-Node-39,70,313
2026-01-07 06:28:00,GPU,Medium,37,0,6,user,19,0,GPU-Node-29,48,235
2026-01-07 06:30:00,CPU,Low,47,4,9,user,28,1,CPU-Node-29,71,260
2026-01-07 06:32:00,CPU,High,29,13,5,user,51,1,CPU-Node-33,36,181
2026-01-07 06:34:00,CPU,High,41,11,7,user,33,1,CPU-Node-49,60,186
2026-01-07 06:36:00,GPU,Low,28,1,3,user,29,1,GPU-Node-36,35,132
2026-01-07 06:38:00,CPU,Medium,33,8,6,user,44,1,CPU-Node-1,43,196
2026-01-07 06:40:00,CPU,High,41,7,2,admin,12,1,CPU-Node-15,39,186
2026-01-07 06:42:00,GPU,Low,41,0,13,user,44,0,GPU-Node-23,64,314
2026-01-07 06:44:00,CPU,High,15,5,5,admin,31,1,CPU-Node-34,25,164
2026-01-07 06:46:00,GPU,High,29,3,2,admin,26,1,GPU-Node-27,38,169
2026-01-07 06:48:00,CPU,Medium,35,9,7,user,24,1,CPU-Node-10,50,207
2026-01-07 06:50:00,CPU,Medium,33,12,3,user,37,1,CPU-Node-42,43,160
2026-01-07 06:52:00,CPU,High,32,6,9,user,32,1,CPU-Node-24,54,274
2026-01-07 06:54:00,CPU,High,22,9,2,user,30,1,CPU-Node-14,24,86
2026-01-07 06:56:00,CPU,Medium,37,7,9,user,38,1,CPU-Node-45,51,263
2026-01-07 06:58:00,CPU,Medium,47,9,6,user,26,1,CPU-Node-37,56,247
2026-01-07 07:00:00,GPU,Medium,54,2,10,admin,20,1,GPU-Node-21,79,336
2026-01-07 07:02:00,CPU,Low,31,6,6,user,26,1,CPU-Node-6,39,206
2026-01-07 07:04:00,CPU,Medium,47,7,9,user,37,1,CPU-Node-19,65,251
2026-01-07 07:06:00,CPU,Low,43,4,7,admin,15,1,CPU-Node-18,47,262
2026-01-07 07:08:00,GPU,Medium,44,0,10,user,31,0,GPU-Node-26,65,291
2026-01-07 07:10:00,CPU,Low,37,11,10,user,26,1,CPU-Node-18,54,271
2026-01-07 07:12:00,CPU,Medium,34,10,8,user,26,1,CPU-Node-44,44,212
2026-01-07 07:14:00,CPU,Medium,41,8,6,admin,31,1,CPU-Node-37,53,219
2026-01-07 07:16:00,GPU,High,29,3,2,user,49,1,GPU-Node-43,32,166
2026-01-07 07:18:00,CPU,High,40,10,8,user,36,1,CPU-Node-20,60,270
2026-01-07 07:20:00,CPU,Medium,39,7,6,user,36,1,CPU-Node-24,54,217
2026-01-07 07:22:00,CPU,Low,42,4,5,user,54,1,CPU-Node-32,45,194
2026-01-07 07:24:00,GPU,Low,24,2,2,admin,14,1,GPU-Node-46,22,120
2026-01-07 07:26:00,CPU,High,34,10,6,user,33,1,CPU-Node-17,45,177
2026-01-07 07:28:00,CPU,High,43,7,10,user,26,1,CPU-Node-22,67,308
2026-01-07 07:30:00,GPU,High,50,3,4,user,32,1,GPU-Node-49,50,224
2026-01-07 07:32:00,GPU,Low,37,1,9,admin,29,1,GPU-Node-25,50,265
2026-01-07 07:34:00,CPU,Medium,16,8,4,admin,35,1,CPU-Node-27,32,142
2026-01-07 07:36:00,GPU,Medium,26,2,7,user,22,1,GPU-Node-15,42,201
2026-01-07 07:38:00,GPU,High,18,1,1,user,47,1,GPU-Node-7,13,87
2026-01-07 07:40:00,CPU,High,29,11,6,user,41,1,CPU-Node-43,45,203
2026-01-07 07:42:00,CPU,Medium,37,10,9,admin,30,1,CPU-Node-28,52,284
2026-01-07 07:44:00,CPU,High,35,5,2,user,31,1,CPU-Node-46,43,150
2026-01-07 07:46:00,CPU,Medium,42,1,9,user,28,1,CPU-Node-8,52,281
2026-01-07 07:48:00,CPU,Medium,32,8,3,user,26,1,CPU-Node-50,42,182
2026-01-07 07:50:00,CPU,Low,25,3,4,user,27,1,CPU-Node-43,34,146
2026-01-07 07:52:00,GPU,Low,31,2,4,admin,36,1,GPU-Node-29,40,176
2026-01-07 07:54:00,CPU,Medium,27,2,6,user,40,1,CPU-Node-20,36,203
2026-01-07 07:56:00,CPU,High,30,1,14,user,33,1,CPU-Node-13,56,295
2026-01-07 07:58:00,CPU,Low,48,8,8,admin,47,1,CPU-Node-44,64,283
2026-01-07 08:00:00,CPU,High,56,7,12,admin,29,1,CPU-Node-13,83,359
2026-01-07 08:02:00,CPU,Medium,31,12,3,user,36,1,CPU-Node-32,39,149
2026-01-07 08:04:00,GPU,Medium,41,1,8,user,9,1,GPU-Node-26,55,266
2026-01-07 08:06:00,GPU,High,38,2,10,user,37,1,GPU-Node-20,59,304
2026-01-07 08:08:00,GPU,High,32,3,5,admin,38,1,GPU-Node-4,40,181
2026-01-07 08:10:00,CPU,High,36,7,5,user,13,1,CPU-Node-19,53,196
2026-01-07 08:12:00,GPU,Medium,41,2,10,admin,34,1,GPU-Node-50,58,309
2026-01-07 08:14:00,CPU,Low,31,2,10,admin,30,1,CPU-Node-36,58,291
2026-01-07 08:16:00,CPU,Low,46,8,7,user,39,1,CPU-Node-39,53,254
2026-01-07 08:18:00,CPU,Low,15,8,4,user,40,1,CPU-Node-13,32,120
2026-01-07 08:20:00,CPU,Medium,27,8,4,admin,31,1,CPU-Node-7,35,189
2026-01-07 08:22:00,GPU,Low,49,2,7,user,25,1,GPU-Node-21,69,262
2026-01-07 08:24:00,CPU,Medium,45,4,5,user,32,1,CPU-Node-4,55,228
2026-01-07 08:26:00,CPU,Medium,35,2,15,user,27,1,CPU-Node-6,69,353
2026-01-07 08:28:00,CPU,Medium,35,6,12,user,20,1,CPU-Node-11,65,335
2026-01-07 08:30:00,CPU,Medium,44,16,9,admin,33,1,CPU-Node-7,67,278
2026-01-07 08:32:00,CPU,High,40,8,6,user,23,1,CPU-Node-49,40,232
2026-01-07 08:34:00,GPU,Medium,22,1,2,user,35,1,GPU-Node-32,38,100
2026-01-07 08:36:00,CPU,High,32,4,0,user,11,1,CPU-Node-7,44,111
2026-01-07 08:38:00,CPU,High,34,7,9,user,25,1,CPU-Node-12,53,245
2026-01-07 08:40:00,GPU,Medium,18,1,4,user,27,1,GPU-Node-33,28,120
2026-01-07 08:42:00,GPU,Medium,34,2,8,user,19,1,GPU-Node-26,51,263
2026-01-07 08:44:00,CPU,Low,34,10,8,user,24,1,CPU-Node-39,46,230
2026-01-07 08:46:00,GPU,High,28,1,3,admin,11,1,GPU-Node-47,30,150
2026-01-07 08:48:00,GPU,High,32,2,10,user,47,1,GPU-Node-4,53,274
2026-01-07 08:50:00,CPU,Low,49,7,6,user,21,1,CPU-Node-20,61,235
2026-01-07 08:52:00,CPU,Low,58,9,13,user,30,1,CPU-Node-2,83,378
2026-01-07 08:54:00,CPU,Low,35,5,6,user,22,1,CPU-Node-23,44,234
2026-01-07 08:56:00,GPU,Medium,20,2,1,admin,17,1,GPU-Node-22,14,125
2026-01-07 08:58:00,GPU,Medium,37,3,6,user,23,1,GPU-Node-27,47,223
2026-01-07 09:00:00,CPU,High,77,7,15,user,11,1,CPU-Node-9,100,413
2026-01-07 09:02:00,CPU,Medium,92,5,17,user,10,0,CPU-Node-9,100,474
2026-01-07 09:04:00,CPU,Low,78,3,15,admin,38,1,CPU-Node-33,100,438
2026-01-07 09:06:00,CPU,Low,69,8,9,user,10,1,CPU-Node-26,82,346
2026-01-07 09:08:00,CPU,Low,62,5,16,user,14,0,CPU-Node-10,100,356
2026-01-07 09:10:00,CPU,Medium,76,6,13,user,45,1,CPU-Node-38,99,399
2026-01-07 09:12:00,CPU,Low,80,5,23,admin,23,0,CPU-Node-17,100,532
2026-01-07 09:14:00,CPU,Low,65,7,12,user,33,1,CPU-Node-25,98,378
2026-01-07 09:16:00,CPU,Medium,58,5,11,admin,40,1,CPU-Node-29,75,312
2026-01-07 09:18:00,GPU,High,82,1,16,user,10,0,GPU-Node-6,100,458
2026-01-07 09:20:00,CPU,Medium,76,6,16,user,32,0,CPU-Node-17,100,465
2026-01-07 09:22:00,CPU,Medium,85,14,15,user,29,1,CPU-Node-18,100,428
2026-01-07 09:24:00,CPU,Medium,77,9,15,admin,25,1,CPU-Node-38,100,453
2026-01-07 09:26:00,CPU,High,61,5,10,admin,37,1,CPU-Node-38,84,287
2026-01-07 09:28:00,CPU,Low,84,10,18,admin,30,0,CPU-Node-22,100,507
2026-01-07 09:30:00,GPU,Medium,61,2,18,user,30,0,GPU-Node-35,100,416
2026-01-07 09:32:00,CPU,Low,78,8,18,user,40,0,CPU-Node-14,100,476
2026-01-07 09:34:00,GPU,Low,69,3,10,user,28,1,GPU-Node-25,83,302
2026-01-07 09:36:00,GPU,High,77,1,15,user,26,1,GPU-Node-5,100,473
2026-01-07 09:38:00,CPU,High,81,5,16,user,29,0,CPU-Node-18,100,464
2026-01-07 09:40:00,CPU,Low,95,10,17,user,22,0,CPU-Node-16,100,496
2026-01-07 09:42:00,CPU,Low,69,6,10,user,32,1,CPU-Node-36,89,332
2026-01-07 09:44:00,CPU,Low,59,9,8,user,24,1,CPU-Node-34,71,270
2026-01-07 09:46:00,CPU,Low,81,6,14,user,34,1,CPU-Node-33,100,397
2026-01-07 09:48:00,CPU,Low,73,6,18,admin,32,0,CPU-Node-16,100,460
2026-01-07 09:50:00,CPU,Low,89,10,19,user,49,0,CPU-Node-48,100,499
2026-01-07 09:52:00,CPU,Medium,78,5,17,user,34,0,CPU-Node-47,100,462
2026-01-07 09:54:00,CPU,Medium,75,4,16,user,30,0,CPU-Node-12,100,436
2026-01-07 09:56:00,CPU,Medium,74,11,15,user,6,1,CPU-Node-4,89,417
2026-01-07 09:58:00,CPU,Medium,68,5,15,user,15,1,CPU-Node-44,95,434
2026-01-07 10:00:00,CPU,High,79,6,14,user,37,1,CPU-Node-8,99,399
2026-01-07 10:02:00,CPU,Low,66,8,8,user,29,1,CPU-Node-45,82,305
2026-01-07 10:04:00,CPU,High,69,2,9,user,32,1,CPU-Node-16,79,304
2026-01-07 10:06:00,CPU,High,65,4,15,user,30,1,CPU-Node-25,93,400
2026-01-07 10:08:00,GPU,High,86,1,19,user,55,0,GPU-Node-36,100,514
2026-01-07 10:10:00,GPU,Medium,67,2,16,user,41,0,GPU-Node-11,100,432
2026-01-07 10:12:00,CPU,Medium,67,4,18,user,28,0,CPU-Node-28,90,445
2026-01-07 10:14:00,GPU,Low,89,1,17,user,53,0,GPU-Node-25,100,445
2026-01-07 10:16:00,GPU,Low,77,2,20,admin,23,0,GPU-Node-41,100,475
2026-01-07 10:18:00,GPU,Medium,71,1,12,user,25,1,GPU-Node-37,92,356
2026-01-07 10:20:00,GPU,Medium,79,2,16,admin,32,0,GPU-Node-49,100,480
2026-01-07 10:22:00,CPU,Medium,68,5,18,user,26,0,CPU-Node-27,100,481
2026-01-07 10:24:00,CPU,Medium,79,9,16,admin,24,0,CPU-Node-9,100,452
2026-01-07 10:26:00,CPU,Low,76,5,16,admin,24,0,CPU-Node-48,95,444
2026-01-07 10:28:00,GPU,High,53,2,10,user,29,1,GPU-Node-9,70,318
2026-01-07 10:30:00,GPU,Medium,74,3,18,admin,6,0,GPU-Node-13,100,464
2026-01-07 10:32:00,GPU,High,86,2,19,user,22,0,GPU-Node-48,100,486
2026-01-07 10:34:00,CPU,High,63,2,15,user,49,1,CPU-Node-23,95,373
2026-01-07 10:36:00,CPU,Low,84,6,14,user,36,1,CPU-Node-15,100,442
2026-01-07 10:38:00,CPU,Low,77,10,12,user,38,1,CPU-Node-34,100,397
2026-01-07 10:40:00,GPU,High,75,1,14,admin,25,1,GPU-Node-33,100,437
2026-01-07 10:42:00,CPU,Medium,60,1,15,user,44,1,CPU-Node-8,96,392
2026-01-07 10:44:00,GPU,High,83,1,19,user,22,0,GPU-Node-31,100,518
2026-01-07 10:46:00,GPU,Low,82,2,16,user,37,0,GPU-Node-10,100,440
2026-01-07 10:48:00,GPU,Medium,71,1,15,admin,28,1,GPU-Node-14,100,418
2026-01-07 10:50:00,GPU,High,82,0,17,admin,40,0,GPU-Node-18,100,473
2026-01-07 10:52:00,GPU,High,73,3,12,user,28,1,GPU-Node-2,90,321
2026-01-07 10:54:00,CPU,High,75,2,16,user,22,0,CPU-Node-41,98,439
2026-01-07 10:56:00,GPU,High,83,0,12,user,9,0,GPU-Node-17,100,401
2026-01-07 10:58:00,GPU,Low,68,2,17,admin,37,0,GPU-Node-28,95,446
2026-01-07 11:00:00,CPU,Low,72,12,10,user,30,1,CPU-Node-12,100,350
2026-01-07 11:02:00,CPU,Medium,62,7,12,user,38,1,CPU-Node-41,73,344
2026-01-07 11:04:00,GPU,High,85,3,21,admin,31,1,GPU-Node-16,100,507
2026-01-07 11:06:00,GPU,Medium,86,1,16,user,15,0,GPU-Node-24,100,430
2026-01-07 11:08:00,GPU,High,80,1,14,user,42,1,GPU-Node-36,100,439
2026-01-07 11:10:00,GPU,High,86,1,13,user,14,0,GPU-Node-43,100,423
2026-01-07 11:12:00,GPU,Medium,76,1,17,user,26,0,GPU-Node-8,100,458
2026-01-07 11:14:00,CPU,High,73,10,15,user,37,1,CPU-Node-26,98,422
2026-01-07 11:16:00,GPU,Medium,91,1,21,admin,26,0,GPU-Node-35,100,549
2026-01-07 11:18:00,GPU,High,66,2,14,user,17,1,GPU-Node-7,92,408
2026-01-07 11:20:00,CPU,High,74,6,12,user,8,1,CPU-Node-33,99,378
2026-01-07 11:22:00,CPU,Medium,66,7,7,admin,13,1,CPU-Node-25,77,293
2026-01-07 11:24:00,CPU,Low,73,9,16,admin,19,0,CPU-Node-4,92,423
2026-01-07 11:26:00,GPU,High,71,3,10,user,33,1,GPU-Node-32,83,339
2026-01-07 11:28:00,CPU,Low,86,5,19,user,19,0,CPU-Node-23,100,490
2026-01-07 11:30:00,GPU,High,70,1,16,user,30,0,GPU-Node-4,96,389
2026-01-07 11:32:00,GPU,Medium,67,2,7,user,16,1,GPU-Node-35,79,260
2026-01-07 11:34:00,CPU,High,78,7,15,user,24,1,CPU-Node-33,100,400
2026-01-07 11:36:00,GPU,High,97,1,18,user,51,0,GPU-Node-40,100,495
2026-01-07 11:38:00,GPU,High,60,3,10,user,28,1,GPU-Node-8,80,303
2026-01-07 11:40:00,CPU,Medium,85,7,14,user,38,1,CPU-Node-2,100,379
2026-01-07 11:42:00,CPU,Low,85,5,13,user,47,1,CPU-Node-35,100,398
2026-01-07 11:44:00,GPU,High,92,1,19,admin,39,1,GPU-Node-31,100,500
2026-01-07 11:46:00,GPU,Low,81,3,10,user,20,1,GPU-Node-3,97,355
2026-01-07 11:48:00,CPU,Medium,89,8,17,user,25,0,CPU-Node-35,100,485
2026-01-07 11:50:00,CPU,Low,67,14,17,user,25,0,CPU-Node-49,100,492
2026-01-07 11:52:00,GPU,Low,76,1,13,user,29,1,GPU-Node-12,100,368
2026-01-07 11:54:00,GPU,High,53,1,13,user,51,1,GPU-Node-49,74,341
2026-01-07 11:56:00,CPU,High,71,5,18,user,8,0,CPU-Node-34,100,446
2026-01-07 11:58:00,CPU,Low,78,8,15,user,33,1,CPU-Node-38,100,410
2026-01-07 12:00:00,CPU,Medium,69,8,14,user,19,1,CPU-Node-44,100,425
2026-01-07 12:02:00,CPU,Low,81,10,15,user,26,1,CPU-Node-16,100,422
2026-01-07 12:04:00,GPU,Low,72,1,15,user,32,1,GPU-Node-6,96,435
2026-01-07 12:06:00,CPU,Low,74,13,14,user,34,1,CPU-Node-44,97,378
2026-01-07 12:08:00,GPU,Low,54,0,8,user,26,0,GPU-Node-13,69,274
2026-01-07 12:10:00,CPU,Low,82,12,18,user,45,0,CPU-Node-28,100,486
2026-01-07 12:12:00,CPU,Medium,73,6,15,user,40,1,CPU-Node-9,100,414
2026-01-07 12:14:00,GPU,Medium,74,2,15,user,15,1,GPU-Node-10,100,420
2026-01-07 12:16:00,CPU,Medium,79,6,15,user,22,1,CPU-Node-48,100,438
2026-01-07 12:18:00,GPU,Low,63,4,10,user,37,1,GPU-Node-29,87,328
2026-01-07 12:20:00,CPU,High,81,6,13,user,50,1,CPU-Node-7,100,386
2026-01-07 12:22:00,GPU,High,73,1,13,user,26,1,GPU-Node-41,100,339
2026-01-07 12:24:00,CPU,Medium,78,9,13,user,41,1,CPU-Node-45,100,408
2026-01-07 12:26:00,GPU,Medium,74,1,12,user,34,1,GPU-Node-25,100,366
2026-01-07 12:28:00,GPU,Low,62,1,9,user,39,1,GPU-Node-41,78,364
2026-01-07 12:30:00,CPU,Low,71,11,7,user,26,1,CPU-Node-20,94,320
2026-01-07 12:32:00,GPU,Low,65,2,15,user,30,1,GPU-Node-44,97,405
2026-01-07 12:34:00,CPU,Low,93,14,17,admin,19,0,CPU-Node-25,100,482
2026-01-07 12:36:00,CPU,High,72,5,17,user,26,0,CPU-Node-22,100,441
2026-01-07 12:38:00,GPU,High,48,1,8,admin,30,1,GPU-Node-45,68,259
2026-01-07 12:40:00,CPU,Low,69,7,16,user,46,0,CPU-Node-7,100,441
2026-01-07 12:42:00,GPU,High,88,0,16,user,31,0,GPU-Node-17,100,490
2026-01-07 12:44:00,CPU,Low,75,3,15,user,35,1,CPU-Node-25,100,414
2026-01-07 12:46:00,CPU,Medium,74,3,11,user,24,1,CPU-Node-41,82,350
2026-01-07 12:48:00,GPU,High,76,3,16,user,26,0,GPU-Node-23,100,421
2026-01-07 12:50:00,GPU,Low,68,1,13,user,26,1,GPU-Node-19,94,412
2026-01-07 12:52:00,CPU,Medium,81,5,15,user,32,1,CPU-Node-47,100,458
2026-01-07 12:54:00,CPU,High,68,7,14,user,41,1,CPU-Node-8,93,429
2026-01-07 12:56:00,CPU,Medium,88,13,15,user,40,1,CPU-Node-7,100,431
2026-01-07 12:58:00,GPU,High,84,2,20,user,16,0,GPU-Node-26,100,538
2026-01-07 13:00:00,GPU,Medium,79,1,17,user,23,0,GPU-Node-25,100,468
2026-01-07 13:02:00,GPU,Low,89,0,14,admin,33,0,GPU-Node-29,100,421
2026-01-07 13:04:00,GPU,Medium,71,1,14,admin,35,1,GPU-Node-19,92,392
2026-01-07 13:06:00,GPU,Low,69,1,18,user,38,0,GPU-Node-22,100,441
2026-01-07 13:08:00,CPU,Low,63,6,8,user,42,1,CPU-Node-3,76,279
2026-01-07 13:10:00,GPU,High,78,0,17,user,31,0,GPU-Node-3,100,472
2026-01-07 13:12:00,CPU,High,71,10,21,user,36,0,CPU-Node-37,100,500
2026-01-07 13:14:00,CPU,Medium,61,4,12,user,21,1,CPU-Node-24,76,323
2026-01-07 13:16:00,GPU,Low,83,1,15,user,22,1,GPU-Node-14,100,428
2026-01-07 13:18:00,GPU,Low,62,2,12,user,23,1,GPU-Node-40,87,351
2026-01-07 13:20:00,GPU,Medium,89,0,15,user,45,0,GPU-Node-25,100,433
2026-01-07 13:22:00,CPU,Low,67,9,18,user,21,0,CPU-Node-10,100,495
2026-01-07 13:24:00,CPU,Low,68,13,18,user,30,0,CPU-Node-23,100,453
2026-01-07 13:26:00,CPU,Medium,69,4,12,admin,5,1,CPU-Node-50,91,355
2026-01-07 13:28:00,CPU,Low,66,8,14,user,26,1,CPU-Node-7,84,351
2026-01-07 13:30:00,CPU,Medium,76,8,13,admin,37,1,CPU-Node-41,100,398
2026-01-07 13:32:00,CPU,High,69,13,9,user,27,1,CPU-Node-11,92,341
2026-01-07 13:34:00,GPU,Medium,71,1,16,user,35,0,GPU-Node-45,100,429
2026-01-07 13:36:00,GPU,Low,69,0,14,user,39,0,GPU-Node-9,100,458
2026-01-07 13:38:00,CPU,High,78,4,12,admin,31,1,CPU-Node-26,100,423
2026-01-07 13:40:00,GPU,Medium,68,2,11,user,36,1,GPU-Node-29,96,337
2026-01-07 13:42:00,GPU,Medium,93,5,19,user,47,0,GPU-Node-46,100,522
2026-01-07 13:44:00,CPU,High,66,6,15,admin,34,1,CPU-Node-2,100,418
2026-01-07 13:46:00,CPU,Medium,64,7,13,admin,39,1,CPU-Node-11,98,373
2026-01-07 13:48:00,CPU,High,58,12,13,user,20,1,CPU-Node-1,85,338
2026-01-07 13:50:00,CPU,High,78,9,20,user,35,0,CPU-Node-14,100,532
2026-01-07 13:52:00,GPU,Medium,66,2,14,user,36,1,GPU-Node-5,95,390
2026-01-07 13:54:00,CPU,Medium,67,12,12,user,31,1,CPU-Node-38,98,386
2026-01-07 13:56:00,CPU,Medium,94,2,18,admin,30,0,CPU-Node-37,100,529
2026-01-07 13:58:00,CPU,Medium,60,7,13,user,35,1,CPU-Node-24,88,370
2026-01-07 14:00:00,CPU,Low,68,6,11,admin,38,1,CPU-Node-13,86,352
2026-01-07 14:02:00,CPU,Low,83,7,18,user,27,0,CPU-Node-43,100,488
2026-01-07 14:04:00,CPU,High,67,11,8,user,32,1,CPU-Node-9,77,311
2026-01-07 14:06:00,GPU,High,66,2,10,admin,25,1,GPU-Node-30,88,317
2026-01-07 14:08:00,GPU,Low,80,3,15,user,56,1,GPU-Node-46,100,438
2026-01-07 14:10:00,GPU,Low,61,4,14,user,25,1,GPU-Node-8,77,392
2026-01-07 14:12:00,CPU,Medium,82,10,14,user,42,1,CPU-Node-11,100,419
2026-01-07 14:14:00,GPU,High,66,3,10,user,11,1,GPU-Node-16,88,329
2026-01-07 14:16:00,CPU,Medium,82,10,18,user,22,0,CPU-Node-19,100,489
2026-01-07 14:18:00,CPU,Low,75,6,9,user,31,1,CPU-Node-9,92,336
2026-01-07 14:20:00,CPU,Low,73,8,13,user,22,1,CPU-Node-43,92,400
2026-01-07 14:22:00,GPU,Medium,69,2,12,user,21,1,GPU-Node-24,95,377
2026-01-07 14:24:00,GPU,Low,84,2,13,user,19,1,GPU-Node-46,100,389
2026-01-07 14:26:00,GPU,Low,60,3,10,user,33,1,GPU-Node-3,76,336
2026-01-07 14:28:00,CPU,Low,64,9,10,user,23,1,CPU-Node-1,75,299
2026-01-07 14:30:00,CPU,Medium,73,9,17,user,25,0,CPU-Node-6,100,449
2026-01-07 14:32:00,GPU,Medium,77,2,15,user,42,1,GPU-Node-42,100,425
2026-01-07 14:34:00,GPU,Medium,84,3,15,user,34,1,GPU-Node-43,100,451
2026-01-07 14:36:00,CPU,Low,78,4,13,user,19,1,CPU-Node-8,100,413
2026-01-07 14:38:00,GPU,High,69,3,16,user,15,0,GPU-Node-41,100,422
2026-01-07 14:40:00,GPU,Low,76,3,15,user,33,1,GPU-Node-26,100,420
2026-01-07 14:42:00,CPU,High,86,12,11,user,30,1,CPU-Node-48,100,425
2026-01-07 14:44:00,CPU,Low,76,11,16,user,44,0,CPU-Node-41,100,467
2026-01-07 14:46:00,CPU,High,75,7,12,user,36,1,CPU-Node-48,97,366
2026-01-07 14:48:00,GPU,High,61,3,9,user,29,1,GPU-Node-8,78,319
2026-01-07 14:50:00,GPU,Medium,77,1,16,admin,42,0,GPU-Node-49,100,456
2026-01-07 14:52:00,CPU,High,57,13,7,user,34,1,CPU-Node-45,73,254
2026-01-07 14:54:00,CPU,High,97,9,21,user,46,0,CPU-Node-41,100,531
2026-01-07 14:56:00,GPU,High,57,2,15,user,30,1,GPU-Node-24,92,427
2026-01-07 14:58:00,CPU,High,95,9,15,user,27,1,CPU-Node-21,100,471
2026-01-07 15:00:00,GPU,Medium,70,2,12,user,20,1,GPU-Node-36,94,408
2026-01-07 15:02:00,GPU,Medium,84,3,14,user,17,1,GPU-Node-19,100,433
2026-01-07 15:04:00,CPU,Medium,77,8,20,user,34,0,CPU-Node-48,100,470
2026-01-07 15:06:00,GPU,Low,83,3,15,user,35,1,GPU-Node-43,100,456
2026-01-07 15:08:00,CPU,Low,67,6,14,admin,36,1,CPU-Node-12,89,436
2026-01-07 15:10:00,CPU,Medium,86,5,18,user,29,0,CPU-Node-30,100,492
2026-01-07 15:12:00,CPU,Low,70,9,13,user,28,1,CPU-Node-16,97,388
2026-01-07 15:14:00,CPU,Medium,73,9,14,user,30,1,CPU-Node-50,100,401
2026-01-07 15:16:00,GPU,High,81,2,13,user,31,1,GPU-Node-16,100,412
2026-01-07 15:18:00,CPU,High,73,8,12,user,27,1,CPU-Node-29,98,365
2026-01-07 15:20:00,CPU,Low,93,10,18,user,22,0,CPU-Node-24,100,500
2026-01-07 15:22:00,CPU,High,75,8,14,user,37,1,CPU-Node-14,100,394
2026-01-07 15:24:00,CPU,Low,69,10,13,admin,37,1,CPU-Node-43,97,385
2026-01-07 15:26:00,CPU,High,94,3,14,admin,36,1,CPU-Node-5,100,451
2026-01-07 15:28:00,GPU,Medium,69,4,14,user,37,1,GPU-Node-20,95,390
2026-01-07 15:30:00,GPU,Low,76,1,15,admin,33,1,GPU-Node-12,97,426
2026-01-07 15:32:00,GPU,Low,66,2,11,user,31,1,GPU-Node-15,87,363
2026-01-07 15:34:00,GPU,Low,81,1,19,user,27,0,GPU-Node-46,100,514
2026-01-07 15:36:00,GPU,Medium,79,2,18,user,27,0,GPU-Node-18,100,449
2026-01-07 15:38:00,CPU,High,71,3,15,user,30,1,CPU-Node-35,100,418
2026-01-07 15:40:00,CPU,Medium,73,6,24,user,35,0,CPU-Node-39,100,566
2026-01-07 15:42:00,CPU,High,71,13,12,user,6,1,CPU-Node-7,94,358
2026-01-07 15:44:00,CPU,Low,80,4,13,user,29,1,CPU-Node-28,94,397
2026-01-07 15:46:00,GPU,Low,85,1,12,user,25,1,GPU-Node-38,100,377
2026-01-07 15:48:00,CPU,Medium,80,1,8,admin,30,1,CPU-Node-47,93,331
2026-01-07 15:50:00,GPU,High,66,2,12,admin,39,1,GPU-Node-30,90,320
2026-01-07 15:52:00,CPU,Medium,71,7,12,user,35,1,CPU-Node-36,91,420
2026-01-07 15:54:00,CPU,High,69,11,13,admin,30,1,CPU-Node-5,97,401
2026-01-07 15:56:00,CPU,Medium,70,4,16,user,38,0,CPU-Node-47,100,450
2026-01-07 15:58:00,GPU,Low,73,1,16,user,24,0,GPU-Node-22,100,441
2026-01-07 16:00:00,CPU,Low,92,8,18,user,20,0,CPU-Node-42,100,501
2026-01-07 16:02:00,CPU,High,75,7,16,user,29,0,CPU-Node-35,100,416
2026-01-07 16:04:00,CPU,Low,74,8,14,user,36,1,CPU-Node-24,100,403
2026-01-07 16:06:00,GPU,Medium,64,1,11,user,33,1,GPU-Node-26,77,269
2026-01-07 16:08:00,CPU,Low,80,7,17,user,32,0,CPU-Node-20,100,455
2026-01-07 16:10:00,GPU,Low,69,1,13,user,17,1,GPU-Node-11,96,351
2026-01-07 16:12:00,GPU,Low,71,0,19,user,35,0,GPU-Node-25,100,493
2026-01-07 16:14:00,CPU,High,71,6,9,user,14,1,CPU-Node-36,90,370
2026-01-07 16:16:00,GPU,Medium,85,1,17,user,21,0,GPU-Node-11,100,478
2026-01-07 16:18:00,CPU,High,86,11,20,user,28,0,CPU-Node-49,100,522
2026-01-07 16:20:00,CPU,High,83,9,18,user,28,0,CPU-Node-9,100,474
2026-01-07 16:22:00,CPU,Low,77,5,8,user,24,1,CPU-Node-38,93,298
2026-01-07 16:24:00,CPU,High,89,3,18,admin,22,1,CPU-Node-16,100,502
2026-01-07 16:26:00,GPU,High,77,0,12,user,17,0,GPU-Node-20,88,367
2026-01-07 16:28:00,GPU,Medium,69,2,10,admin,11,1,GPU-Node-15,100,364
2026-01-07 16:30:00,GPU,Low,64,2,18,user,6,0,GPU-Node-36,100,460
2026-01-07 16:32:00,CPU,High,76,9,11,user,20,1,CPU-Node-24,93,361
2026-01-07 16:34:00,GPU,Low,83,2,15,user,12,1,GPU-Node-36,100,448
2026-01-07 16:36:00,GPU,High,53,1,11,user,35,1,GPU-Node-39,76,321
2026-01-07 16:38:00,CPU,Medium,92,7,22,user,15,0,CPU-Node-31,100,538
2026-01-07 16:40:00,CPU,Medium,85,11,22,user,23,0,CPU-Node-34,100,542
2026-01-07 16:42:00,CPU,Low,76,13,14,user,26,1,CPU-Node-49,100,408
2026-01-07 16:44:00,CPU,High,88,8,20,user,12,0,CPU-Node-28,100,503
2026-01-07 16:46:00,CPU,High,61,9,13,admin,26,1,CPU-Node-7,85,354
2026-01-07 16:48:00,CPU,High,69,8,11,admin,38,1,CPU-Node-7,91,348
2026-01-07 16:50:00,GPU,High,99,2,14,user,24,1,GPU-Node-4,100,442
2026-01-07 16:52:00,GPU,Medium,89,3,16,admin,24,0,GPU-Node-18,100,454
2026-01-07 16:54:00,CPU,Medium,85,7,14,user,32,1,CPU-Node-13,100,434
2026-01-07 16:56:00,GPU,Low,72,2,16,user,8,0,GPU-Node-46,100,432
2026-01-07 16:58:00,GPU,Low,87,2,19,user,28,0,GPU-Node-26,100,521
2026-01-07 17:00:00,CPU,Low,75,9,18,user,21,0,CPU-Node-12,100,469
2026-01-07 17:02:00,GPU,Medium,63,0,11,admin,38,0,GPU-Node-38,95,340
2026-01-07 17:04:00,GPU,High,96,2,15,user,27,1,GPU-Node-36,100,450
2026-01-07 17:06:00,CPU,Medium,79,7,14,user,32,1,CPU-Node-28,100,429
2026-01-07 17:08:00,CPU,High,82,11,13,user,9,1,CPU-Node-46,100,453
2026-01-07 17:10:00,CPU,Medium,66,9,12,user,36,1,CPU-Node-19,94,357
2026-01-07 17:12:00,GPU,Medium,86,3,17,user,11,0,GPU-Node-31,100,447
2026-01-07 17:14:00,CPU,High,73,5,14,user,44,1,CPU-Node-28,88,401
2026-01-07 17:16:00,GPU,Medium,80,2,20,user,41,0,GPU-Node-13,100,524
2026-01-07 17:18:00,GPU,Medium,76,2,10,user,23,1,GPU-Node-29,89,376
2026-01-07 17:20:00,CPU,High,62,7,14,user,40,1,CPU-Node-3,90,384
2026-01-07 17:22:00,GPU,Medium,76,1,20,user,46,0,GPU-Node-13,100,512
2026-01-07 17:24:00,GPU,High,72,2,17,user,24,0,GPU-Node-8,100,449
2026-01-07 17:26:00,CPU,Low,67,8,15,user,38,1,CPU-Node-32,93,390
2026-01-07 17:28:00,GPU,High,57,2,9,user,14,1,GPU-Node-42,72,307
2026-01-07 17:30:00,GPU,Low,79,1,15,user,5,1,GPU-Node-17,99,436
2026-01-07 17:32:00,GPU,Low,86,3,19,user,30,0,GPU-Node-22,100,543
2026-01-07 17:34:00,CPU,High,50,11,13,admin,9,1,CPU-Node-12,79,351
2026-01-07 17:36:00,GPU,Medium,60,1,9,user,20,1,GPU-Node-15,83,292
2026-01-07 17:38:00,CPU,Medium,69,7,8,admin,39,1,CPU-Node-3,93,311
2026-01-07 17:40:00,CPU,Medium,85,9,17,user,28,0,CPU-Node-10,100,463
2026-01-07 17:42:00,GPU,Medium,79,2,11,user,34,1,GPU-Node-10,100,395
2026-01-07 17:44:00,CPU,Medium,80,5,14,user,42,1,CPU-Node-9,100,418
2026-01-07 17:46:00,CPU,Medium,93,5,15,user,28,1,CPU-Node-46,100,452
2026-01-07 17:48:00,CPU,Medium,81,9,17,user,18,0,CPU-Node-10,100,452
2026-01-07 17:50:00,GPU,High,79,1,24,user,27,0,GPU-Node-40,100,580
2026-01-07 17:52:00,CPU,High,85,4,10,user,38,1,CPU-Node-7,100,375
2026-01-07 17:54:00,CPU,Low,87,10,16,user,27,0,CPU-Node-2,100,448
2026-01-07 17:56:00,GPU,Medium,80,1,16,user,18,0,GPU-Node-22,100,456
2026-01-07 17:58:00,CPU,Low,65,7,8,user,31,1,CPU-Node-2,81,312
2026-01-07 18:00:00,CPU,High,71,8,12,user,27,1,CPU-Node-46,98,405
2026-01-07 18:02:00,CPU,Low,70,2,14,user,27,1,CPU-Node-11,95,363
2026-01-07 18:04:00,GPU,Medium,77,0,18,user,16,0,GPU-Node-4,100,491
2026-01-07 18:06:00,CPU,High,62,11,15,user,32,1,CPU-Node-34,95,385
2026-01-07 18:08:00,GPU,Low,70,1,12,user,25,1,GPU-Node-32,92,393
2026-01-07 18:10:00,CPU,Low,72,8,15,admin,27,1,CPU-Node-42,100,415
2026-01-07 18:12:00,GPU,Medium,63,0,10,admin,34,0,GPU-Node-19,83,332
2026-01-07 18:14:00,GPU,High,84,3,17,user,34,0,GPU-Node-13,100,473
2026-01-07 18:16:00,CPU,High,63,9,11,user,32,1,CPU-Node-15,90,335
2026-01-07 18:18:00,GPU,Low,95,2,22,user,27,0,GPU-Node-21,100,572
2026-01-07 18:20:00,CPU,Medium,74,6,13,admin,36,1,CPU-Node-40,100,384
2026-01-07 18:22:00,GPU,Medium,74,3,17,admin,28,0,GPU-Node-46,100,478
2026-01-07 18:24:00,GPU,High,88,1,21,admin,32,1,GPU-Node-36,100,550
2026-01-07 18:26:00,GPU,Medium,82,2,15,admin,27,1,GPU-Node-8,100,455
2026-01-07 18:28:00,CPU,Medium,83,7,14,user,28,1,CPU-Node-26,100,408
2026-01-07 18:30:00,GPU,Medium,72,1,14,user,41,1,GPU-Node-35,98,412
2026-01-07 18:32:00,CPU,High,88,7,17,admin,32,1,CPU-Node-18,100,498
2026-01-07 18:34:00,GPU,High,73,4,15,admin,17,1,GPU-Node-9,100,416
2026-01-07 18:36:00,CPU,High,72,8,14,user,15,1,CPU-Node-10,87,409
2026-01-07 18:38:00,GPU,Low,70,2,9,user,29,1,GPU-Node-18,80,350
2026-01-07 18:40:00,CPU,Medium,77,9,16,user,24,0,CPU-Node-10,100,450
2026-01-07 18:42:00,GPU,Medium,64,3,15,user,18,1,GPU-Node-8,87,403
2026-01-07 18:44:00,CPU,Medium,72,12,14,user,39,1,CPU-Node-10,100,391
2026-01-07 18:46:00,CPU,Low,94,9,19,user,26,0,CPU-Node-6,100,481
2026-01-07 18:48:00,GPU,Medium,80,0,13,user,10,0,GPU-Node-8,100,414
2026-01-07 18:50:00,CPU,High,64,10,11,user,22,1,CPU-Node-38,87,342
2026-01-07 18:52:00,CPU,Medium,73,8,14,user,16,1,CPU-Node-47,99,436
2026-01-07 18:54:00,GPU,Medium,81,2,9,user,17,1,GPU-Node-11,100,336
2026-01-07 18:56:00,GPU,Low,70,2,12,user,39,1,GPU-Node-35,96,377
2026-01-07 18:58:00,GPU,Medium,90,2,18,user,40,0,GPU-Node-37,100,459
2026-01-07 19:00:00,GPU,Medium,39,1,4,user,28,1,GPU-Node-28,47,192
2026-01-07 19:02:00,GPU,Medium,37,2,9,user,27,1,GPU-Node-19,59,267
2026-01-07 19:04:00,CPU,High,26,10,0,user,22,1,CPU-Node-30,37,118
2026-01-07 19:06:00,CPU,Medium,25,3,8,user,36,1,CPU-Node-43,33,227
2026-01-07 19:08:00,GPU,Medium,48,1,5,user,37,1,GPU-Node-14,57,197
2026-01-07 19:10:00,CPU,High,25,9,8,user,38,1,CPU-Node-24,45,225
2026-01-07 19:12:00,GPU,Low,48,0,4,admin,30,0,GPU-Node-9,56,194
2026-01-07 19:14:00,CPU,High,26,13,5,user,41,1,CPU-Node-5,36,190
2026-01-07 19:16:00,CPU,Low,36,7,14,user,34,1,CPU-Node-24,61,328
2026-01-07 19:18:00,CPU,Low,29,9,2,user,27,1,CPU-Node-39,35,158
2026-01-07 19:20:00,GPU,Low,34,1,6,user,22,1,GPU-Node-36,47,190
2026-01-07 19:22:00,GPU,Medium,46,0,12,user,27,0,GPU-Node-7,72,347
2026-01-07 19:24:00,CPU,Low,52,1,9,user,16,1,CPU-Node-25,68,279
2026-01-07 19:26:00,GPU,Medium,41,0,8,user,24,0,GPU-Node-13,62,253
2026-01-07 19:28:00,GPU,High,28,0,0,admin,29,0,GPU-Node-41,33,123
2026-01-07 19:30:00,GPU,Medium,38,1,5,user,23,1,GPU-Node-34,46,197
2026-01-07 19:32:00,CPU,Low,27,7,10,user,35,1,CPU-Node-42,37,256
2026-01-07 19:34:00,GPU,Medium,48,3,9,user,19,1,GPU-Node-12,65,252
2026-01-07 19:36:00,GPU,Medium,22,2,4,user,50,1,GPU-Node-18,44,119
2026-01-07 19:38:00,GPU,High,29,3,6,user,9,1,GPU-Node-10,46,233
2026-01-07 19:40:00,CPU,High,19,5,4,user,41,1,CPU-Node-11,30,121
2026-01-07 19:42:00,CPU,Medium,34,10,8,user,29,1,CPU-Node-31,57,254
2026-01-07 19:44:00,GPU,Medium,45,1,11,user,22,1,GPU-Node-1,65,298
2026-01-07 19:46:00,GPU,High,26,0,2,user,38,0,GPU-Node-40,34,150
2026-01-07 19:48:00,CPU,Medium,38,6,14,user,29,1,CPU-Node-20,65,332
2026-01-07 19:50:00,CPU,Low,47,7,7,admin,28,1,CPU-Node-2,68,248
2026-01-07 19:52:00,GPU,Low,33,1,4,admin,47,1,GPU-Node-19,42,157
2026-01-07 19:54:00,CPU,Low,42,7,7,user,17,1,CPU-Node-27,57,212
2026-01-07 19:56:00,CPU,Medium,29,11,5,user,26,1,CPU-Node-44,40,138
2026-01-07 19:58:00,GPU,Medium,45,1,10,user,32,1,GPU-Node-20,68,294
2026-01-07 20:00:00,CPU,Low,26,15,8,user,31,1,CPU-Node-8,40,192
2026-01-07 20:02:00,CPU,Low,43,13,9,admin,23,1,CPU-Node-32,63,302
2026-01-07 20:04:00,GPU,High,31,2,1,user,49,1,GPU-Node-50,39,111
2026-01-07 20:06:00,CPU,Medium,31,7,8,user,35,1,CPU-Node-41,45,233
2026-01-07 20:08:00,CPU,Low,40,2,0,admin,48,1,CPU-Node-46,37,104
2026-01-07 20:10:00,GPU,High,41,3,7,admin,10,1,GPU-Node-25,51,257
2026-01-07 20:12:00,CPU,Low,30,7,2,user,31,1,CPU-Node-41,38,132
2026-01-07 20:14:00,CPU,Medium,39,11,3,user,27,1,CPU-Node-5,34,191
2026-01-07 20:16:00,CPU,Low,34,8,11,user,27,1,CPU-Node-34,52,276
2026-01-07 20:18:00,CPU,Medium,21,12,8,admin,22,1,CPU-Node-45,36,227
2026-01-07 20:20:00,CPU,High,45,10,10,user,35,1,CPU-Node-20,64,332
2026-01-07 20:22:00,CPU,High,36,7,7,user,25,1,CPU-Node-42,51,203
2026-01-07 20:24:00,GPU,Medium,42,1,14,user,36,1,GPU-Node-13,70,335
2026-01-07 20:26:00,GPU,Low,18,1,0,user,48,1,GPU-Node-35,21,89
2026-01-07 20:28:00,CPU,Medium,38,7,6,user,36,1,CPU-Node-20,54,212
2026-01-07 20:30:00,CPU,Low,30,10,4,user,24,1,CPU-Node-40,31,152
2026-01-07 20:32:00,CPU,Medium,24,7,4,user,48,1,CPU-Node-1,41,150
2026-01-07 20:34:00,CPU,Medium,46,7,1,admin,26,1,CPU-Node-15,46,182
2026-01-07 20:36:00,CPU,High,30,13,4,admin,27,1,CPU-Node-12,40,163
2026-01-07 20:38:00,CPU,Medium,21,7,9,user,25,1,CPU-Node-39,40,244
2026-01-07 20:40:00,CPU,Medium,33,4,4,user,31,1,CPU-Node-9,40,139
2026-01-07 20:42:00,GPU,Low,41,1,9,user,14,1,GPU-Node-37,64,303
2026-01-07 20:44:00,CPU,High,55,9,7,admin,46,1,CPU-Node-15,59,292
2026-01-07 20:46:00,CPU,Low,28,7,3,user,43,1,CPU-Node-5,23,158
2026-01-07 20:48:00,CPU,Medium,47,7,8,user,33,1,CPU-Node-30,62,241
2026-01-07 20:50:00,GPU,High,57,3,7,user,36,1,GPU-Node-22,69,300
2026-01-07 20:52:00,CPU,Low,40,3,11,user,27,1,CPU-Node-14,57,327
2026-01-07 20:54:00,GPU,Medium,24,1,7,user,17,1,GPU-Node-16,35,223
2026-01-07 20:56:00,CPU,Low,16,2,8,user,26,1,CPU-Node-34,34,192
2026-01-07 20:58:00,CPU,Low,40,7,10,user,33,1,CPU-Node-3,60,271
2026-01-07 21:00:00,GPU,Low,47,2,4,user,15,1,GPU-Node-28,54,197
2026-01-07 21:02:00,CPU,Low,41,9,13,user,46,1,CPU-Node-43,68,334
2026-01-07 21:04:00,CPU,High,48,1,5,admin,29,1,CPU-Node-2,67,236
2026-01-07 21:06:00,CPU,Medium,41,8,8,user,32,1,CPU-Node-28,65,274
2026-01-07 21:08:00,CPU,High,31,10,3,admin,38,1,CPU-Node-17,31,128
2026-01-07 21:10:00,CPU,Low,24,7,2,user,37,1,CPU-Node-28,17,150
2026-01-07 21:12:00,CPU,Low,33,3,4,user,9,1,CPU-Node-25,44,165
2026-01-07 21:14:00,CPU,High,39,15,7,user,48,1,CPU-Node-37,46,240
2026-01-07 21:16:00,GPU,Low,29,1,5,user,26,1,GPU-Node-38,39,195
2026-01-07 21:18:00,GPU,Low,38,3,10,user,33,1,GPU-Node-40,60,285
2026-01-07 21:20:00,CPU,Low,42,12,9,user,16,1,CPU-Node-39,60,293
2026-01-07 21:22:00,CPU,Medium,34,6,5,user,9,1,CPU-Node-50,42,176
2026-01-07 21:24:00,GPU,High,37,2,7,user,23,1,GPU-Node-2,46,227
2026-01-07 21:26:00,CPU,Medium,41,6,5,user,23,1,CPU-Node-15,53,191
2026-01-07 21:28:00,CPU,Low,50,7,8,user,23,1,CPU-Node-14,62,291
2026-01-07 21:30:00,GPU,High,40,2,9,user,30,1,GPU-Node-2,58,265
2026-01-07 21:32:00,GPU,Medium,33,2,8,user,40,1,GPU-Node-15,52,256
2026-01-07 21:34:00,CPU,Medium,28,12,4,user,9,1,CPU-Node-50,42,168
2026-01-07 21:36:00,GPU,High,57,1,14,user,19,1,GPU-Node-27,83,382
2026-01-07 21:38:00,CPU,High,40,6,5,user,30,1,CPU-Node-44,55,164
2026-01-07 21:40:00,CPU,High,29,3,7,user,23,1,CPU-Node-23,43,234
2026-01-07 21:42:00,GPU,Medium,30,2,0,admin,38,1,GPU-Node-47,36,128
2026-01-07 21:44:00,GPU,Medium,20,2,8,user,26,1,GPU-Node-27,35,205
2026-01-07 21:46:00,GPU,Low,35,1,5,user,33,1,GPU-Node-8,42,207
2026-01-07 21:48:00,CPU,Medium,38,4,8,admin,11,1,CPU-Node-24,52,264
2026-01-07 21:50:00,GPU,Low,24,2,3,user,28,1,GPU-Node-21,31,145
2026-01-07 21:52:00,CPU,High,41,11,9,user,34,1,CPU-Node-32,59,264
2026-01-07 21:54:00,CPU,High,34,7,2,user,29,1,CPU-Node-48,39,159
2026-01-07 21:56:00,GPU,Low,39,2,8,user,26,1,GPU-Node-10,58,256
2026-01-07 21:58:00,CPU,Medium,36,6,9,user,30,1,CPU-Node-28,55,230
2026-01-07 22:00:00,CPU,High,31,7,7,user,29,1,CPU-Node-24,45,209
2026-01-07 22:02:00,CPU,Low,24,6,3,user,34,1,CPU-Node-7,29,137
2026-01-07 22:04:00,CPU,Medium,31,10,3,user,40,1,CPU-Node-17,39,149
2026-01-07 22:06:00,CPU,Medium,54,8,14,user,47,1,CPU-Node-17,84,386
2026-01-07 22:08:00,GPU,Medium,50,1,9,user,34,1,GPU-Node-29,62,260
2026-01-07 22:10:00,GPU,Low,25,0,8,user,7,0,GPU-Node-3,37,201
2026-01-07 22:12:00,GPU,Low,47,2,10,user,20,1,GPU-Node-32,70,309
2026-01-07 22:14:00,CPU,Low,25,6,3,user,28,1,CPU-Node-34,24,137
2026-01-07 22:16:00,CPU,High,41,5,10,user,39,1,CPU-Node-18,66,298
2026-01-07 22:18:00,CPU,Low,22,3,4,user,29,1,CPU-Node-32,17,166
2026-01-07 22:20:00,GPU,High,26,3,15,user,37,1,GPU-Node-21,51,362
2026-01-07 22:22:00,GPU,Medium,40,1,4,user,25,1,GPU-Node-44,52,210
2026-01-07 22:24:00,CPU,Medium,28,4,3,user,29,1,CPU-Node-3,43,178
2026-01-07 22:26:00,CPU,High,41,3,7,user,19,1,CPU-Node-10,60,219
2026-01-07 22:28:00,GPU,Low,36,1,5,user,39,1,GPU-Node-25,46,179
2026-01-07 22:30:00,CPU,Medium,19,13,6,user,17,1,CPU-Node-41,29,150
2026-01-07 22:32:00,CPU,Medium,42,11,5,user,18,1,CPU-Node-4,60,219
2026-01-07 22:34:00,CPU,Low,44,7,6,admin,9,1,CPU-Node-5,57,226
2026-01-07 22:36:00,CPU,High,31,8,7,user,42,1,CPU-Node-33,31,187
2026-01-07 22:38:00,CPU,Low,16,8,6,user,18,1,CPU-Node-35,25,143
2026-01-07 22:40:00,GPU,Low,39,2,10,user,28,1,GPU-Node-9,63,252
2026-01-07 22:42:00,GPU,Medium,36,3,7,user,17,1,GPU-Node-13,50,202
2026-01-07 22:44:00,CPU,Medium,34,10,5,user,20,1,CPU-Node-44,50,198
2026-01-07 22:46:00,CPU,Medium,40,7,4,user,35,1,CPU-Node-45,48,198
2026-01-07 22:48:00,GPU,High,46,1,11,user,38,1,GPU-Node-32,67,305
2026-01-07 22:50:00,GPU,High,43,0,6,user,48,0,GPU-Node-27,51,218
2026-01-07 22:52:00,GPU,Low,25,2,5,user,24,1,GPU-Node-38,29,163
2026-01-07 22:54:00,CPU,Medium,38,6,13,user,36,1,CPU-Node-39,71,344
2026-01-07 22:56:00,CPU,Low,37,9,8,admin,43,1,CPU-Node-34,52,237
2026-01-07 22:58:00,CPU,Low,35,6,11,user,34,1,CPU-Node-12,55,266
2026-01-07 23:00:00,CPU,High,48,3,3,user,34,1,CPU-Node-30,53,184
2026-01-07 23:02:00,CPU,Low,33,13,5,user,22,1,CPU-Node-13,50,196
2026-01-07 23:04:00,CPU,Medium,53,11,12,user,35,1,CPU-Node-34,75,331
2026-01-07 23:06:00,CPU,Medium,34,3,9,user,23,1,CPU-Node-19,47,284
2026-01-07 23:08:00,GPU,Medium,36,3,8,user,26,1,GPU-Node-49,51,260
2026-01-07 23:10:00,GPU,High,41,2,7,user,32,1,GPU-Node-33,53,239
2026-01-07 23:12:00,GPU,Medium,30,1,6,user,14,1,GPU-Node-15,48,190
2026-01-07 23:14:00,GPU,High,24,2,7,user,36,1,GPU-Node-18,33,191
2026-01-07 23:16:00,CPU,Medium,45,4,12,user,29,1,CPU-Node-38,75,325
2026-01-07 23:18:00,GPU,Low,44,1,11,user,25,1,GPU-Node-12,70,303
2026-01-07 23:20:00,GPU,Medium,25,3,2,user,50,1,GPU-Node-6,30,102
2026-01-07 23:22:00,CPU,Medium,33,8,7,user,32,1,CPU-Node-50,46,230
2026-01-07 23:24:00,CPU,High,33,12,11,user,25,1,CPU-Node-4,56,268
2026-01-07 23:26:00,CPU,Medium,28,10,0,user,34,1,CPU-Node-1,22,96
2026-01-07 23:28:00,CPU,Medium,42,4,5,user,26,1,CPU-Node-35,65,192
2026-01-07 23:30:00,CPU,Medium,30,5,4,user,29,1,CPU-Node-15,40,170
2026-01-07 23:32:00,CPU,Low,46,4,9,admin,29,1,CPU-Node-7,63,269
2026-01-07 23:34:00,CPU,High,26,11,7,user,28,1,CPU-Node-41,44,225
2026-01-07 23:36:00,CPU,Low,45,12,9,user,21,1,CPU-Node-44,57,283
2026-01-07 23:38:00,CPU,High,29,9,4,user,33,1,CPU-Node-13,39,197
2026-01-07 23:40:00,GPU,High,10,2,12,user,48,1,GPU-Node-45,27,265
2026-01-07 23:42:00,GPU,Medium,35,0,6,user,15,0,GPU-Node-6,43,185
2026-01-07 23:44:00,GPU,High,43,0,10,user,35,0,GPU-Node-8,60,265
2026-01-07 23:46:00,CPU,High,42,9,7,user,16,1,CPU-Node-12,62,259
2026-01-07 23:48:00,CPU,Low,29,6,7,user,22,1,CPU-Node-3,51,219
2026-01-07 23:50:00,CPU,Medium,31,9,3,user,43,1,CPU-Node-27,36,139
2026-01-07 23:52:00,CPU,Low,47,2,10,admin,31,1,CPU-Node-34,70,284
2026-01-07 23:54:00,CPU,Medium,55,10,7,user,25,1,CPU-Node-39,73,267
2026-01-07 23:56:00,CPU,Medium,27,6,0,user,26,1,CPU-Node-28,24,113
2026-01-07 23:58:00,CPU,High,22,7,8,user,32,1,CPU-Node-7,29,222
2026-01-08 00:00:00,GPU,Low,35,2,4,admin,28,1,GPU-Node-48,52,190
2026-01-08 00:02:00,GPU,Low,39,1,4,admin,26,1,GPU-Node-25,51,199
2026-01-08 00:04:00,CPU,Medium,28,8,6,user,38,1,CPU-Node-49,31,155
2026-01-08 00:06:00,CPU,Medium,56,12,11,user,54,1,CPU-Node-35,78,282
2026-01-08 00:08:00,CPU,Medium,29,10,5,user,35,1,CPU-Node-36,35,152
2026-01-08 00:10:00,CPU,Low,32,15,6,user,16,1,CPU-Node-37,39,216
2026-01-08 00:12:00,GPU,Low,23,1,0,user,21,1,GPU-Node-19,28,123
2026-01-08 00:14:00,CPU,High,37,6,5,user,30,1,CPU-Node-43,42,218
2026-01-08 00:16:00,GPU,High,13,0,5,user,24,0,GPU-Node-10,24,136
2026-01-08 00:18:00,GPU,Medium,33,3,2,admin,44,1,GPU-Node-41,33,122
2026-01-08 00:20:00,CPU,High,62,3,13,admin,42,1,CPU-Node-32,89,370
2026-01-08 00:22:00,CPU,Medium,22,8,3,user,24,1,CPU-Node-2,35,147
2026-01-08 00:24:00,CPU,High,32,8,10,user,41,1,CPU-Node-23,47,259
2026-01-08 00:26:00,CPU,High,37,5,10,user,9,1,CPU-Node-29,57,275
2026-01-08 00:28:00,CPU,Low,46,6,9,user,15,1,CPU-Node-27,64,295
2026-01-08 00:30:00,CPU,Low,44,13,11,admin,40,1,CPU-Node-10,64,293
2026-01-08 00:32:00,CPU,High,48,3,9,user,36,1,CPU-Node-39,69,283
2026-01-08 00:34:00,GPU,Low,29,2,10,user,35,1,GPU-Node-10,47,302
2026-01-08 00:36:00,GPU,Low,45,4,8,user,40,1,GPU-Node-48,58,270
2026-01-08 00:38:00,CPU,High,47,11,6,user,13,1,CPU-Node-31,60,256
2026-01-08 00:40:00,CPU,High,40,3,7,user,41,1,CPU-Node-18,59,213
2026-01-08 00:42:00,CPU,High,26,9,0,user,36,1,CPU-Node-10,31,52
2026-01-08 00:44:00,CPU,Medium,27,10,3,user,46,1,CPU-Node-5,31,110
2026-01-08 00:46:00,CPU,High,35,3,8,user,24,1,CPU-Node-31,50,204
2026-01-08 00:48:00,CPU,Medium,45,5,8,user,23,1,CPU-Node-8,58,282
2026-01-08 00:50:00,CPU,High,32,11,8,admin,27,1,CPU-Node-18,44,228
2026-01-08 00:52:00,CPU,Medium,15,9,10,admin,36,1,CPU-Node-40,30,247
2026-01-08 00:54:00,GPU,Low,37,2,11,admin,23,1,GPU-Node-50,56,277
2026-01-08 00:56:00,CPU,Low,37,9,6,user,33,1,CPU-Node-21,48,203
2026-01-08 00:58:00,GPU,Low,35,1,5,admin,50,1,GPU-Node-40,48,218
2026-01-08 01:00:00,CPU,High,27,8,3,user,17,1,CPU-Node-18,31,174
2026-01-08 01:02:00,CPU,Medium,27,14,8,user,12,1,CPU-Node-29,48,215
2026-01-08 01:04:00,CPU,Medium,24,2,3,user,41,1,CPU-Node-22,22,108
2026-01-08 01:06:00,CPU,Low,31,8,8,user,29,1,CPU-Node-3,51,256
2026-01-08 01:08:00,GPU,Medium,35,1,4,user,17,1,GPU-Node-34,41,178
2026-01-08 01:10:00,CPU,Medium,20,8,4,user,18,1,CPU-Node-48,43,147
2026-01-08 01:12:00,CPU,Medium,35,10,8,user,25,1,CPU-Node-35,53,217
2026-01-08 01:14:00,GPU,Medium,30,3,5,user,30,1,GPU-Node-3,39,176
2026-01-08 01:16:00,CPU,Medium,41,10,2,user,31,1,CPU-Node-15,39,183
2026-01-08 01:18:00,CPU,High,32,6,10,user,51,1,CPU-Node-30,46,205
2026-01-08 01:20:00,GPU,High,31,3,5,admin,30,1,GPU-Node-47,38,196
2026-01-08 01:22:00,GPU,Low,33,2,11,user,8,1,GPU-Node-9,62,302
2026-01-08 01:24:00,CPU,Low,35,5,9,user,31,1,CPU-Node-23,58,252
2026-01-08 01:26:00,GPU,High,29,2,1,user,36,1,GPU-Node-50,32,137
2026-01-08 01:28:00,CPU,Medium,49,8,11,user,26,1,CPU-Node-11,59,340
2026-01-08 01:30:00,CPU,Medium,24,9,4,user,36,1,CPU-Node-16,40,152
2026-01-08 01:32:00,CPU,Medium,39,5,7,admin,31,1,CPU-Node-5,53,231
2026-01-08 01:34:00,GPU,Medium,39,2,9,admin,28,1,GPU-Node-1,56,285
2026-01-08 01:36:00,CPU,Medium,33,9,7,user,40,1,CPU-Node-42,46,211
2026-01-08 01:38:00,CPU,Low,26,11,3,user,37,1,CPU-Node-39,30,132
2026-01-08 01:40:00,CPU,Low,48,8,4,user,44,1,CPU-Node-33,62,210
2026-01-08 01:42:00,CPU,Medium,28,8,3,user,22,1,CPU-Node-23,34,158
2026-01-08 01:44:00,CPU,Medium,48,8,11,user,27,1,CPU-Node-4,64,333
2026-01-08 01:46:00,CPU,Medium,24,9,3,user,27,1,CPU-Node-11,38,139
2026-01-08 01:48:00,CPU,Low,21,9,3,user,35,1,CPU-Node-38,30,145
2026-01-08 01:50:00,CPU,Low,27,9,0,user,22,1,CPU-Node-12,17,100
2026-01-08 01:52:00,CPU,Low,38,4,11,admin,24,1,CPU-Node-8,53,291
2026-01-08 01:54:00,CPU,Medium,44,9,8,user,34,1,CPU-Node-26,65,269
2026-01-08 01:56:00,CPU,Medium,43,5,12,user,25,1,CPU-Node-38,67,297
2026-01-08 01:58:00,CPU,Medium,35,6,7,user,30,1,CPU-Node-48,51,235
2026-01-08 02:00:00,CPU,Medium,31,12,4,user,35,1,CPU-Node-2,43,218
2026-01-08 02:02:00,CPU,Medium,24,9,3,user,52,1,CPU-Node-33,23,150
2026-01-08 02:04:00,GPU,High,41,2,5,user,22,1,GPU-Node-26,51,218
2026-01-08 02:06:00,CPU,Low,43,6,10,user,27,1,CPU-Node-48,73,260
2026-01-08 02:08:00,CPU,High,39,4,9,user,24,1,CPU-Node-42,63,236
2026-01-08 02:10:00,CPU,Medium,24,8,13,user,44,1,CPU-Node-49,51,309
2026-01-08 02:12:00,CPU,Low,37,3,4,admin,35,1,CPU-Node-42,46,175
2026-01-08 02:14:00,CPU,Low,31,8,10,user,44,1,CPU-Node-14,54,279
2026-01-08 02:16:00,CPU,High,25,7,0,user,37,1,CPU-Node-27,29,135
2026-01-08 02:18:00,GPU,Medium,53,2,11,user,13,1,GPU-Node-21,75,328
2026-01-08 02:20:00,CPU,High,36,9,8,user,26,1,CPU-Node-29,62,231
2026-01-08 02:22:00,CPU,Medium,23,11,5,user,46,1,CPU-Node-7,21,172
2026-01-08 02:24:00,CPU,Low,18,9,3,user,17,1,CPU-Node-14,17,124
2026-01-08 02:26:00,CPU,Medium,35,6,5,user,35,1,CPU-Node-24,38,193
2026-01-08 02:28:00,CPU,High,32,5,8,user,20,1,CPU-Node-40,53,216
2026-01-08 02:30:00,CPU,Low,53,10,11,user,25,1,CPU-Node-22,69,340
2026-01-08 02:32:00,CPU,Medium,34,9,5,user,28,1,CPU-Node-14,43,224
2026-01-08 02:34:00,GPU,Medium,58,1,13,user,33,1,GPU-Node-32,79,354
2026-01-08 02:36:00,CPU,Low,48,4,8,user,35,1,CPU-Node-18,58,255
2026-01-08 02:38:00,GPU,High,53,1,9,user,22,1,GPU-Node-22,73,294
2026-01-08 02:40:00,GPU,High,47,2,8,user,25,1,GPU-Node-50,69,271
2026-01-08 02:42:00,GPU,Medium,43,3,10,admin,29,1,GPU-Node-46,54,293
2026-01-08 02:44:00,GPU,Low,23,1,3,user,29,1,GPU-Node-34,24,139
2026-01-08 02:46:00,GPU,Medium,15,2,9,user,27,1,GPU-Node-50,28,212
2026-01-08 02:48:00,GPU,Low,41,0,10,user,32,0,GPU-Node-39,56,300
2026-01-08 02:50:00,GPU,Medium,31,1,5,user,35,1,GPU-Node-14,43,172
2026-01-08 02:52:00,GPU,High,19,0,3,user,18,0,GPU-Node-26,31,153
2026-01-08 02:54:00,CPU,Medium,23,7,9,user,32,1,CPU-Node-33,44,227
2026-01-08 02:56:00,CPU,Medium,29,8,4,user,47,1,CPU-Node-39,45,179
2026-01-08 02:58:00,CPU,Medium,31,15,8,user,35,1,CPU-Node-33,60,213
2026-01-08 03:00:00,GPU,Medium,37,1,11,user,34,1,GPU-Node-41,60,271
2026-01-08 03:02:00,GPU,Medium,14,2,4,admin,47,1,GPU-Node-50,32,162
2026-01-08 03:04:00,GPU,Low,61,2,10,user,25,1,GPU-Node-10,73,318
2026-01-08 03:06:00,GPU,High,36,1,4,user,20,1,GPU-Node-11,43,173
2026-01-08 03:08:00,CPU,Low,39,9,8,user,42,1,CPU-Node-25,55,222
2026-01-08 03:10:00,CPU,Medium,41,9,8,user,42,1,CPU-Node-31,64,278
2026-01-08 03:12:00,GPU,High,18,3,1,user,34,1,GPU-Node-8,13,71
2026-01-08 03:14:00,CPU,High,23,12,11,user,30,1,CPU-Node-9,50,253
2026-01-08 03:16:00,CPU,Medium,35,4,14,user,34,1,CPU-Node-29,59,334
2026-01-08 03:18:00,CPU,Low,51,8,11,user,30,1,CPU-Node-23,78,316
2026-01-08 03:20:00,CPU,Medium,33,7,8,user,40,1,CPU-Node-46,48,235
2026-01-08 03:22:00,CPU,Low,38,8,12,user,30,1,CPU-Node-29,64,304
2026-01-08 03:24:00,CPU,Medium,44,8,7,user,20,1,CPU-Node-47,60,234
2026-01-08 03:26:00,GPU,Medium,31,2,4,user,27,1,GPU-Node-16,42,169
2026-01-08 03:28:00,CPU,High,28,6,0,user,20,1,CPU-Node-10,25,107
2026-01-08 03:30:00,GPU,High,43,0,12,user,45,0,GPU-Node-42,63,325
2026-01-08 03:32:00,CPU,Medium,51,11,12,user,33,1,CPU-Node-49,79,297
2026-01-08 03:34:00,CPU,Low,50,4,13,user,22,1,CPU-Node-10,77,336
2026-01-08 03:36:00,GPU,High,21,1,4,user,14,1,GPU-Node-50,27,143
2026-01-08 03:38:00,CPU,Low,34,8,2,user,23,1,CPU-Node-1,40,149
2026-01-08 03:40:00,GPU,High,27,2,13,user,15,1,GPU-Node-34,54,345
2026-01-08 03:42:00,CPU,Medium,27,8,5,admin,30,1,CPU-Node-41,41,178
2026-01-08 03:44:00,CPU,Medium,49,2,7,user,28,1,CPU-Node-35,62,232
2026-01-08 03:46:00,CPU,High,31,6,9,user,5,1,CPU-Node-26,56,251
2026-01-08 03:48:00,CPU,Low,42,9,6,user,36,1,CPU-Node-43,49,245
2026-01-08 03:50:00,GPU,High,35,3,0,user,46,1,GPU-Node-47,36,129
2026-01-08 03:52:00,CPU,Low,53,6,14,user,19,1,CPU-Node-3,82,344
2026-01-08 03:54:00,CPU,Medium,53,5,4,user,23,1,CPU-Node-19,68,223
2026-01-08 03:56:00,CPU,Low,46,3,8,admin,26,1,CPU-Node-26,62,288
2026-01-08 03:58:00,CPU,Low,38,10,9,user,16,1,CPU-Node-36,58,260
2026-01-08 04:00:00,GPU,Low,69,2,18,user,15,0,GPU-Node-43,100,444
2026-01-08 04:02:00,GPU,Medium,38,1,6,user,28,1,GPU-Node-22,46,184
2026-01-08 04:04:00,CPU,High,19,7,2,user,24,1,CPU-Node-6,13,121
2026-01-08 04:06:00,CPU,Medium,19,10,0,user,28,1,CPU-Node-41,16,86
2026-01-08 04:08:00,CPU,Low,38,5,7,user,23,1,CPU-Node-25,54,260
2026-01-08 04:10:00,CPU,Medium,31,9,9,user,32,1,CPU-Node-24,42,232
2026-01-08 04:12:00,CPU,Medium,46,8,11,user,21,1,CPU-Node-49,67,304
2026-01-08 04:14:00,CPU,Low,21,2,2,user,28,1,CPU-Node-19,26,93
2026-01-08 04:16:00,GPU,Medium,29,2,4,user,35,1,GPU-Node-31,33,119
2026-01-08 04:18:00,GPU,Medium,37,2,6,admin,41,1,GPU-Node-24,44,226
2026-01-08 04:20:00,GPU,Medium,29,0,1,user,17,0,GPU-Node-49,40,119
2026-01-08 04:22:00,CPU,High,16,3,1,user,22,1,CPU-Node-9,17,111
2026-01-08 04:24:00,CPU,Low,42,11,10,admin,33,1,CPU-Node-31,63,271
2026-01-08 04:26:00,GPU,Medium,49,0,11,user,20,0,GPU-Node-4,71,343
2026-01-08 04:28:00,CPU,High,45,9,7,user,17,1,CPU-Node-27,57,214
2026-01-08 04:30:00,CPU,High,50,2,4,user,28,1,CPU-Node-35,65,208
2026-01-08 04:32:00,GPU,High,34,2,10,user,32,1,GPU-Node-14,63,239
2026-01-08 04:34:00,GPU,Medium,50,1,13,user,34,1,GPU-Node-48,71,342
2026-01-08 04:36:00,CPU,High,32,5,4,user,30,1,CPU-Node-28,37,184
2026-01-08 04:38:00,GPU,High,37,1,10,user,18,1,GPU-Node-16,57,257
2026-01-08 04:40:00,GPU,Low,31,1,0,user,25,1,GPU-Node-19,39,61
2026-01-08 04:42:00,GPU,Medium,43,3,10,admin,27,1,GPU-Node-1,65,297
2026-01-08 04:44:00,CPU,Low,34,5,4,user,29,1,CPU-Node-11,39,200
2026-01-08 04:46:00,GPU,High,34,3,6,user,24,1,GPU-Node-37,47,180
2026-01-08 04:48:00,CPU,Medium,29,2,4,user,41,1,CPU-Node-49,42,147
2026-01-08 04:50:00,CPU,Low,44,8,9,user,40,1,CPU-Node-19,60,258
2026-01-08 04:52:00,CPU,Medium,32,8,6,user,39,1,CPU-Node-48,48,201
2026-01-08 04:54:00,CPU,Low,33,6,7,user,33,1,CPU-Node-10,55,264
2026-01-08 04:56:00,CPU,Low,29,9,0,user,18,1,CPU-Node-49,32,113
2026-01-08 04:58:00,GPU,Low,56,2,5,user,37,1,GPU-Node-48,66,249
2026-01-08 05:00:00,CPU,Low,36,11,1,admin,14,1,CPU-Node-17,48,147
2026-01-08 05:02:00,CPU,Medium,20,10,6,admin,19,1,CPU-Node-29,38,197
2026-01-08 05:04:00,CPU,Medium,37,9,7,user,28,1,CPU-Node-19,43,209
2026-01-08 05:06:00,CPU,High,39,7,11,user,17,1,CPU-Node-46,70,311
2026-01-08 05:08:00,GPU,High,33,0,11,user,35,0,GPU-Node-19,55,279
2026-01-08 05:10:00,CPU,Medium,22,7,7,user,26,1,CPU-Node-36,30,229
2026-01-08 05:12:00,CPU,Low,34,7,2,admin,42,1,CPU-Node-22,32,148
2026-01-08 05:14:00,GPU,Low,36,2,4,admin,38,1,GPU-Node-4,40,196
2026-01-08 05:16:00,GPU,High,17,2,1,user,19,1,GPU-Node-47,17,94
2026-01-08 05:18:00,GPU,Medium,40,0,9,user,30,0,GPU-Node-2,59,285
2026-01-08 05:20:00,GPU,Medium,23,1,9,user,27,1,GPU-Node-30,44,209
2026-01-08 05:22:00,CPU,Medium,31,8,11,user,19,1,CPU-Node-23,49,310
2026-01-08 05:24:00,CPU,High,11,6,6,user,26,1,CPU-Node-45,18,173
2026-01-08 05:26:00,GPU,Medium,41,4,12,user,27,1,GPU-Node-48,61,306
2026-01-08 05:28:00,GPU,Medium,26,3,3,admin,43,1,GPU-Node-27,38,143
2026-01-08 05:30:00,CPU,Medium,43,7,7,user,40,1,CPU-Node-34,57,285
2026-01-08 05:32:00,CPU,Medium,60,5,6,user,25,1,CPU-Node-40,71,268
2026-01-08 05:34:00,CPU,High,28,3,3,user,43,1,CPU-Node-46,35,188
2026-01-08 05:36:00,GPU,Low,25,1,4,admin,19,1,GPU-Node-19,33,157
2026-01-08 05:38:00,CPU,Medium,44,7,4,user,34,1,CPU-Node-22,52,217
2026-01-08 05:40:00,GPU,Medium,43,2,8,user,20,1,GPU-Node-22,60,248
2026-01-08 05:42:00,CPU,High,45,8,13,user,28,1,CPU-Node-25,66,356
2026-01-08 05:44:00,CPU,Low,33,8,6,user,40,1,CPU-Node-8,51,196
2026-01-08 05:46:00,CPU,High,37,4,5,user,8,1,CPU-Node-50,44,155
2026-01-08 05:48:00,CPU,Low,44,9,14,admin,22,1,CPU-Node-11,73,373
2026-01-08 05:50:00,GPU,Low,25,2,0,user,37,1,GPU-Node-43,20,101
2026-01-08 05:52:00,GPU,Low,50,1,13,user,37,1,GPU-Node-6,78,372
2026-01-08 05:54:00,CPU,Medium,13,2,0,user,26,1,CPU-Node-31,12,82
2026-01-08 05:56:00,CPU,High,24,8,6,admin,27,1,CPU-Node-46,44,191
2026-01-08 05:58:00,GPU,Low,29,1,5,user,26,1,GPU-Node-38,42,161
2026-01-08 06:00:00,CPU,High,46,10,8,user,12,1,CPU-Node-8,61,281
2026-01-08 06:02:00,CPU,Low,53,5,10,user,26,1,CPU-Node-11,76,340
2026-01-08 06:04:00,GPU,Medium,36,3,2,admin,39,1,GPU-Node-38,34,112
2026-01-08 06:06:00,GPU,Low,39,0,8,admin,29,0,GPU-Node-9,57,244
2026-01-08 06:08:00,GPU,Low,35,1,9,user,31,1,GPU-Node-9,49,277
2026-01-08 06:10:00,CPU,Low,32,5,11,user,28,1,CPU-Node-19,63,283
2026-01-08 06:12:00,CPU,Medium,24,7,0,user,24,1,CPU-Node-36,22,118
2026-01-08 06:14:00,GPU,Low,27,3,3,user,37,1,GPU-Node-48,32,136
2026-01-08 06:16:00,GPU,Low,26,0,3,user,31,0,GPU-Node-47,33,144
2026-01-08 06:18:00,CPU,Medium,32,1,4,user,26,1,CPU-Node-25,47,194
2026-01-08 06:20:00,GPU,Medium,35,1,4,user,34,1,GPU-Node-2,40,206
2026-01-08 06:22:00,CPU,Medium,51,4,5,user,27,1,CPU-Node-11,60,238
2026-01-08 06:24:00,GPU,Medium,36,0,7,user,6,0,GPU-Node-29,54,217
2026-01-08 06:26:00,CPU,Medium,11,5,4,user,32,1,CPU-Node-47,20,162
2026-01-08 06:28:00,CPU,Low,29,8,8,user,24,1,CPU-Node-8,48,237
2026-01-08 06:30:00,CPU,Low,31,12,7,user,24,1,CPU-Node-7,44,178
2026-01-08 06:32:00,CPU,Low,34,12,1,user,46,1,CPU-Node-4,30,119
2026-01-08 06:34:00,CPU,Low,24,3,3,user,28,1,CPU-Node-23,33,184
2026-01-08 06:36:00,GPU,Medium,45,1,7,user,23,1,GPU-Node-18,62,284
2026-01-08 06:38:00,GPU,Low,29,0,6,user,35,0,GPU-Node-29,40,189
2026-01-08 06:40:00,CPU,Medium,25,5,5,user,42,1,CPU-Node-8,40,178
2026-01-08 06:42:00,GPU,Medium,49,1,12,user,27,1,GPU-Node-49,72,296
2026-01-08 06:44:00,CPU,Medium,21,7,1,user,29,1,CPU-Node-18,23,135
2026-01-08 06:46:00,GPU,Medium,27,2,6,admin,45,1,GPU-Node-1,45,172
2026-01-08 06:48:00,CPU,Medium,30,7,8,user,47,1,CPU-Node-12,51,225
2026-01-08 06:50:00,GPU,Low,40,0,4,user,38,0,GPU-Node-42,43,190
2026-01-08 06:52:00,GPU,Medium,33,3,9,user,17,1,GPU-Node-2,55,248
2026-01-08 06:54:00,CPU,Low,45,10,4,user,36,1,CPU-Node-21,52,272
2026-01-08 06:56:00,CPU,High,39,13,10,admin,11,1,CPU-Node-16,64,280
2026-01-08 06:58:00,CPU,Low,29,8,11,user,23,1,CPU-Node-14,41,279
2026-01-08 07:00:00,GPU,Medium,30,1,7,user,21,1,GPU-Node-2,36,190
2026-01-08 07:02:00,GPU,High,14,2,5,user,28,1,GPU-Node-48,29,148
2026-01-08 07:04:00,CPU,Medium,44,7,7,user,17,1,CPU-Node-39,57,237
2026-01-08 07:06:00,GPU,High,48,3,8,admin,40,1,GPU-Node-21,65,281
2026-01-08 07:08:00,CPU,High,28,10,4,admin,17,1,CPU-Node-45,43,194
2026-01-08 07:10:00,GPU,Medium,30,1,4,user,45,1,GPU-Node-32,35,190
2026-01-08 07:12:00,CPU,Low,45,12,2,user,36,1,CPU-Node-23,48,173
2026-01-08 07:14:00,CPU,Low,44,7,9,user,17,1,CPU-Node-17,62,281
2026-01-08 07:16:00,CPU,Low,19,3,6,admin,20,1,CPU-Node-19,35,181
2026-01-08 07:18:00,GPU,Medium,37,3,11,user,17,1,GPU-Node-24,59,258
2026-01-08 07:20:00,GPU,Medium,34,1,6,user,24,1,GPU-Node-42,53,269
2026-01-08 07:22:00,CPU,Low,30,8,4,user,25,1,CPU-Node-18,39,143
2026-01-08 07:24:00,GPU,Medium,50,2,10,user,32,1,GPU-Node-1,67,299
2026-01-08 07:26:00,CPU,Medium,44,3,12,user,24,1,CPU-Node-2,62,339
2026-01-08 07:28:00,CPU,Low,34,7,9,admin,32,1,CPU-Node-42,39,244
2026-01-08 07:30:00,CPU,Medium,35,8,7,admin,32,1,CPU-Node-9,54,214
2026-01-08 07:32:00,GPU,Medium,37,1,2,user,21,1,GPU-Node-30,49,138
2026-01-08 07:34:00,GPU,Medium,17,3,1,user,36,1,GPU-Node-19,20,86
2026-01-08 07:36:00,GPU,High,50,0,12,admin,20,0,GPU-Node-27,73,322
2026-01-08 07:38:00,CPU,Medium,37,11,3,user,29,1,CPU-Node-35,51,137
2026-01-08 07:40:00,CPU,Low,50,5,14,user,45,1,CPU-Node-41,71,334
2026-01-08 07:42:00,CPU,Medium,38,4,8,admin,17,1,CPU-Node-3,51,255
2026-01-08 07:44:00,GPU,Medium,25,1,5,user,33,1,GPU-Node-19,40,211
2026-01-08 07:46:00,CPU,High,36,7,3,user,34,1,CPU-Node-35,39,170
2026-01-08 07:48:00,CPU,High,24,5,3,user,21,1,CPU-Node-1,26,141
2026-01-08 07:50:00,CPU,Low,47,1,5,user,42,1,CPU-Node-7,52,239
2026-01-08 07:52:00,CPU,Low,40,6,8,user,23,1,CPU-Node-14,57,260
2026-01-08 07:54:00,CPU,High,45,10,4,user,33,1,CPU-Node-11,59,198
2026-01-08 07:56:00,GPU,Medium,27,1,10,user,34,1,GPU-Node-1,43,258
2026-01-08 07:58:00,GPU,Low,38,0,2,admin,39,0,GPU-Node-3,49,180
2026-01-08 08:00:00,CPU,Medium,46,8,4,admin,34,1,CPU-Node-5,54,213
2026-01-08 08:02:00,CPU,Medium,31,4,2,user,25,1,CPU-Node-4,35,144
2026-01-08 08:04:00,GPU,High,37,3,3,user,27,1,GPU-Node-14,37,192
2026-01-08 08:06:00,CPU,High,36,4,2,admin,44,1,CPU-Node-12,41,125
2026-01-08 08:08:00,GPU,Low,25,3,8,admin,35,1,GPU-Node-45,42,208
2026-01-08 08:10:00,CPU,Medium,46,9,11,user,19,1,CPU-Node-13,70,335
2026-01-08 08:12:00,CPU,Low,42,8,8,user,39,1,CPU-Node-32,53,260
2026-01-08 08:14:00,GPU,Low,32,3,7,user,21,1,GPU-Node-43,55,186
2026-01-08 08:16:00,CPU,High,32,10,7,user,33,1,CPU-Node-47,38,211
2026-01-08 08:18:00,CPU,Medium,44,8,3,user,34,1,CPU-Node-18,45,174
2026-01-08 08:20:00,CPU,Medium,29,9,4,admin,26,1,CPU-Node-8,30,154
2026-01-08 08:22:00,GPU,Low,48,1,17,user,17,0,GPU-Node-45,82,389
2026-01-08 08:24:00,GPU,High,20,1,5,user,23,1,GPU-Node-7,36,147
2026-01-08 08:26:00,CPU,Medium,38,11,10,user,23,1,CPU-Node-11,61,269
2026-01-08 08:28:00,GPU,High,39,1,13,admin,21,1,GPU-Node-18,67,334
2026-01-08 08:30:00,GPU,Medium,39,3,9,user,25,1,GPU-Node-50,55,265
2026-01-08 08:32:00,CPU,Medium,41,7,14,user,21,1,CPU-Node-8,70,372
2026-01-08 08:34:00,GPU,Low,35,1,7,user,45,1,GPU-Node-36,42,224
2026-01-08 08:36:00,CPU,Low,41,6,12,user,40,1,CPU-Node-48,70,302
2026-01-08 08:38:00,GPU,Medium,30,5,0,user,34,1,GPU-Node-10,25,111
2026-01-08 08:40:00,CPU,High,39,7,10,user,35,1,CPU-Node-7,68,290
2026-01-08 08:42:00,GPU,High,20,1,1,user,32,1,GPU-Node-42,14,116
2026-01-08 08:44:00,GPU,High,34,1,7,user,26,1,GPU-Node-12,50,246
2026-01-08 08:46:00,CPU,Low,48,7,8,user,41,1,CPU-Node-47,63,250
2026-01-08 08:48:00,GPU,Low,38,1,9,user,34,1,GPU-Node-25,49,279
2026-01-08 08:50:00,CPU,High,20,7,9,user,27,1,CPU-Node-5,42,192
2026-01-08 08:52:00,GPU,Low,29,0,6,user,42,0,GPU-Node-8,46,207
2026-01-08 08:54:00,GPU,Medium,47,2,12,admin,22,1,GPU-Node-21,64,306
2026-01-08 08:56:00,CPU,Medium,42,6,12,user,25,1,CPU-Node-43,66,353
2026-01-08 08:58:00,GPU,Low,53,2,9,admin,37,1,GPU-Node-33,63,271
2026-01-08 09:00:00,GPU,Medium,80,2,14,user,26,1,GPU-Node-50,100,419
2026-01-08 09:02:00,CPU,High,65,11,10,user,17,1,CPU-Node-35,92,354
2026-01-08 09:04:00,CPU,Medium,74,9,12,user,29,1,CPU-Node-22,100,377
2026-01-08 09:06:00,CPU,Low,70,9,9,user,22,1,CPU-Node-2,87,302
2026-01-08 09:08:00,CPU,Low,81,8,16,user,16,0,CPU-Node-20,100,439
2026-01-08 09:10:00,CPU,Low,67,4,13,user,15,1,CPU-Node-5,92,403
2026-01-08 09:12:00,CPU,Low,81,9,14,admin,35,1,CPU-Node-14,100,410
2026-01-08 09:14:00,CPU,Medium,73,8,16,user,19,0,CPU-Node-23,100,435
2026-01-08 09:16:00,CPU,Low,65,12,11,user,29,1,CPU-Node-8,80,337
2026-01-08 09:18:00,GPU,Medium,61,3,15,admin,38,1,GPU-Node-34,87,383
2026-01-08 09:20:00,GPU,Low,77,0,14,user,13,0,GPU-Node-41,96,392
2026-01-08 09:22:00,CPU,High,75,6,13,user,27,1,CPU-Node-7,100,375
2026-01-08 09:24:00,CPU,Low,67,11,15,user,42,1,CPU-Node-26,100,414
2026-01-08 09:26:00,GPU,Medium,77,2,19,user,20,0,GPU-Node-9,100,489
2026-01-08 09:28:00,GPU,High,66,1,14,user,22,1,GPU-Node-10,98,337
2026-01-08 09:30:00,CPU,High,65,9,15,user,43,1,CPU-Node-43,95,382
2026-01-08 09:32:00,GPU,High,59,1,13,user,30,1,GPU-Node-46,91,368
2026-01-08 09:34:00,CPU,Medium,61,9,11,user,45,1,CPU-Node-33,83,345
2026-01-08 09:36:00,CPU,High,73,4,10,user,45,1,CPU-Node-50,91,373
2026-01-08 09:38:00,CPU,Medium,70,7,12,user,43,1,CPU-Node-45,97,354
2026-01-08 09:40:00,CPU,Medium,64,6,12,user,30,1,CPU-Node-29,91,338
2026-01-08 09:42:00,GPU,High,76,0,12,user,12,0,GPU-Node-47,95,387
2026-01-08 09:44:00,CPU,High,88,6,19,user,18,0,CPU-Node-34,100,473
2026-01-08 09:46:00,GPU,High,71,0,10,admin,26,0,GPU-Node-18,93,319
2026-01-08 09:48:00,CPU,Medium,70,8,13,user,37,1,CPU-Node-22,99,380
2026-01-08 09:50:00,CPU,Medium,69,9,9,user,18,1,CPU-Node-45,90,368
2026-01-08 09:52:00,CPU,High,86,9,12,user,31,1,CPU-Node-37,100,395
2026-01-08 09:54:00,GPU,Low,72,1,13,user,38,1,GPU-Node-23,98,390
2026-01-08 09:56:00,GPU,Low,64,2,10,admin,18,1,GPU-Node-12,68,330
2026-01-08 09:58:00,GPU,Medium,65,1,14,user,13,1,GPU-Node-39,97,423
2026-01-08 10:00:00,CPU,Low,74,4,11,user,42,1,CPU-Node-36,95,397
2026-01-08 10:02:00,GPU,Medium,84,1,19,user,10,0,GPU-Node-39,100,472
2026-01-08 10:04:00,GPU,Low,85,2,17,user,26,0,GPU-Node-37,100,455
2026-01-08 10:06:00,GPU,Low,75,1,14,user,42,1,GPU-Node-12,94,405
2026-01-08 10:08:00,CPU,Medium,72,3,13,user,32,1,CPU-Node-27,95,395
2026-01-08 10:10:00,GPU,Low,76,0,16,user,29,0,GPU-Node-27,100,471
2026-01-08 10:12:00,GPU,High,71,3,15,admin,34,1,GPU-Node-50,100,431
2026-01-08 10:14:00,GPU,Medium,72,1,17,user,30,0,GPU-Node-11,100,461
2026-01-08 10:16:00,GPU,High,66,1,12,user,18,1,GPU-Node-34,89,361
2026-01-08 10:18:00,CPU,Low,61,5,12,user,13,1,CPU-Node-40,83,335
2026-01-08 10:20:00,GPU,Low,77,2,14,user,36,1,GPU-Node-38,100,390
2026-01-08 10:22:00,CPU,Medium,92,3,19,user,39,0,CPU-Node-31,100,487
2026-01-08 10:24:00,GPU,High,76,0,14,user,34,0,GPU-Node-49,100,443
2026-01-08 10:26:00,CPU,High,90,12,17,user,25,0,CPU-Node-3,100,476
2026-01-08 10:28:00,GPU,High,61,2,7,user,5,1,GPU-Node-43,79,239
2026-01-08 10:30:00,CPU,High,75,9,11,user,33,1,CPU-Node-19,100,342
2026-01-08 10:32:00,CPU,High,81,10,15,user,11,1,CPU-Node-4,100,443
2026-01-08 10:34:00,CPU,Low,54,7,9,user,31,1,CPU-Node-28,73,316
2026-01-08 10:36:00,GPU,Low,81,2,15,user,28,1,GPU-Node-12,100,453
2026-01-08 10:38:00,CPU,Low,90,10,18,user,48,0,CPU-Node-46,100,489
2026-01-08 10:40:00,CPU,High,75,11,16,user,35,0,CPU-Node-23,100,473
2026-01-08 10:42:00,CPU,High,71,9,13,user,43,1,CPU-Node-9,100,358
2026-01-08 10:44:00,GPU,High,84,0,18,admin,13,0,GPU-Node-10,100,531
2026-01-08 10:46:00,CPU,Medium,73,5,16,user,38,0,CPU-Node-23,100,456
2026-01-08 10:48:00,CPU,High,69,8,13,user,31,1,CPU-Node-10,87,359
2026-01-08 10:50:00,GPU,Medium,86,2,9,user,26,1,GPU-Node-39,100,376
2026-01-08 10:52:00,CPU,High,79,8,13,user,18,1,CPU-Node-22,100,429
2026-01-08 10:54:00,CPU,High,60,10,13,user,34,1,CPU-Node-35,84,375
2026-01-08 10:56:00,CPU,Low,80,7,25,user,21,0,CPU-Node-43,100,584
2026-01-08 10:58:00,GPU,Medium,89,2,11,user,45,1,GPU-Node-48,100,396
2026-01-08 11:00:00,CPU,Medium,75,13,14,user,21,1,CPU-Node-42,97,425
2026-01-08 11:02:00,GPU,Low,73,0,11,user,35,0,GPU-Node-18,89,386
2026-01-08 11:04:00,GPU,Medium,69,1,13,user,28,1,GPU-Node-23,95,356
2026-01-08 11:06:00,CPU,Medium,95,5,20,user,28,0,CPU-Node-31,100,500
2026-01-08 11:08:00,GPU,Low,77,1,15,user,13,1,GPU-Node-15,100,393
2026-01-08 11:10:00,CPU,Low,81,8,16,user,29,0,CPU-Node-12,100,451
2026-01-08 11:12:00,CPU,Medium,65,5,10,user,43,1,CPU-Node-39,92,385
2026-01-08 11:14:00,CPU,High,70,9,12,user,23,1,CPU-Node-49,97,397
2026-01-08 11:16:00,GPU,Low,68,2,9,user,28,1,GPU-Node-6,78,351
2026-01-08 11:18:00,GPU,Medium,66,4,13,user,18,1,GPU-Node-30,92,379
2026-01-08 11:20:00,CPU,Medium,68,12,16,user,8,0,CPU-Node-32,99,434
2026-01-08 11:22:00,CPU,Low,90,9,15,user,37,1,CPU-Node-26,100,452
2026-01-08 11:24:00,GPU,Medium,83,2,15,admin,56,1,GPU-Node-17,100,427
2026-01-08 11:26:00,CPU,Medium,62,7,6,user,34,1,CPU-Node-2,79,290
2026-01-08 11:28:00,CPU,High,56,8,8,user,37,1,CPU-Node-40,68,285
2026-01-08 11:30:00,CPU,Low,68,12,8,user,35,1,CPU-Node-35,78,308
2026-01-08 11:32:00,CPU,Medium,93,2,18,user,32,0,CPU-Node-18,100,519
2026-01-08 11:34:00,GPU,Medium,85,0,16,admin,27,0,GPU-Node-44,100,474
2026-01-08 11:36:00,CPU,Low,87,10,18,user,30,0,CPU-Node-44,100,505
2026-01-08 11:38:00,GPU,Low,63,0,12,admin,10,0,GPU-Node-19,92,363
2026-01-08 11:40:00,GPU,Medium,87,2,15,user,32,1,GPU-Node-13,100,434
2026-01-08 11:42:00,CPU,High,78,4,15,user,30,1,CPU-Node-1,100,457
2026-01-08 11:44:00,CPU,High,80,7,14,user,27,1,CPU-Node-1,100,399
2026-01-08 11:46:00,CPU,High,86,10,21,admin,28,1,CPU-Node-14,100,510
2026-01-08 11:48:00,CPU,Medium,77,14,16,user,28,0,CPU-Node-49,100,424
2026-01-08 11:50:00,GPU,Low,83,1,20,user,48,0,GPU-Node-43,100,559
2026-01-08 11:52:00,CPU,Medium,74,1,15,user,22,1,CPU-Node-18,98,416
2026-01-08 11:54:00,CPU,High,73,10,13,user,37,1,CPU-Node-14,99,370
2026-01-08 11:56:00,CPU,Medium,78,9,14,user,40,1,CPU-Node-32,100,409
2026-01-08 11:58:00,CPU,Medium,63,3,8,admin,21,1,CPU-Node-2,75,309
2026-01-08 12:00:00,CPU,Low,73,8,12,admin,35,1,CPU-Node-32,100,379
2026-01-08 12:02:00,CPU,Medium,57,11,8,user,36,1,CPU-Node-9,65,278
2026-01-08 12:04:00,CPU,Medium,74,6,19,user,26,0,CPU-Node-40,100,513
2026-01-08 12:06:00,CPU,Medium,67,10,14,admin,45,1,CPU-Node-21,99,399
2026-01-08 12:08:00,GPU,High,80,3,17,user,21,0,GPU-Node-6,100,477
2026-01-08 12:10:00,CPU,Medium,75,11,8,user,26,1,CPU-Node-35,93,289
2026-01-08 12:12:00,CPU,Low,75,6,12,user,31,1,CPU-Node-4,99,404
2026-01-08 12:14:00,CPU,High,85,8,23,user,39,0,CPU-Node-1,100,546
2026-01-08 12:16:00,CPU,Medium,84,7,16,user,25,0,CPU-Node-49,100,469
2026-01-08 12:18:00,GPU,High,73,0,15,user,37,0,GPU-Node-41,100,426
2026-01-08 12:20:00,GPU,Low,72,1,15,user,27,1,GPU-Node-9,94,410
2026-01-08 12:22:00,CPU,Low,71,5,14,user,32,1,CPU-Node-33,100,394
2026-01-08 12:24:00,CPU,Low,76,4,13,admin,14,1,CPU-Node-49,100,360
2026-01-08 12:26:00,CPU,Medium,64,5,7,user,25,1,CPU-Node-2,75,268
2026-01-08 12:28:00,GPU,Medium,66,1,14,user,27,1,GPU-Node-2,100,381
2026-01-08 12:30:00,CPU,Medium,72,9,17,user,33,0,CPU-Node-29,94,458
2026-01-08 12:32:00,GPU,High,77,1,12,user,26,1,GPU-Node-41,100,370
2026-01-08 12:34:00,CPU,Medium,61,8,7,user,16,1,CPU-Node-29,69,251
2026-01-08 12:36:00,CPU,High,72,6,13,user,41,1,CPU-Node-24,92,423
2026-01-08 12:38:00,CPU,Medium,73,13,12,user,50,1,CPU-Node-43,98,346
2026-01-08 12:40:00,CPU,High,78,8,16,admin,39,1,CPU-Node-40,100,437
2026-01-08 12:42:00,GPU,Low,58,2,10,user,27,1,GPU-Node-37,72,316
2026-01-08 12:44:00,CPU,Low,80,7,15,user,24,1,CPU-Node-21,100,404
2026-01-08 12:46:00,GPU,Low,90,2,23,user,30,0,GPU-Node-26,100,619
2026-01-08 12:48:00,CPU,Medium,79,5,14,user,45,1,CPU-Node-30,100,431
2026-01-08 12:50:00,CPU,High,78,3,17,user,18,0,CPU-Node-40,100,472
2026-01-08 12:52:00,GPU,Medium,64,3,6,user,26,1,GPU-Node-46,75,270
2026-01-08 12:54:00,CPU,Medium,74,5,10,user,24,1,CPU-Node-2,79,368
2026-01-08 12:56:00,GPU,Medium,73,0,15,admin,22,0,GPU-Node-40,97,407
2026-01-08 12:58:00,CPU,High,66,7,9,user,34,1,CPU-Node-31,86,286
2026-01-08 13:00:00,GPU,Medium,72,2,13,user,31,1,GPU-Node-24,100,423
2026-01-08 13:02:00,CPU,High,77,14,13,admin,24,1,CPU-Node-24,100,377
2026-01-08 13:04:00,GPU,Medium,72,2,18,user,18,0,GPU-Node-2,100,468
2026-01-08 13:06:00,CPU,Low,69,12,10,admin,36,1,CPU-Node-15,92,351
2026-01-08 13:08:00,CPU,Low,66,6,12,user,24,1,CPU-Node-8,92,384
2026-01-08 13:10:00,CPU,Medium,81,10,8,admin,38,1,CPU-Node-30,97,329
2026-01-08 13:12:00,CPU,Medium,86,7,16,user,36,0,CPU-Node-29,100,468
2026-01-08 13:14:00,CPU,Low,82,2,21,user,33,0,CPU-Node-45,100,543
2026-01-08 13:16:00,GPU,Medium,79,0,11,user,32,0,GPU-Node-26,100,383
2026-01-08 13:18:00,GPU,Low,80,3,12,user,17,1,GPU-Node-33,100,416
2026-01-08 13:20:00,CPU,High,75,1,18,user,17,0,CPU-Node-18,100,469
2026-01-08 13:22:00,GPU,Medium,76,3,13,user,41,1,GPU-Node-5,100,430
2026-01-08 13:24:00,CPU,Medium,67,11,16,admin,35,0,CPU-Node-38,97,384
2026-01-08 13:26:00,CPU,Low,70,6,15,admin,23,1,CPU-Node-13,95,438
2026-01-08 13:28:00,CPU,High,71,2,13,user,33,1,CPU-Node-20,100,384
2026-01-08 13:30:00,CPU,High,72,13,15,user,42,1,CPU-Node-31,93,446
2026-01-08 13:32:00,CPU,Medium,55,11,16,user,15,0,CPU-Node-14,75,438
2026-01-08 13:34:00,CPU,Low,73,4,15,user,31,1,CPU-Node-47,98,450
2026-01-08 13:36:00,GPU,High,81,1,16,user,30,0,GPU-Node-10,100,496
2026-01-08 13:38:00,GPU,Low,82,2,13,admin,29,1,GPU-Node-48,100,387
2026-01-08 13:40:00,GPU,Low,88,1,14,user,34,0,GPU-Node-29,100,456
2026-01-08 13:42:00,GPU,Low,83,1,20,user,42,0,GPU-Node-27,100,514
2026-01-08 13:44:00,GPU,Medium,78,3,12,user,39,1,GPU-Node-26,100,394
2026-01-08 13:46:00,CPU,Medium,92,10,16,user,43,0,CPU-Node-3,100,463
2026-01-08 13:48:00,CPU,Medium,59,11,3,user,20,1,CPU-Node-16,64,197
2026-01-08 13:50:00,CPU,High,89,8,17,user,39,0,CPU-Node-27,100,476
2026-01-08 13:52:00,GPU,High,80,2,18,user,30,0,GPU-Node-44,100,491
2026-01-08 13:54:00,CPU,Medium,83,11,18,admin,27,0,CPU-Node-37,100,472
2026-01-08 13:56:00,CPU,Low,60,6,12,user,9,1,CPU-Node-12,86,339
2026-01-08 13:58:00,CPU,Medium,76,7,12,user,28,1,CPU-Node-17,100,372
2026-01-08 14:00:00,CPU,High,79,9,16,user,26,0,CPU-Node-46,100,492
2026-01-08 14:02:00,GPU,Medium,59,1,11,user,29,1,GPU-Node-18,81,342
2026-01-08 14:04:00,GPU,Low,71,2,16,user,30,0,GPU-Node-31,100,415
2026-01-08 14:06:00,GPU,High,79,1,10,admin,36,1,GPU-Node-6,100,361
2026-01-08 14:08:00,CPU,Low,63,3,16,user,26,0,CPU-Node-27,92,411
2026-01-08 14:10:00,GPU,High,68,1,12,user,25,1,GPU-Node-19,86,370
2026-01-08 14:12:00,GPU,Low,79,2,16,user,13,0,GPU-Node-12,100,419
2026-01-08 14:14:00,CPU,High,63,2,6,user,41,1,CPU-Node-15,80,280
2026-01-08 14:16:00,CPU,Low,71,6,9,user,19,1,CPU-Node-10,88,286
2026-01-08 14:18:00,CPU,Low,73,9,18,user,36,0,CPU-Node-40,100,485
2026-01-08 14:20:00,GPU,Low,74,0,10,user,24,0,GPU-Node-9,99,357
2026-01-08 14:22:00,CPU,Medium,71,6,17,user,20,0,CPU-Node-4,100,435
2026-01-08 14:24:00,CPU,Medium,87,11,13,user,11,1,CPU-Node-18,100,425
2026-01-08 14:26:00,GPU,Medium,58,3,13,user,51,1,GPU-Node-15,86,342
2026-01-08 14:28:00,GPU,High,80,2,14,admin,24,1,GPU-Node-14,100,394
2026-01-08 14:30:00,CPU,Low,62,13,6,user,30,1,CPU-Node-49,74,258
2026-01-08 14:32:00,GPU,Medium,80,2,13,user,20,1,GPU-Node-14,95,400
2026-01-08 14:34:00,CPU,Low,62,7,13,user,37,1,CPU-Node-6,83,390
2026-01-08 14:36:00,CPU,High,81,8,12,user,38,1,CPU-Node-24,100,391
2026-01-08 14:38:00,CPU,Low,61,10,12,user,23,1,CPU-Node-49,87,375
2026-01-08 14:40:00,GPU,Medium,85,3,12,user,17,1,GPU-Node-6,100,392
2026-01-08 14:42:00,GPU,Medium,75,2,12,user,13,1,GPU-Node-4,100,370
2026-01-08 14:44:00,GPU,Medium,59,3,11,admin,20,1,GPU-Node-9,84,365
2026-01-08 14:46:00,CPU,Medium,64,1,13,user,36,1,CPU-Node-45,95,359
2026-01-08 14:48:00,CPU,Medium,66,3,12,user,49,1,CPU-Node-24,88,359
2026-01-08 14:50:00,CPU,Medium,98,6,18,user,32,0,CPU-Node-21,100,530
2026-01-08 14:52:00,CPU,Medium,85,7,15,user,37,1,CPU-Node-45,100,409
2026-01-08 14:54:00,GPU,Medium,64,2,14,user,33,1,GPU-Node-34,92,401
2026-01-08 14:56:00,CPU,Low,72,9,17,user,25,0,CPU-Node-8,100,416
2026-01-08 14:58:00,CPU,Medium,89,10,20,user,26,0,CPU-Node-21,100,535
2026-01-08 15:00:00,CPU,Medium,66,10,16,user,7,0,CPU-Node-2,97,390
2026-01-08 15:02:00,CPU,High,60,7,11,user,22,1,CPU-Node-9,81,341
2026-01-08 15:04:00,GPU,Medium,53,1,17,user,28,0,GPU-Node-24,83,431
2026-01-08 15:06:00,CPU,Medium,96,4,22,user,28,0,CPU-Node-38,100,576
2026-01-08 15:08:00,GPU,Low,76,3,12,admin,33,1,GPU-Node-11,94,435
2026-01-08 15:10:00,CPU,Medium,62,7,11,user,31,1,CPU-Node-44,81,326
2026-01-08 15:12:00,CPU,High,70,3,14,user,23,1,CPU-Node-49,86,405
2026-01-08 15:14:00,CPU,Medium,74,8,15,admin,35,1,CPU-Node-4,100,404
2026-01-08 15:16:00,CPU,Low,81,4,13,user,40,1,CPU-Node-19,100,396
2026-01-08 15:18:00,CPU,Low,72,6,12,user,46,1,CPU-Node-37,98,364
2026-01-08 15:20:00,GPU,High,83,2,10,admin,37,1,GPU-Node-5,100,386
2026-01-08 15:22:00,CPU,High,84,12,22,user,26,0,CPU-Node-31,100,510
2026-01-08 15:24:00,GPU,Medium,64,2,10,user,43,1,GPU-Node-47,86,341
2026-01-08 15:26:00,CPU,Medium,83,8,14,user,13,1,CPU-Node-8,100,394
2026-01-08 15:28:00,CPU,High,73,3,22,user,48,0,CPU-Node-47,100,493
2026-01-08 15:30:00,CPU,Low,69,6,11,user,32,1,CPU-Node-26,91,378
2026-01-08 15:32:00,GPU,Low,66,0,9,user,23,0,GPU-Node-30,89,292
2026-01-08 15:34:00,GPU,Medium,87,4,16,user,31,0,GPU-Node-19,100,428
2026-01-08 15:36:00,GPU,Medium,93,2,17,user,19,0,GPU-Node-22,100,502
2026-01-08 15:38:00,GPU,High,72,1,11,user,39,1,GPU-Node-26,89,363
2026-01-08 15:40:00,CPU,Low,70,13,14,user,38,1,CPU-Node-36,100,424
2026-01-08 15:42:00,CPU,High,83,8,17,user,24,0,CPU-Node-47,100,441
2026-01-08 15:44:00,GPU,Medium,67,0,18,user,37,0,GPU-Node-44,100,431
2026-01-08 15:46:00,GPU,Medium,93,0,24,admin,34,0,GPU-Node-8,100,622
2026-01-08 15:48:00,CPU,Medium,81,4,15,user,31,1,CPU-Node-8,100,438
2026-01-08 15:50:00,CPU,Medium,87,5,13,user,24,1,CPU-Node-36,100,457
2026-01-08 15:52:00,CPU,Low,64,8,13,user,39,1,CPU-Node-42,87,336
2026-01-08 15:54:00,CPU,Medium,73,10,15,user,40,1,CPU-Node-7,97,418
2026-01-08 15:56:00,GPU,Medium,57,2,5,user,46,1,GPU-Node-46,69,236
2026-01-08 15:58:00,CPU,High,71,6,15,user,21,1,CPU-Node-8,95,398
2026-01-08 16:00:00,GPU,Medium,82,1,17,admin,29,0,GPU-Node-3,100,465
2026-01-08 16:02:00,CPU,Medium,59,9,16,user,31,0,CPU-Node-27,98,427
2026-01-08 16:04:00,CPU,Low,66,11,14,user,36,1,CPU-Node-47,94,392
2026-01-08 16:06:00,CPU,High,75,9,15,user,36,1,CPU-Node-41,100,385
2026-01-08 16:08:00,CPU,Medium,67,5,17,admin,27,0,CPU-Node-2,100,434
2026-01-08 16:10:00,GPU,Low,63,2,8,user,34,1,GPU-Node-46,73,291
2026-01-08 16:12:00,GPU,Medium,86,1,15,user,37,0,GPU-Node-8,100,443
2026-01-08 16:14:00,CPU,Medium,73,2,12,user,38,1,CPU-Node-50,100,367
2026-01-08 16:16:00,CPU,Low,51,6,10,user,25,1,CPU-Node-48,72,276
2026-01-08 16:18:00,CPU,Medium,88,12,17,user,28,0,CPU-Node-19,100,480
2026-01-08 16:20:00,CPU,Medium,78,6,15,user,32,1,CPU-Node-30,100,430
2026-01-08 16:22:00,CPU,Low,57,8,10,user,30,1,CPU-Node-50,84,337
2026-01-08 16:24:00,GPU,Medium,87,0,13,user,19,0,GPU-Node-45,100,406
2026-01-08 16:26:00,GPU,Low,63,1,10,user,42,1,GPU-Node-29,81,321
2026-01-08 16:28:00,CPU,High,70,12,13,user,49,1,CPU-Node-43,90,349
2026-01-08 16:30:00,GPU,High,65,1,12,user,27,1,GPU-Node-37,93,383
2026-01-08 16:32:00,GPU,Medium,77,1,14,user,32,1,GPU-Node-36,100,414
2026-01-08 16:34:00,CPU,Medium,69,12,14,user,19,1,CPU-Node-23,100,372
2026-01-08 16:36:00,GPU,Medium,81,0,18,user,36,0,GPU-Node-48,100,519
2026-01-08 16:38:00,GPU,Medium,66,1,16,admin,31,0,GPU-Node-36,88,418
2026-01-08 16:40:00,CPU,High,69,7,9,user,33,1,CPU-Node-38,92,328
2026-01-08 16:42:00,GPU,High,60,1,10,user,35,1,GPU-Node-33,79,299
2026-01-08 16:44:00,CPU,Medium,91,8,20,user,43,0,CPU-Node-20,100,567
2026-01-08 16:46:00,GPU,Medium,71,2,12,user,29,1,GPU-Node-14,100,348
2026-01-08 16:48:00,CPU,Low,83,8,19,user,39,0,CPU-Node-27,100,488
2026-01-08 16:50:00,GPU,Medium,76,1,13,user,36,1,GPU-Node-45,98,400
2026-01-08 16:52:00,CPU,Low,82,5,14,user,29,1,CPU-Node-15,99,453
2026-01-08 16:54:00,GPU,High,77,0,16,user,16,0,GPU-Node-40,100,446
2026-01-08 16:56:00,CPU,Medium,64,7,13,user,17,1,CPU-Node-23,89,407
2026-01-08 16:58:00,CPU,Low,61,9,14,user,20,1,CPU-Node-31,91,345
2026-01-08 17:00:00,GPU,Low,76,0,9,user,11,0,GPU-Node-30,89,368
2026-01-08 17:02:00,CPU,High,58,10,14,user,22,1,CPU-Node-29,83,371
2026-01-08 17:04:00,GPU,High,69,1,15,user,36,1,GPU-Node-3,90,403
2026-01-08 17:06:00,GPU,Low,67,2,12,admin,35,1,GPU-Node-13,87,342
2026-01-08 17:08:00,CPU,High,81,7,20,user,26,0,CPU-Node-24,100,522
2026-01-08 17:10:00,GPU,Medium,75,1,17,user,6,0,GPU-Node-26,100,449
2026-01-08 17:12:00,CPU,Medium,52,1,16,user,46,0,CPU-Node-35,88,381
2026-01-08 17:14:00,CPU,High,71,3,13,admin,34,1,CPU-Node-6,100,385
2026-01-08 17:16:00,CPU,Medium,78,13,18,user,22,0,CPU-Node-15,100,468
2026-01-08 17:18:00,CPU,High,89,11,19,user,41,0,CPU-Node-21,100,524
2026-01-08 17:20:00,CPU,High,66,10,13,admin,27,1,CPU-Node-14,91,390
2026-01-08 17:22:00,GPU,Medium,58,3,12,user,31,1,GPU-Node-18,81,321
2026-01-08 17:24:00,CPU,Medium,67,14,20,user,31,0,CPU-Node-12,100,485
2026-01-08 17:26:00,CPU,High,82,2,8,user,32,1,CPU-Node-45,93,343
2026-01-08 17:28:00,CPU,Medium,62,6,10,user,35,1,CPU-Node-7,93,300
2026-01-08 17:30:00,GPU,High,65,2,15,user,32,1,GPU-Node-35,95,372
2026-01-08 17:32:00,GPU,High,69,2,15,user,39,1,GPU-Node-39,97,409
2026-01-08 17:34:00,CPU,Medium,90,9,18,admin,28,0,CPU-Node-17,100,511
2026-01-08 17:36:00,GPU,Medium,70,2,16,user,31,0,GPU-Node-38,100,418
2026-01-08 17:38:00,GPU,Low,68,2,14,user,21,1,GPU-Node-37,89,400
2026-01-08 17:40:00,CPU,Medium,69,11,8,user,34,1,CPU-Node-42,92,320
2026-01-08 17:42:00,CPU,High,78,7,16,user,30,0,CPU-Node-12,100,439
2026-01-08 17:44:00,GPU,Medium,84,1,15,user,10,1,GPU-Node-35,100,450
2026-01-08 17:46:00,GPU,High,74,1,13,user,30,1,GPU-Node-41,100,424
2026-01-08 17:48:00,CPU,Low,67,6,15,user,14,1,CPU-Node-42,88,389
2026-01-08 17:50:00,GPU,High,67,0,9,user,21,0,GPU-Node-19,84,302
2026-01-08 17:52:00,GPU,Medium,57,2,13,user,37,1,GPU-Node-50,78,349
2026-01-08 17:54:00,CPU,Low,72,9,14,user,28,1,CPU-Node-14,100,410
2026-01-08 17:56:00,CPU,Low,61,4,11,user,13,1,CPU-Node-49,85,311
2026-01-08 17:58:00,GPU,Low,89,0,18,user,30,0,GPU-Node-45,100,498
2026-01-08 18:00:00,CPU,High,65,7,11,user,11,1,CPU-Node-26,82,335
2026-01-08 18:02:00,CPU,Low,72,8,16,user,37,0,CPU-Node-22,98,455
2026-01-08 18:04:00,GPU,High,75,2,20,user,34,0,GPU-Node-21,100,484
2026-01-08 18:06:00,CPU,Low,59,6,10,user,32,1,CPU-Node-20,83,332
2026-01-08 18:08:00,CPU,Low,61,6,12,user,31,1,CPU-Node-32,83,355
2026-01-08 18:10:00,GPU,High,65,1,17,user,43,0,GPU-Node-8,91,433
2026-01-08 18:12:00,GPU,Medium,83,1,16,admin,32,0,GPU-Node-46,100,483
2026-01-08 18:14:00,GPU,Medium,85,2,16,user,25,0,GPU-Node-27,100,444
2026-01-08 18:16:00,CPU,Medium,80,8,17,user,31,0,CPU-Node-47,100,480
2026-01-08 18:18:00,CPU,High,77,8,12,user,29,1,CPU-Node-44,97,377
2026-01-08 18:20:00,GPU,Low,76,2,13,user,28,1,GPU-Node-29,100,407
2026-01-08 18:22:00,GPU,Medium,78,1,11,user,30,1,GPU-Node-11,92,378
2026-01-08 18:24:00,CPU,Medium,92,10,20,user,24,0,CPU-Node-28,100,531
2026-01-08 18:26:00,GPU,Medium,85,0,21,admin,32,0,GPU-Node-6,100,507
2026-01-08 18:28:00,CPU,Medium,76,12,15,admin,32,1,CPU-Node-27,100,436
2026-01-08 18:30:00,CPU,Medium,55,10,13,user,23,1,CPU-Node-8,82,351
2026-01-08 18:32:00,GPU,High,81,3,16,user,36,0,GPU-Node-9,100,444
2026-01-08 18:34:00,CPU,Medium,62,12,14,user,34,1,CPU-Node-44,94,358
2026-01-08 18:36:00,GPU,High,66,1,12,user,20,1,GPU-Node-38,89,362
2026-01-08 18:38:00,CPU,High,76,6,14,user,35,1,CPU-Node-11,100,423
2026-01-08 18:40:00,GPU,High,71,2,18,user,30,0,GPU-Node-21,100,476
2026-01-08 18:42:00,GPU,High,92,2,13,user,36,1,GPU-Node-35,100,426
2026-01-08 18:44:00,CPU,Medium,63,7,8,user,19,1,CPU-Node-49,77,297
2026-01-08 18:46:00,GPU,Low,86,0,14,user,13,0,GPU-Node-21,100,414
2026-01-08 18:48:00,CPU,High,73,10,12,user,26,1,CPU-Node-36,94,337
2026-01-08 18:50:00,CPU,Low,79,5,17,user,34,0,CPU-Node-24,100,434
2026-01-08 18:52:00,CPU,Low,80,7,17,user,20,0,CPU-Node-14,100,402
2026-01-08 18:54:00,GPU,Low,85,0,14,user,30,0,GPU-Node-45,100,431
2026-01-08 18:56:00,CPU,High,87,9,16,user,42,0,CPU-Node-30,100,478
2026-01-08 18:58:00,GPU,Medium,66,1,11,user,32,1,GPU-Node-38,99,365
2026-01-08 19:00:00,GPU,Medium,35,1,3,user,48,1,GPU-Node-49,39,127
2026-01-08 19:02:00,CPU,Low,28,3,3,user,14,1,CPU-Node-39,36,145
2026-01-08 19:04:00,CPU,Medium,44,8,5,user,33,1,CPU-Node-31,47,236
2026-01-08 19:06:00,CPU,Low,42,4,16,user,43,0,CPU-Node-13,78,404
2026-01-08 19:08:00,CPU,Low,38,11,6,user,33,1,CPU-Node-41,46,229
2026-01-08 19:10:00,GPU,Medium,27,2,4,user,23,1,GPU-Node-11,32,159
2026-01-08 19:12:00,CPU,Low,22,9,4,user,43,1,CPU-Node-28,23,175
2026-01-08 19:14:00,CPU,Low,36,8,5,user,29,1,CPU-Node-10,51,141
2026-01-08 19:16:00,CPU,Medium,18,7,5,user,26,1,CPU-Node-16,26,138
2026-01-08 19:18:00,CPU,Medium,30,5,5,user,35,1,CPU-Node-13,43,200
2026-01-08 19:20:00,CPU,Medium,38,11,5,user,36,1,CPU-Node-28,47,174
2026-01-08 19:22:00,CPU,Medium,41,4,12,user,46,1,CPU-Node-38,70,278
2026-01-08 19:24:00,CPU,Medium,35,9,5,user,48,1,CPU-Node-17,43,181
2026-01-08 19:26:00,CPU,High,25,4,8,user,27,1,CPU-Node-24,43,265
2026-01-08 19:28:00,CPU,Medium,41,5,9,user,21,1,CPU-Node-16,62,212
2026-01-08 19:30:00,GPU,Low,32,1,3,admin,33,1,GPU-Node-15,45,175
2026-01-08 19:32:00,CPU,Low,35,4,13,user,40,1,CPU-Node-24,59,364
2026-01-08 19:34:00,GPU,Low,26,1,6,admin,36,1,GPU-Node-2,38,244
2026-01-08 19:36:00,GPU,Medium,24,2,2,user,23,1,GPU-Node-12,36,151
2026-01-08 19:38:00,CPU,Low,45,9,10,user,35,1,CPU-Node-13,67,298
2026-01-08 19:40:00,GPU,Medium,50,2,8,user,6,1,GPU-Node-20,65,268
2026-01-08 19:42:00,CPU,High,46,12,12,user,30,1,CPU-Node-23,65,314
2026-01-08 19:44:00,CPU,Medium,35,5,7,user,33,1,CPU-Node-21,44,223
2026-01-08 19:46:00,CPU,High,16,8,0,user,32,1,CPU-Node-4,20,108
2026-01-08 19:48:00,GPU,High,41,2,0,user,31,1,GPU-Node-45,40,149
2026-01-08 19:50:00,CPU,Medium,19,7,0,admin,21,1,CPU-Node-8,9,102
2026-01-08 19:52:00,GPU,Medium,22,0,0,user,24,0,GPU-Node-10,13,87
2026-01-08 19:54:00,GPU,Low,37,1,16,user,18,0,GPU-Node-33,66,342
2026-01-08 19:56:00,CPU,Low,21,7,8,admin,22,1,CPU-Node-37,42,235
2026-01-08 19:58:00,CPU,Medium,35,4,7,user,22,1,CPU-Node-15,58,219
2026-01-08 20:00:00,CPU,Low,34,2,6,admin,25,1,CPU-Node-34,57,203
2026-01-08 20:02:00,CPU,Medium,28,9,8,admin,42,1,CPU-Node-28,49,236
2026-01-08 20:04:00,GPU,Medium,35,0,7,user,28,0,GPU-Node-28,43,211
2026-01-08 20:06:00,CPU,Low,51,12,9,user,40,1,CPU-Node-33,63,306
2026-01-08 20:08:00,GPU,Low,35,1,9,user,19,1,GPU-Node-6,56,276
2026-01-08 20:10:00,GPU,Medium,39,2,9,user,31,1,GPU-Node-2,69,226
2026-01-08 20:12:00,GPU,Low,34,1,9,user,28,1,GPU-Node-12,45,262
2026-01-08 20:14:00,CPU,Low,40,8,6,user,29,1,CPU-Node-32,52,238
2026-01-08 20:16:00,GPU,Medium,32,1,3,admin,32,1,GPU-Node-41,23,113
2026-01-08 20:18:00,CPU,Medium,39,7,3,user,28,1,CPU-Node-32,47,184
2026-01-08 20:20:00,CPU,Low,43,5,14,user,30,1,CPU-Node-7,82,345
2026-01-08 20:22:00,CPU,Low,32,7,5,user,13,1,CPU-Node-28,42,207
2026-01-08 20:24:00,CPU,High,32,2,7,user,24,1,CPU-Node-34,53,250
2026-01-08 20:26:00,CPU,High,24,6,7,user,51,1,CPU-Node-45,40,190
2026-01-08 20:28:00,CPU,High,57,9,13,admin,35,1,CPU-Node-34,86,368
2026-01-08 20:30:00,GPU,Medium,26,1,6,user,33,1,GPU-Node-8,40,189
2026-01-08 20:32:00,CPU,High,33,2,7,user,36,1,CPU-Node-46,52,254
2026-01-08 20:34:00,CPU,Medium,39,10,10,user,31,1,CPU-Node-29,56,277
2026-01-08 20:36:00,GPU,Low,32,3,6,user,20,1,GPU-Node-30,48,218
2026-01-08 20:38:00,CPU,Medium,30,7,7,user,36,1,CPU-Node-26,44,239
2026-01-08 20:40:00,CPU,High,37,8,6,user,21,1,CPU-Node-10,54,209
2026-01-08 20:42:00,CPU,High,31,11,11,user,29,1,CPU-Node-35,56,277
2026-01-08 20:44:00,GPU,Low,38,2,3,user,28,1,GPU-Node-34,44,165
2026-01-08 20:46:00,CPU,Low,28,9,8,user,32,1,CPU-Node-3,36,232
2026-01-08 20:48:00,CPU,High,47,6,12,user,49,1,CPU-Node-26,71,335
2026-01-08 20:50:00,CPU,Low,49,8,16,user,55,0,CPU-Node-12,80,386
2026-01-08 20:52:00,CPU,Low,16,7,2,user,33,1,CPU-Node-5,24,93
2026-01-08 20:54:00,CPU,Low,32,9,5,user,44,1,CPU-Node-42,45,179
2026-01-08 20:56:00,GPU,High,30,3,4,user,16,1,GPU-Node-16,30,169
2026-01-08 20:58:00,CPU,Low,37,12,4,user,39,1,CPU-Node-36,47,167
2026-01-08 21:00:00,CPU,High,38,7,5,user,32,1,CPU-Node-33,55,173
2026-01-08 21:02:00,GPU,Medium,52,1,14,user,25,1,GPU-Node-8,81,352
2026-01-08 21:04:00,GPU,Low,57,2,6,user,19,1,GPU-Node-29,68,207
2026-01-08 21:06:00,CPU,Low,40,11,7,user,13,1,CPU-Node-36,49,232
2026-01-08 21:08:00,GPU,Low,34,0,8,user,47,0,GPU-Node-10,49,255
2026-01-08 21:10:00,CPU,High,45,13,7,user,26,1,CPU-Node-29,53,255
2026-01-08 21:12:00,CPU,Low,32,8,4,user,32,1,CPU-Node-50,44,219
2026-01-08 21:14:00,CPU,Medium,26,4,7,user,24,1,CPU-Node-26,46,248
2026-01-08 21:16:00,CPU,High,44,2,7,user,30,1,CPU-Node-25,55,241
2026-01-08 21:18:00,GPU,Medium,30,0,5,user,29,0,GPU-Node-33,40,186
2026-01-08 21:20:00,CPU,Low,42,8,15,admin,48,1,CPU-Node-40,67,359
2026-01-08 21:22:00,CPU,Medium,31,8,10,user,48,1,CPU-Node-2,53,267
2026-01-08 21:24:00,CPU,Medium,23,9,3,user,30,1,CPU-Node-35,27,158
2026-01-08 21:26:00,CPU,High,23,6,2,user,14,1,CPU-Node-33,16,101
2026-01-08 21:28:00,CPU,Medium,17,10,5,user,21,1,CPU-Node-7,31,182
2026-01-08 21:30:00,CPU,Low,21,4,8,user,35,1,CPU-Node-42,42,197
2026-01-08 21:32:00,CPU,Low,36,8,12,user,39,1,CPU-Node-38,58,291
2026-01-08 21:34:00,GPU,Medium,36,2,11,user,50,1,GPU-Node-45,57,287
2026-01-08 21:36:00,GPU,High,35,1,4,user,37,1,GPU-Node-19,48,220
2026-01-08 21:38:00,GPU,Medium,39,2,6,admin,33,1,GPU-Node-46,51,245
2026-01-08 21:40:00,CPU,Medium,23,6,9,user,21,1,CPU-Node-11,51,235
2026-01-08 21:42:00,GPU,Medium,19,1,11,admin,16,1,GPU-Node-6,33,246
2026-01-08 21:44:00,CPU,High,19,1,0,user,43,1,CPU-Node-2,21,93
2026-01-08 21:46:00,CPU,High,51,10,9,user,34,1,CPU-Node-40,78,286
2026-01-08 21:48:00,CPU,Low,32,10,8,user,38,1,CPU-Node-19,44,256
2026-01-08 21:50:00,CPU,High,46,9,13,user,36,1,CPU-Node-30,66,333
2026-01-08 21:52:00,GPU,High,32,1,4,user,23,1,GPU-Node-50,41,188
2026-01-08 21:54:00,GPU,Medium,20,1,2,user,29,1,GPU-Node-5,21,106
2026-01-08 21:56:00,GPU,Medium,29,2,0,user,42,1,GPU-Node-30,26,112
2026-01-08 21:58:00,CPU,Medium,26,11,10,user,8,1,CPU-Node-29,51,239
2026-01-08 22:00:00,GPU,High,35,0,3,user,31,0,GPU-Node-9,42,165
2026-01-08 22:02:00,CPU,Medium,33,8,5,admin,35,1,CPU-Node-33,39,209
2026-01-08 22:04:00,GPU,High,32,4,11,user,22,1,GPU-Node-4,58,295
2026-01-08 22:06:00,GPU,Medium,41,2,8,user,25,1,GPU-Node-29,55,235
2026-01-08 22:08:00,CPU,High,36,9,8,user,34,1,CPU-Node-14,56,267
2026-01-08 22:10:00,GPU,Medium,31,3,10,admin,30,1,GPU-Node-3,49,251
2026-01-08 22:12:00,GPU,High,31,2,4,user,39,1,GPU-Node-6,39,146
2026-01-08 22:14:00,CPU,Low,29,2,12,user,27,1,CPU-Node-4,55,271
2026-01-08 22:16:00,GPU,High,51,1,10,admin,24,1,GPU-Node-32,68,270
2026-01-08 22:18:00,GPU,Medium,34,0,12,user,29,0,GPU-Node-47,59,263
2026-01-08 22:20:00,CPU,High,30,1,5,user,33,1,CPU-Node-1,41,214
2026-01-08 22:22:00,CPU,Medium,25,4,7,user,33,1,CPU-Node-47,31,203
2026-01-08 22:24:00,CPU,Low,25,5,0,user,27,1,CPU-Node-28,23,113
2026-01-08 22:26:00,GPU,Low,30,1,6,user,33,1,GPU-Node-27,43,218
2026-01-08 22:28:00,CPU,Low,27,11,4,user,38,1,CPU-Node-29,36,182
2026-01-08 22:30:00,GPU,Low,26,4,7,user,27,1,GPU-Node-26,38,193
2026-01-08 22:32:00,CPU,Low,41,6,9,user,35,1,CPU-Node-35,70,274
2026-01-08 22:34:00,CPU,Low,29,4,0,user,30,1,CPU-Node-32,32,101
2026-01-08 22:36:00,CPU,Medium,28,6,5,admin,37,1,CPU-Node-11,43,188
2026-01-08 22:38:00,GPU,High,43,2,5,user,45,1,GPU-Node-1,48,204
2026-01-08 22:40:00,CPU,Low,31,5,9,admin,10,1,CPU-Node-29,49,227
2026-01-08 22:42:00,GPU,Low,33,2,8,admin,10,1,GPU-Node-27,44,241
2026-01-08 22:44:00,GPU,Medium,42,2,8,user,20,1,GPU-Node-8,56,266
2026-01-08 22:46:00,GPU,Medium,48,2,9,user,42,1,GPU-Node-27,58,295
2026-01-08 22:48:00,CPU,High,26,11,7,admin,14,1,CPU-Node-21,45,196
2026-01-08 22:50:00,CPU,Low,28,10,6,user,20,1,CPU-Node-18,36,162
2026-01-08 22:52:00,CPU,Low,28,5,6,user,28,1,CPU-Node-13,42,175
2026-01-08 22:54:00,CPU,Medium,29,8,6,admin,35,1,CPU-Node-3,51,179
2026-01-08 22:56:00,GPU,High,42,2,3,user,5,1,GPU-Node-26,47,174
2026-01-08 22:58:00,GPU,High,45,2,3,user,37,1,GPU-Node-1,50,155
2026-01-08 23:00:00,CPU,Medium,26,7,3,user,48,1,CPU-Node-40,31,161
2026-01-08 23:02:00,CPU,Low,27,5,2,user,30,1,CPU-Node-16,24,134
2026-01-08 23:04:00,GPU,Medium,41,1,5,admin,24,1,GPU-Node-40,58,234
2026-01-08 23:06:00,CPU,Medium,39,6,12,user,17,1,CPU-Node-17,66,349
2026-01-08 23:08:00,CPU,Medium,35,6,8,user,22,1,CPU-Node-3,48,233
2026-01-08 23:10:00,CPU,Low,35,10,6,user,36,1,CPU-Node-2,43,239
2026-01-08 23:12:00,CPU,High,17,7,2,user,26,1,CPU-Node-50,26,118
2026-01-08 23:14:00,GPU,Medium,34,3,0,user,26,1,GPU-Node-34,45,90
2026-01-08 23:16:00,CPU,Low,37,4,12,user,28,1,CPU-Node-48,63,294
2026-01-08 23:18:00,CPU,High,37,11,3,user,32,1,CPU-Node-22,47,147
2026-01-08 23:20:00,GPU,Medium,46,2,7,admin,25,1,GPU-Node-38,65,233
2026-01-08 23:22:00,CPU,Medium,41,7,10,user,27,1,CPU-Node-20,60,283
2026-01-08 23:24:00,CPU,High,36,4,13,user,34,1,CPU-Node-14,52,316
2026-01-08 23:26:00,CPU,High,45,7,7,user,43,1,CPU-Node-9,61,237
2026-01-08 23:28:00,CPU,Medium,44,7,8,user,26,1,CPU-Node-15,55,235
2026-01-08 23:30:00,CPU,Low,24,5,4,user,24,1,CPU-Node-47,32,159
2026-01-08 23:32:00,CPU,Medium,38,5,9,user,31,1,CPU-Node-6,54,242
2026-01-08 23:34:00,GPU,High,42,0,6,user,26,0,GPU-Node-37,49,183
2026-01-08 23:36:00,GPU,High,32,0,4,user,18,0,GPU-Node-29,41,194
2026-01-08 23:38:00,GPU,High,49,0,11,admin,26,0,GPU-Node-31,76,302
2026-01-08 23:40:00,CPU,High,29,12,8,user,43,1,CPU-Node-28,41,254
2026-01-08 23:42:00,GPU,High,43,1,9,user,20,1,GPU-Node-27,48,246
2026-01-08 23:44:00,GPU,Medium,25,1,5,user,25,1,GPU-Node-30,33,146
2026-01-08 23:46:00,CPU,Low,52,11,3,user,26,1,CPU-Node-44,63,205
2026-01-08 23:48:00,CPU,High,24,7,3,user,30,1,CPU-Node-7,34,162
2026-01-08 23:50:00,CPU,Medium,33,5,2,user,7,1,CPU-Node-40,35,136
2026-01-08 23:52:00,CPU,Medium,33,10,8,user,30,1,CPU-Node-7,50,250
2026-01-08 23:54:00,CPU,Low,26,13,1,user,24,1,CPU-Node-1,39,120
2026-01-08 23:56:00,GPU,Low,26,0,1,user,39,0,GPU-Node-18,28,92
2026-01-08 23:58:00,GPU,Low,22,1,5,user,29,1,GPU-Node-25,38,178
2026-01-09 00:00:00,CPU,Low,38,7,5,user,26,1,CPU-Node-28,46,208
2026-01-09 00:02:00,GPU,Low,36,0,8,user,27,0,GPU-Node-28,55,252
2026-01-09 00:04:00,CPU,Medium,16,8,6,user,39,1,CPU-Node-8,21,167
2026-01-09 00:06:00,CPU,Low,48,9,7,user,25,1,CPU-Node-30,65,233
2026-01-09 00:08:00,CPU,High,34,6,7,user,25,1,CPU-Node-6,48,219
2026-01-09 00:10:00,CPU,Low,44,8,12,user,18,1,CPU-Node-37,62,334
2026-01-09 00:12:00,CPU,Low,36,6,7,user,41,1,CPU-Node-17,52,214
2026-01-09 00:14:00,CPU,High,28,5,5,user,49,1,CPU-Node-50,29,205
2026-01-09 00:16:00,GPU,Medium,41,2,4,user,41,1,GPU-Node-22,51,199
2026-01-09 00:18:00,CPU,High,28,10,2,admin,21,1,CPU-Node-26,30,81
2026-01-09 00:20:00,GPU,High,21,1,5,user,29,1,GPU-Node-43,29,169
2026-01-09 00:22:00,GPU,Medium,48,2,10,user,30,1,GPU-Node-11,66,325
2026-01-09 00:24:00,GPU,Medium,21,3,5,user,26,1,GPU-Node-29,39,182
2026-01-09 00:26:00,CPU,Medium,10,9,8,user,28,1,CPU-Node-3,30,176
2026-01-09 00:28:00,CPU,High,33,7,2,user,19,1,CPU-Node-38,40,116
2026-01-09 00:30:00,GPU,Medium,41,2,5,user,26,1,GPU-Node-45,49,226
2026-01-09 00:32:00,CPU,Low,35,13,8,user,26,1,CPU-Node-3,54,263
2026-01-09 00:34:00,GPU,Low,34,1,4,admin,30,1,GPU-Node-34,48,204
2026-01-09 00:36:00,GPU,High,18,1,5,user,38,1,GPU-Node-7,34,184
2026-01-09 00:38:00,GPU,Low,35,3,4,user,33,1,GPU-Node-43,45,186
2026-01-09 00:40:00,CPU,Medium,39,6,6,user,34,1,CPU-Node-39,50,220
2026-01-09 00:42:00,CPU,Medium,25,7,8,user,21,1,CPU-Node-22,44,236
2026-01-09 00:44:00,GPU,Medium,33,2,8,user,39,1,GPU-Node-49,50,230
2026-01-09 00:46:00,CPU,High,34,7,6,user,34,1,CPU-Node-21,39,236
2026-01-09 00:48:00,GPU,High,43,1,7,user,25,1,GPU-Node-41,64,218
2026-01-09 00:50:00,GPU,Low,25,1,3,user,21,1,GPU-Node-2,32,145
2026-01-09 00:52:00,GPU,Low,41,1,0,admin,27,1,GPU-Node-50,44,134
2026-01-09 00:54:00,CPU,High,23,3,0,admin,44,1,CPU-Node-26,25,92
2026-01-09 00:56:00,GPU,High,32,1,2,user,16,1,GPU-Node-25,37,146
2026-01-09 00:58:00,CPU,Low,39,6,10,user,30,1,CPU-Node-50,64,273
2026-01-09 01:00:00,CPU,Low,45,5,11,user,26,1,CPU-Node-26,69,307
2026-01-09 01:02:00,CPU,Low,29,9,5,user,29,1,CPU-Node-36,38,164
2026-01-09 01:04:00,GPU,Low,33,1,7,user,20,1,GPU-Node-39,42,208
2026-01-09 01:06:00,GPU,Medium,29,0,6,user,36,0,GPU-Node-42,39,190
2026-01-09 01:08:00,CPU,Medium,27,11,0,admin,43,1,CPU-Node-33,32,96
2026-01-09 01:10:00,CPU,High,40,5,7,user,42,1,CPU-Node-31,59,242
2026-01-09 01:12:00,GPU,Medium,34,3,5,user,49,1,GPU-Node-26,39,193
2026-01-09 01:14:00,GPU,Medium,28,2,6,admin,21,1,GPU-Node-27,42,208
2026-01-09 01:16:00,CPU,Medium,25,12,7,user,18,1,CPU-Node-30,39,205
2026-01-09 01:18:00,GPU,High,28,1,7,user,21,1,GPU-Node-45,43,203
2026-01-09 01:20:00,GPU,High,34,2,12,user,53,1,GPU-Node-3,59,318
2026-01-09 01:22:00,CPU,Medium,33,6,15,user,24,1,CPU-Node-49,61,355
2026-01-09 01:24:00,GPU,Low,33,3,4,admin,31,1,GPU-Node-39,39,162
2026-01-09 01:26:00,GPU,High,34,2,8,user,31,1,GPU-Node-13,47,230
2026-01-09 01:28:00,GPU,High,37,2,8,user,29,1,GPU-Node-8,52,225
2026-01-09 01:30:00,CPU,Medium,26,10,6,user,30,1,CPU-Node-38,46,172
2026-01-09 01:32:00,CPU,Low,23,10,1,user,21,1,CPU-Node-13,28,99
2026-01-09 01:34:00,CPU,High,46,6,10,user,21,1,CPU-Node-38,70,334
2026-01-09 01:36:00,GPU,High,26,2,7,user,42,1,GPU-Node-13,42,245
2026-01-09 01:38:00,GPU,Medium,36,4,6,user,24,1,GPU-Node-18,44,211
2026-01-09 01:40:00,CPU,High,55,2,6,user,46,1,CPU-Node-22,69,266
2026-01-09 01:42:00,GPU,High,23,2,0,user,27,1,GPU-Node-27,25,50
2026-01-09 01:44:00,GPU,Medium,51,1,10,user,39,1,GPU-Node-27,70,311
2026-01-09 01:46:00,GPU,Low,27,3,0,admin,42,1,GPU-Node-46,22,52
2026-01-09 01:48:00,CPU,High,45,8,10,user,31,1,CPU-Node-4,60,265
2026-01-09 01:50:00,CPU,High,43,9,8,user,23,1,CPU-Node-39,61,273
2026-01-09 01:52:00,GPU,Medium,35,2,5,user,37,1,GPU-Node-32,48,191
2026-01-09 01:54:00,CPU,Medium,33,9,12,user,27,1,CPU-Node-31,51,273
2026-01-09 01:56:00,CPU,High,23,7,6,user,41,1,CPU-Node-49,32,176
2026-01-09 01:58:00,CPU,High,34,9,4,user,19,1,CPU-Node-12,41,194
2026-01-09 02:00:00,CPU,Medium,21,8,0,user,27,1,CPU-Node-5,13,104
2026-01-09 02:02:00,GPU,Low,35,3,10,user,23,1,GPU-Node-28,62,276
2026-01-09 02:04:00,GPU,Low,26,2,7,user,21,1,GPU-Node-28,43,237
2026-01-09 02:06:00,GPU,Low,32,1,13,user,27,1,GPU-Node-3,62,307
2026-01-09 02:08:00,GPU,Low,44,1,11,admin,41,1,GPU-Node-42,60,282
2026-01-09 02:10:00,CPU,High,38,12,7,user,23,1,CPU-Node-1,42,267
2026-01-09 02:12:00,CPU,Low,42,8,0,user,10,1,CPU-Node-29,42,158
2026-01-09 02:14:00,CPU,Medium,35,1,7,admin,16,1,CPU-Node-15,45,252
2026-01-09 02:16:00,GPU,Medium,49,3,6,user,34,1,GPU-Node-8,55,236
2026-01-09 02:18:00,GPU,High,39,0,6,user,35,0,GPU-Node-38,53,213
2026-01-09 02:20:00,CPU,Medium,39,10,4,user,32,1,CPU-Node-8,41,177
2026-01-09 02:22:00,GPU,Low,31,1,4,user,39,1,GPU-Node-7,34,184
2026-01-09 02:24:00,CPU,Medium,33,8,2,user,21,1,CPU-Node-13,40,104
2026-01-09 02:26:00,CPU,Medium,14,15,5,user,43,1,CPU-Node-25,19,141
2026-01-09 02:28:00,GPU,High,38,0,10,user,21,0,GPU-Node-39,64,255
2026-01-09 02:30:00,GPU,Medium,46,1,9,user,27,1,GPU-Node-48,60,276
2026-01-09 02:32:00,GPU,High,26,1,5,user,39,1,GPU-Node-10,29,161
2026-01-09 02:34:00,GPU,Medium,25,3,0,user,31,1,GPU-Node-36,24,92
2026-01-09 02:36:00,CPU,Medium,41,9,8,admin,32,1,CPU-Node-20,65,240
2026-01-09 02:38:00,CPU,High,52,10,13,admin,8,1,CPU-Node-10,80,319
2026-01-09 02:40:00,CPU,Low,45,9,8,user,30,1,CPU-Node-19,62,278
2026-01-09 02:42:00,GPU,Medium,40,2,8,user,14,1,GPU-Node-4,54,240
2026-01-09 02:44:00,CPU,Medium,41,10,11,user,21,1,CPU-Node-21,63,264
2026-01-09 02:46:00,CPU,Medium,47,12,11,user,20,1,CPU-Node-30,77,283
2026-01-09 02:48:00,CPU,Low,47,6,11,user,29,1,CPU-Node-31,70,340
2026-01-09 02:50:00,CPU,Low,40,6,10,user,46,1,CPU-Node-35,61,254
2026-01-09 02:52:00,CPU,High,48,8,11,user,60,1,CPU-Node-23,69,302
2026-01-09 02:54:00,CPU,Medium,32,6,3,user,29,1,CPU-Node-22,41,150
2026-01-09 02:56:00,CPU,High,30,3,2,user,39,1,CPU-Node-9,36,123
2026-01-09 02:58:00,CPU,Medium,30,10,7,user,27,1,CPU-Node-25,38,210
2026-01-09 03:00:00,GPU,Low,44,3,7,admin,31,1,GPU-Node-5,49,261
2026-01-09 03:02:00,GPU,Low,32,2,0,user,31,1,GPU-Node-9,20,113
2026-01-09 03:04:00,CPU,High,55,7,9,user,21,1,CPU-Node-8,74,315
2026-01-09 03:06:00,GPU,Low,36,1,6,user,26,1,GPU-Node-1,49,207
2026-01-09 03:08:00,GPU,Medium,31,1,4,user,26,1,GPU-Node-20,43,190
2026-01-09 03:10:00,CPU,High,25,8,2,user,26,1,CPU-Node-39,28,130
2026-01-09 03:12:00,GPU,Medium,46,1,15,user,35,1,GPU-Node-50,81,364
2026-01-09 03:14:00,CPU,High,36,10,7,user,48,1,CPU-Node-22,53,256
2026-01-09 03:16:00,CPU,High,33,8,7,admin,27,1,CPU-Node-26,44,217
2026-01-09 03:18:00,CPU,Medium,45,11,6,admin,28,1,CPU-Node-49,59,239
2026-01-09 03:20:00,CPU,Low,29,5,5,admin,20,1,CPU-Node-3,39,201
2026-01-09 03:22:00,GPU,Medium,42,2,6,user,39,1,GPU-Node-33,49,229
2026-01-09 03:24:00,CPU,Medium,33,12,6,user,22,1,CPU-Node-5,40,239
2026-01-09 03:26:00,GPU,Medium,23,3,4,user,41,1,GPU-Node-49,34,139
2026-01-09 03:28:00,GPU,High,46,2,11,user,20,1,GPU-Node-46,66,306
2026-01-09 03:30:00,CPU,Medium,46,10,7,admin,30,1,CPU-Node-47,52,252
2026-01-09 03:32:00,CPU,Medium,23,5,0,user,29,1,CPU-Node-10,22,74
2026-01-09 03:34:00,GPU,Low,39,1,4,user,42,1,GPU-Node-10,49,190
2026-01-09 03:36:00,CPU,Medium,24,10,0,user,27,1,CPU-Node-12,21,97
2026-01-09 03:38:00,CPU,High,23,5,8,user,42,1,CPU-Node-4,48,236
2026-01-09 03:40:00,GPU,High,35,2,4,admin,28,1,GPU-Node-13,40,165
2026-01-09 03:42:00,CPU,Medium,36,4,6,user,36,1,CPU-Node-43,44,225
2026-01-09 03:44:00,CPU,High,20,10,3,user,32,1,CPU-Node-24,18,91
2026-01-09 03:46:00,CPU,Medium,36,6,10,user,28,1,CPU-Node-44,47,230
2026-01-09 03:48:00,GPU,Low,35,2,12,user,43,1,GPU-Node-30,53,321
2026-01-09 03:50:00,CPU,Low,34,10,2,user,18,1,CPU-Node-12,43,164
2026-01-09 03:52:00,CPU,Low,31,3,5,user,25,1,CPU-Node-50,50,172
2026-01-09 03:54:00,CPU,Medium,18,4,2,user,24,1,CPU-Node-25,17,95
2026-01-09 03:56:00,CPU,High,44,4,7,user,38,1,CPU-Node-3,68,228
2026-01-09 03:58:00,GPU,Low,23,1,3,user,26,1,GPU-Node-4,25,145
2026-01-09 04:00:00,CPU,Medium,30,6,6,user,42,1,CPU-Node-25,40,202
2026-01-09 04:02:00,CPU,Medium,40,6,9,user,37,1,CPU-Node-7,47,302
2026-01-09 04:04:00,CPU,High,21,7,7,user,42,1,CPU-Node-22,32,226
2026-01-09 04:06:00,CPU,Medium,36,7,4,user,21,1,CPU-Node-23,40,171
2026-01-09 04:08:00,GPU,Low,37,2,8,admin,41,1,GPU-Node-21,53,246
2026-01-09 04:10:00,GPU,High,48,0,13,user,29,0,GPU-Node-22,75,335
2026-01-09 04:12:00,GPU,Low,36,1,8,user,21,1,GPU-Node-37,59,256
2026-01-09 04:14:00,CPU,High,24,10,3,user,33,1,CPU-Node-8,31,148
2026-01-09 04:16:00,CPU,High,31,8,4,user,27,1,CPU-Node-50,50,192
2026-01-09 04:18:00,CPU,Low,34,15,6,user,41,1,CPU-Node-35,47,210
2026-01-09 04:20:00,GPU,High,34,1,4,user,30,1,GPU-Node-20,36,166
2026-01-09 04:22:00,GPU,High,16,1,0,user,36,1,GPU-Node-43,12,109
2026-01-09 04:24:00,GPU,Medium,43,4,9,user,23,1,GPU-Node-14,55,276
2026-01-09 04:26:00,CPU,High,47,5,10,user,37,1,CPU-Node-11,66,310
2026-01-09 04:28:00,CPU,High,32,4,9,user,30,1,CPU-Node-26,53,253
2026-01-09 04:30:00,CPU,Medium,31,7,5,admin,37,1,CPU-Node-32,54,204
2026-01-09 04:32:00,CPU,High,20,5,2,user,42,1,CPU-Node-1,17,112
2026-01-09 04:34:00,CPU,Low,30,10,11,user,40,1,CPU-Node-38,47,294
2026-01-09 04:36:00,CPU,High,23,1,7,user,18,1,CPU-Node-5,41,205
2026-01-09 04:38:00,CPU,Low,19,9,0,user,45,1,CPU-Node-20,13,77
2026-01-09 04:40:00,CPU,Low,10,6,2,user,33,1,CPU-Node-12,15,120
2026-01-09 04:42:00,CPU,Low,24,4,7,user,31,1,CPU-Node-8,39,223
2026-01-09 04:44:00,CPU,Low,47,11,8,user,22,1,CPU-Node-31,69,320
2026-01-09 04:46:00,CPU,Medium,42,10,9,user,37,1,CPU-Node-29,55,242
2026-01-09 04:48:00,GPU,Low,45,2,9,user,18,1,GPU-Node-28,59,290
2026-01-09 04:50:00,CPU,Medium,49,9,14,user,30,1,CPU-Node-26,80,344
2026-01-09 04:52:00,GPU,Low,31,0,8,user,11,0,GPU-Node-4,51,234
2026-01-09 04:54:00,CPU,Low,40,11,4,user,32,1,CPU-Node-32,46,206
2026-01-09 04:56:00,CPU,Medium,22,9,3,user,39,1,CPU-Node-16,30,144
2026-01-09 04:58:00,GPU,High,40,1,10,user,27,1,GPU-Node-20,55,290
2026-01-09 05:00:00,GPU,Medium,41,0,9,user,14,0,GPU-Node-17,50,264
2026-01-09 05:02:00,CPU,High,33,11,9,user,30,1,CPU-Node-2,40,261
2026-01-09 05:04:00,CPU,Medium,44,10,8,admin,17,1,CPU-Node-41,64,253
2026-01-09 05:06:00,CPU,Low,51,5,7,user,24,1,CPU-Node-33,62,252
2026-01-09 05:08:00,CPU,Low,27,9,5,user,22,1,CPU-Node-1,34,161
2026-01-09 05:10:00,CPU,High,22,10,4,user,33,1,CPU-Node-2,37,184
2026-01-09 05:12:00,GPU,Medium,22,2,7,user,40,1,GPU-Node-35,46,212
2026-01-09 05:14:00,CPU,Medium,36,11,8,user,32,1,CPU-Node-33,51,251
2026-01-09 05:16:00,GPU,Medium,28,3,5,user,36,1,GPU-Node-19,33,178
2026-01-09 05:18:00,GPU,Low,40,1,9,user,59,1,GPU-Node-48,62,253
2026-01-09 05:20:00,GPU,High,46,2,8,user,51,1,GPU-Node-16,70,268
2026-01-09 05:22:00,GPU,Medium,12,3,7,user,35,1,GPU-Node-15,32,177
2026-01-09 05:24:00,CPU,Low,33,5,7,admin,31,1,CPU-Node-33,40,165
2026-01-09 05:26:00,CPU,High,10,6,3,user,31,1,CPU-Node-16,13,121
2026-01-09 05:28:00,GPU,High,26,3,5,user,36,1,GPU-Node-8,39,211
2026-01-09 05:30:00,CPU,High,48,7,9,user,44,1,CPU-Node-32,66,289
2026-01-09 05:32:00,CPU,Medium,34,11,6,admin,9,1,CPU-Node-34,46,216
2026-01-09 05:34:00,CPU,Medium,31,7,8,user,29,1,CPU-Node-9,48,253
2026-01-09 05:36:00,CPU,Medium,30,10,6,admin,46,1,CPU-Node-43,42,234
2026-01-09 05:38:00,GPU,Medium,58,1,10,admin,24,1,GPU-Node-1,69,306
2026-01-09 05:40:00,CPU,High,36,3,5,user,31,1,CPU-Node-40,55,203
2026-01-09 05:42:00,CPU,Low,28,11,7,user,42,1,CPU-Node-34,47,210
2026-01-09 05:44:00,GPU,High,43,3,3,user,32,1,GPU-Node-45,53,194
2026-01-09 05:46:00,GPU,High,35,0,8,user,32,0,GPU-Node-11,57,230
2026-01-09 05:48:00,CPU,Medium,23,7,6,user,48,1,CPU-Node-4,38,204
2026-01-09 05:50:00,CPU,Medium,27,8,3,user,29,1,CPU-Node-44,24,130
2026-01-09 05:52:00,CPU,Low,41,6,10,admin,27,1,CPU-Node-38,61,298
2026-01-09 05:54:00,CPU,Low,45,8,9,admin,37,1,CPU-Node-47,69,260
2026-01-09 05:56:00,GPU,Low,49,0,8,admin,27,0,GPU-Node-16,62,291
2026-01-09 05:58:00,CPU,Low,28,5,6,user,40,1,CPU-Node-17,31,177
2026-01-09 06:00:00,GPU,Low,43,0,3,user,40,0,GPU-Node-19,38,185
2026-01-09 06:02:00,CPU,Low,46,3,6,user,21,1,CPU-Node-47,59,245
2026-01-09 06:04:00,CPU,High,45,12,7,user,51,1,CPU-Node-30,55,241
2026-01-09 06:06:00,GPU,Medium,29,1,7,user,9,1,GPU-Node-35,43,208
2026-01-09 06:08:00,CPU,High,30,10,1,user,6,1,CPU-Node-8,22,94
2026-01-09 06:10:00,CPU,Medium,23,11,2,user,27,1,CPU-Node-19,30,116
2026-01-09 06:12:00,GPU,Medium,35,2,4,admin,39,1,GPU-Node-11,40,179
2026-01-09 06:14:00,CPU,Medium,37,6,11,user,13,1,CPU-Node-26,49,297
2026-01-09 06:16:00,CPU,Medium,25,9,2,user,16,1,CPU-Node-18,26,157
2026-01-09 06:18:00,CPU,Low,36,9,9,user,40,1,CPU-Node-48,53,257
2026-01-09 06:20:00,CPU,High,42,7,13,user,24,1,CPU-Node-5,69,328
2026-01-09 06:22:00,GPU,High,37,2,8,user,20,1,GPU-Node-32,48,258
2026-01-09 06:24:00,CPU,Medium,37,7,5,user,32,1,CPU-Node-6,45,197
2026-01-09 06:26:00,GPU,Low,22,1,6,admin,28,1,GPU-Node-15,38,229
2026-01-09 06:28:00,CPU,Low,40,8,8,user,34,1,CPU-Node-9,59,288
2026-01-09 06:30:00,CPU,High,29,3,3,user,18,1,CPU-Node-23,43,159
2026-01-09 06:32:00,CPU,High,20,11,6,user,23,1,CPU-Node-13,27,194
2026-01-09 06:34:00,CPU,Low,30,4,8,user,41,1,CPU-Node-8,48,230
2026-01-09 06:36:00,CPU,Low,48,11,9,admin,34,1,CPU-Node-43,67,260
2026-01-09 06:38:00,CPU,Medium,37,4,7,user,28,1,CPU-Node-35,37,262
2026-01-09 06:40:00,CPU,Medium,47,2,11,user,22,1,CPU-Node-16,66,289
2026-01-09 06:42:00,CPU,Medium,42,6,8,user,20,1,CPU-Node-36,63,245
2026-01-09 06:44:00,GPU,Medium,29,1,4,user,24,1,GPU-Node-26,32,149
2026-01-09 06:46:00,CPU,High,43,8,10,user,28,1,CPU-Node-26,74,256
2026-01-09 06:48:00,GPU,Medium,32,1,6,user,45,1,GPU-Node-34,33,225
2026-01-09 06:50:00,CPU,Low,42,9,4,user,34,1,CPU-Node-42,56,178
2026-01-09 06:52:00,CPU,Medium,37,6,7,user,40,1,CPU-Node-26,46,236
2026-01-09 06:54:00,CPU,High,35,11,10,user,15,1,CPU-Node-27,56,233
2026-01-09 06:56:00,GPU,Low,33,2,3,user,13,1,GPU-Node-4,42,164
2026-01-09 06:58:00,GPU,Low,23,0,1,admin,28,0,GPU-Node-35,22,85
2026-01-09 07:00:00,GPU,Medium,40,2,10,user,36,1,GPU-Node-32,72,306
2026-01-09 07:02:00,GPU,High,53,0,8,admin,40,0,GPU-Node-16,68,261
2026-01-09 07:04:00,CPU,High,23,9,1,user,37,1,CPU-Node-50,26,123
2026-01-09 07:06:00,GPU,Low,20,0,8,user,15,0,GPU-Node-3,40,233
2026-01-09 07:08:00,GPU,Medium,35,0,10,admin,31,0,GPU-Node-6,53,277
2026-01-09 07:10:00,GPU,High,50,3,16,user,41,0,GPU-Node-47,91,405
2026-01-09 07:12:00,CPU,Medium,27,5,2,user,28,1,CPU-Node-9,29,129
2026-01-09 07:14:00,CPU,Medium,39,6,4,user,30,1,CPU-Node-41,48,182
2026-01-09 07:16:00,GPU,Medium,32,2,8,user,42,1,GPU-Node-40,46,260
2026-01-09 07:18:00,CPU,Medium,36,6,3,user,31,1,CPU-Node-23,48,141
2026-01-09 07:20:00,GPU,Low,12,2,4,user,37,1,GPU-Node-10,11,120
2026-01-09 07:22:00,GPU,High,42,0,7,user,32,0,GPU-Node-7,58,265
2026-01-09 07:24:00,GPU,High,55,3,15,admin,23,1,GPU-Node-20,96,388
2026-01-09 07:26:00,GPU,Low,24,0,9,admin,28,0,GPU-Node-45,40,247
2026-01-09 07:28:00,GPU,Low,33,2,5,user,33,1,GPU-Node-38,43,196
2026-01-09 07:30:00,CPU,High,33,4,2,user,17,1,CPU-Node-25,40,168
2026-01-09 07:32:00,CPU,High,39,3,6,user,29,1,CPU-Node-1,45,195
2026-01-09 07:34:00,GPU,Low,19,1,9,user,22,1,GPU-Node-6,27,211
2026-01-09 07:36:00,GPU,Low,38,1,5,user,26,1,GPU-Node-19,46,196
2026-01-09 07:38:00,CPU,Medium,37,3,6,user,20,1,CPU-Node-26,44,260
2026-01-09 07:40:00,CPU,Medium,48,1,11,user,32,1,CPU-Node-28,76,296
2026-01-09 07:42:00,GPU,High,42,1,7,admin,56,1,GPU-Node-14,52,261
2026-01-09 07:44:00,GPU,High,32,3,11,user,35,1,GPU-Node-48,55,286
2026-01-09 07:46:00,CPU,Medium,46,13,10,user,25,1,CPU-Node-22,66,264
2026-01-09 07:48:00,GPU,Medium,21,0,2,user,22,0,GPU-Node-11,17,122
2026-01-09 07:50:00,GPU,Low,37,2,4,user,16,1,GPU-Node-3,49,208
2026-01-09 07:52:00,GPU,Low,46,1,13,user,36,1,GPU-Node-32,71,379
2026-01-09 07:54:00,CPU,Medium,55,9,15,user,30,1,CPU-Node-6,80,387
2026-01-09 07:56:00,CPU,Medium,28,7,2,user,27,1,CPU-Node-32,32,113
2026-01-09 07:58:00,CPU,Low,28,10,2,user,22,1,CPU-Node-36,38,148
2026-01-09 08:00:00,GPU,Low,36,0,12,user,32,0,GPU-Node-32,62,302
2026-01-09 08:02:00,GPU,Low,31,2,1,user,8,1,GPU-Node-35,30,127
2026-01-09 08:04:00,CPU,Medium,42,6,10,user,10,1,CPU-Node-28,66,280
2026-01-09 08:06:00,CPU,Low,25,6,2,user,6,1,CPU-Node-30,20,104
2026-01-09 08:08:00,CPU,High,29,8,12,user,40,1,CPU-Node-19,48,292
2026-01-09 08:10:00,CPU,High,31,7,2,user,39,1,CPU-Node-3,36,136
2026-01-09 08:12:00,GPU,Medium,25,2,2,user,30,1,GPU-Node-3,24,127
2026-01-09 08:14:00,CPU,Low,43,8,11,user,5,1,CPU-Node-10,63,295
2026-01-09 08:16:00,CPU,High,47,10,6,user,36,1,CPU-Node-46,65,229
2026-01-09 08:18:00,CPU,Medium,25,5,4,user,6,1,CPU-Node-24,19,164
2026-01-09 08:20:00,CPU,Medium,31,5,6,user,41,1,CPU-Node-34,31,184
2026-01-09 08:22:00,CPU,High,44,5,9,admin,34,1,CPU-Node-12,59,286
2026-01-09 08:24:00,GPU,High,32,2,7,user,27,1,GPU-Node-32,49,179
2026-01-09 08:26:00,CPU,High,39,5,12,user,44,1,CPU-Node-40,67,321
2026-01-09 08:28:00,CPU,High,39,6,2,user,33,1,CPU-Node-50,34,162
2026-01-09 08:30:00,GPU,Medium,28,1,8,user,5,1,GPU-Node-21,38,223
2026-01-09 08:32:00,GPU,Medium,26,1,0,user,37,1,GPU-Node-36,35,125
2026-01-09 08:34:00,GPU,Low,36,3,1,user,25,1,GPU-Node-20,37,118
2026-01-09 08:36:00,CPU,High,23,10,5,user,33,1,CPU-Node-37,39,152
2026-01-09 08:38:00,CPU,Medium,24,1,3,user,22,1,CPU-Node-13,28,143
2026-01-09 08:40:00,GPU,Medium,27,2,7,user,25,1,GPU-Node-40,44,208
2026-01-09 08:42:00,GPU,Medium,33,2,11,user,31,1,GPU-Node-16,54,258
2026-01-09 08:44:00,CPU,Medium,24,11,4,user,39,1,CPU-Node-13,27,178
2026-01-09 08:46:00,CPU,Low,38,11,8,user,7,1,CPU-Node-13,50,252
2026-01-09 08:48:00,GPU,Medium,40,2,10,user,23,1,GPU-Node-2,58,293
2026-01-09 08:50:00,CPU,Medium,39,9,0,user,25,1,CPU-Node-20,37,175
2026-01-09 08:52:00,CPU,Medium,36,4,7,user,31,1,CPU-Node-24,47,231
2026-01-09 08:54:00,CPU,Low,45,7,5,admin,22,1,CPU-Node-8,53,207
2026-01-09 08:56:00,CPU,Medium,44,7,8,user,12,1,CPU-Node-27,53,249
2026-01-09 08:58:00,CPU,High,36,8,9,user,33,1,CPU-Node-37,57,286
2026-01-09 09:00:00,GPU,Medium,72,3,17,admin,38,0,GPU-Node-45,100,443
2026-01-09 09:02:00,CPU,Medium,76,8,12,user,5,1,CPU-Node-6,100,388
2026-01-09 09:04:00,CPU,Low,60,5,10,user,29,1,CPU-Node-3,80,317
2026-01-09 09:06:00,CPU,Medium,87,7,17,user,39,0,CPU-Node-17,100,479
2026-01-09 09:08:00,GPU,Low,85,2,16,user,33,0,GPU-Node-44,100,459
2026-01-09 09:10:00,CPU,Low,71,11,13,user,36,1,CPU-Node-49,96,367
2026-01-09 09:12:00,CPU,Medium,78,12,13,user,28,1,CPU-Node-23,100,407
2026-01-09 09:14:00,GPU,Medium,75,1,15,user,35,1,GPU-Node-15,100,434
2026-01-09 09:16:00,CPU,High,76,11,16,user,34,0,CPU-Node-3,100,474
2026-01-09 09:18:00,GPU,High,92,1,17,user,43,0,GPU-Node-12,100,476
2026-01-09 09:20:00,GPU,High,79,2,14,user,18,1,GPU-Node-33,100,414
2026-01-09 09:22:00,CPU,Medium,73,11,14,admin,29,1,CPU-Node-48,99,420
2026-01-09 09:24:00,CPU,Medium,89,7,16,user,44,0,CPU-Node-29,100,410
2026-01-09 09:26:00,CPU,High,53,3,10,user,43,1,CPU-Node-1,65,301
2026-01-09 09:28:00,CPU,Medium,69,8,10,user,43,1,CPU-Node-23,99,340
2026-01-09 09:30:00,CPU,High,85,3,24,user,21,0,CPU-Node-27,100,564
2026-01-09 09:32:00,CPU,Low,73,10,11,admin,35,1,CPU-Node-24,96,366
2026-01-09 09:34:00,CPU,Medium,63,3,11,user,24,1,CPU-Node-43,86,339
2026-01-09 09:36:00,GPU,Medium,75,0,13,user,33,0,GPU-Node-49,94,428
2026-01-09 09:38:00,GPU,Low,59,1,6,user,15,1,GPU-Node-15,72,246
2026-01-09 09:40:00,CPU,Medium,61,6,13,user,21,1,CPU-Node-18,89,338
2026-01-09 09:42:00,CPU,Medium,68,9,17,user,25,0,CPU-Node-50,100,473
2026-01-09 09:44:00,CPU,Medium,73,10,11,user,41,1,CPU-Node-43,92,356
2026-01-09 09:46:00,CPU,High,72,9,18,user,41,0,CPU-Node-15,100,437
2026-01-09 09:48:00,CPU,High,79,10,13,user,22,1,CPU-Node-24,100,402
2026-01-09 09:50:00,GPU,Low,61,2,11,admin,54,1,GPU-Node-50,91,288
2026-01-09 09:52:00,CPU,High,61,8,13,user,22,1,CPU-Node-38,91,385
2026-01-09 09:54:00,CPU,Medium,68,12,7,user,28,1,CPU-Node-43,78,315
2026-01-09 09:56:00,CPU,High,80,10,21,user,29,0,CPU-Node-39,100,494
2026-01-09 09:58:00,CPU,Medium,67,8,14,user,29,1,CPU-Node-26,91,393
2026-01-09 10:00:00,CPU,Low,75,7,10,user,19,1,CPU-Node-5,99,319
2026-01-09 10:02:00,CPU,Low,72,8,13,user,29,1,CPU-Node-12,97,391
2026-01-09 10:04:00,CPU,High,94,10,18,user,30,0,CPU-Node-25,100,508
2026-01-09 10:06:00,GPU,High,86,2,21,user,34,0,GPU-Node-20,100,538
2026-01-09 10:08:00,CPU,High,59,5,10,admin,48,1,CPU-Node-1,87,342
2026-01-09 10:10:00,GPU,Low,61,0,9,user,43,0,GPU-Node-20,81,318
2026-01-09 10:12:00,CPU,Medium,79,2,12,user,13,1,CPU-Node-32,100,363
2026-01-09 10:14:00,CPU,High,78,9,8,user,33,1,CPU-Node-37,86,334
2026-01-09 10:16:00,GPU,Medium,79,2,16,user,22,0,GPU-Node-43,100,454
2026-01-09 10:18:00,CPU,Low,77,7,14,user,35,1,CPU-Node-20,100,435
2026-01-09 10:20:00,GPU,Low,63,2,16,user,31,0,GPU-Node-1,90,418
2026-01-09 10:22:00,CPU,Medium,70,6,14,admin,39,1,CPU-Node-30,100,408
2026-01-09 10:24:00,GPU,Low,77,1,14,user,27,1,GPU-Node-9,100,414
2026-01-09 10:26:00,CPU,Medium,78,7,22,user,61,0,CPU-Node-12,100,546
2026-01-09 10:28:00,CPU,High,89,4,15,user,37,1,CPU-Node-1,100,456
2026-01-09 10:30:00,CPU,High,69,12,8,user,45,1,CPU-Node-41,90,280
2026-01-09 10:32:00,CPU,High,73,11,12,user,44,1,CPU-Node-9,99,372
2026-01-09 10:34:00,CPU,Low,83,8,19,admin,39,0,CPU-Node-19,100,501
2026-01-09 10:36:00,CPU,Low,69,6,12,admin,23,1,CPU-Node-36,96,422
2026-01-09 10:38:00,CPU,High,83,8,16,user,14,0,CPU-Node-4,100,484
2026-01-09 10:40:00,CPU,Medium,63,14,11,user,26,1,CPU-Node-48,88,360
2026-01-09 10:42:00,CPU,Low,83,14,17,admin,27,0,CPU-Node-26,100,442
2026-01-09 10:44:00,CPU,High,89,8,16,admin,22,1,CPU-Node-29,100,471
2026-01-09 10:46:00,CPU,High,69,11,13,user,40,1,CPU-Node-15,99,364
2026-01-09 10:48:00,CPU,Low,72,11,8,user,44,1,CPU-Node-28,93,328
2026-01-09 10:50:00,GPU,Low,74,2,18,admin,27,0,GPU-Node-16,100,446
2026-01-09 10:52:00,CPU,Low,89,8,17,user,16,0,CPU-Node-32,100,445
2026-01-09 10:54:00,CPU,Medium,81,5,16,user,55,0,CPU-Node-35,100,469
2026-01-09 10:56:00,GPU,Low,86,1,12,user,35,0,GPU-Node-10,100,434
2026-01-09 10:58:00,CPU,High,85,7,16,user,12,0,CPU-Node-37,100,466
2026-01-09 11:00:00,CPU,Low,72,6,21,user,40,0,CPU-Node-3,100,501
2026-01-09 11:02:00,CPU,Low,73,8,14,user,37,1,CPU-Node-15,94,406
2026-01-09 11:04:00,CPU,Medium,90,11,16,user,23,0,CPU-Node-38,100,516
2026-01-09 11:06:00,GPU,Medium,87,1,16,user,40,0,GPU-Node-42,100,452
2026-01-09 11:08:00,GPU,High,70,1,17,user,26,0,GPU-Node-45,100,461
2026-01-09 11:10:00,GPU,High,71,1,14,admin,28,1,GPU-Node-3,96,390
2026-01-09 11:12:00,CPU,Low,87,8,20,user,33,0,CPU-Node-29,100,535
2026-01-09 11:14:00,GPU,Low,81,1,17,admin,42,0,GPU-Node-7,100,476
2026-01-09 11:16:00,CPU,Low,74,8,12,user,34,1,CPU-Node-38,100,393
2026-01-09 11:18:00,GPU,High,99,0,26,user,26,0,GPU-Node-17,100,661
2026-01-09 11:20:00,GPU,Medium,78,2,19,user,29,0,GPU-Node-39,100,448
2026-01-09 11:22:00,GPU,Medium,77,1,15,user,27,1,GPU-Node-2,100,415
2026-01-09 11:24:00,CPU,Medium,71,13,10,admin,18,1,CPU-Node-8,93,309
2026-01-09 11:26:00,CPU,Low,65,5,11,user,68,1,CPU-Node-33,86,335
2026-01-09 11:28:00,GPU,Low,61,1,10,user,50,1,GPU-Node-8,89,304
2026-01-09 11:30:00,GPU,Medium,83,3,15,user,23,1,GPU-Node-31,100,463
2026-01-09 11:32:00,CPU,High,75,7,17,user,43,0,CPU-Node-5,100,465
2026-01-09 11:34:00,CPU,Medium,83,8,16,user,19,0,CPU-Node-5,100,463
2026-01-09 11:36:00,CPU,Medium,99,5,19,user,37,0,CPU-Node-11,100,537
2026-01-09 11:38:00,GPU,Low,76,2,14,user,34,1,GPU-Node-12,100,404
2026-01-09 11:40:00,GPU,Low,69,3,11,admin,37,1,GPU-Node-12,89,333
2026-01-09 11:42:00,GPU,Medium,95,3,16,user,43,0,GPU-Node-25,100,494
2026-01-09 11:44:00,CPU,Medium,100,12,18,user,33,0,CPU-Node-46,100,518
2026-01-09 11:46:00,CPU,High,79,9,16,user,28,0,CPU-Node-44,100,488
2026-01-09 11:48:00,CPU,Medium,63,10,9,admin,31,1,CPU-Node-7,78,286
2026-01-09 11:50:00,CPU,High,63,5,16,user,15,0,CPU-Node-18,93,443
2026-01-09 11:52:00,GPU,Low,65,1,19,user,26,0,GPU-Node-24,96,438
2026-01-09 11:54:00,GPU,Medium,52,0,13,user,20,0,GPU-Node-27,80,387
2026-01-09 11:56:00,GPU,Medium,65,1,19,user,5,0,GPU-Node-7,100,491
2026-01-09 11:58:00,CPU,Low,90,10,19,user,16,0,CPU-Node-12,100,509
2026-01-09 12:00:00,CPU,Medium,72,7,11,user,8,1,CPU-Node-5,94,341
2026-01-09 12:02:00,GPU,Medium,72,0,16,admin,47,0,GPU-Node-32,100,421
2026-01-09 12:04:00,CPU,Medium,63,4,12,admin,27,1,CPU-Node-48,95,366
2026-01-09 12:06:00,GPU,Medium,90,1,16,user,10,0,GPU-Node-12,100,431
2026-01-09 12:08:00,CPU,Medium,69,8,12,user,35,1,CPU-Node-23,88,388
2026-01-09 12:10:00,CPU,Medium,79,4,14,admin,39,1,CPU-Node-41,100,408
2026-01-09 12:12:00,CPU,Low,72,1,14,user,30,1,CPU-Node-22,97,412
2026-01-09 12:14:00,CPU,Low,81,7,12,user,24,1,CPU-Node-1,100,354
2026-01-09 12:16:00,GPU,Medium,76,2,11,user,27,1,GPU-Node-45,100,373
2026-01-09 12:18:00,GPU,Low,68,1,15,user,33,1,GPU-Node-28,100,467
2026-01-09 12:20:00,GPU,Medium,65,1,8,admin,28,1,GPU-Node-11,72,328
2026-01-09 12:22:00,CPU,High,77,9,11,user,33,1,CPU-Node-17,100,372
2026-01-09 12:24:00,CPU,High,88,4,14,admin,34,1,CPU-Node-23,100,428
2026-01-09 12:26:00,CPU,Low,65,12,11,user,21,1,CPU-Node-33,80,338
2026-01-09 12:28:00,GPU,High,65,2,11,user,33,1,GPU-Node-8,82,348
2026-01-09 12:30:00,CPU,High,75,7,19,user,22,0,CPU-Node-24,100,480
2026-01-09 12:32:00,GPU,Low,78,2,10,user,16,1,GPU-Node-42,94,346
2026-01-09 12:34:00,CPU,High,67,6,17,admin,44,1,CPU-Node-42,98,467
2026-01-09 12:36:00,CPU,Low,84,9,17,user,19,0,CPU-Node-44,100,468
2026-01-09 12:38:00,GPU,Low,90,1,15,admin,28,0,GPU-Node-50,100,480
2026-01-09 12:40:00,GPU,Medium,92,1,16,user,10,0,GPU-Node-36,100,481
2026-01-09 12:42:00,CPU,Low,75,10,19,user,28,0,CPU-Node-42,100,495
2026-01-09 12:44:00,GPU,Low,65,0,13,user,16,0,GPU-Node-11,86,406
2026-01-09 12:46:00,CPU,Medium,81,4,14,user,25,1,CPU-Node-27,100,440
2026-01-09 12:48:00,CPU,Low,78,10,19,user,24,0,CPU-Node-49,100,459
2026-01-09 12:50:00,CPU,Low,66,1,14,user,20,1,CPU-Node-5,96,380
2026-01-09 12:52:00,CPU,Low,70,9,14,user,39,1,CPU-Node-42,90,376
2026-01-09 12:54:00,CPU,High,84,6,19,admin,21,1,CPU-Node-30,100,522
2026-01-09 12:56:00,GPU,Medium,78,4,15,admin,22,1,GPU-Node-5,100,435
2026-01-09 12:58:00,CPU,High,84,4,16,admin,30,1,CPU-Node-1,100,446
2026-01-09 13:00:00,CPU,High,79,7,14,admin,26,1,CPU-Node-26,98,427
2026-01-09 13:02:00,CPU,Medium,77,7,16,user,13,0,CPU-Node-20,100,437
2026-01-09 13:04:00,CPU,Low,74,2,9,admin,23,1,CPU-Node-29,94,347
2026-01-09 13:06:00,GPU,Low,75,1,18,user,35,0,GPU-Node-32,100,458
2026-01-09 13:08:00,GPU,Medium,90,0,16,user,39,0,GPU-Node-23,100,459
2026-01-09 13:10:00,GPU,High,87,2,13,user,49,1,GPU-Node-43,100,390
2026-01-09 13:12:00,CPU,Medium,83,7,15,user,25,1,CPU-Node-31,100,487
2026-01-09 13:14:00,GPU,Medium,78,0,16,user,15,0,GPU-Node-34,100,445
2026-01-09 13:16:00,CPU,Low,64,11,11,admin,25,1,CPU-Node-14,95,368
2026-01-09 13:18:00,GPU,Medium,77,2,16,admin,27,0,GPU-Node-2,100,445
2026-01-09 13:20:00,GPU,High,72,1,15,user,31,1,GPU-Node-30,100,455
2026-01-09 13:22:00,CPU,Low,69,4,15,user,27,1,CPU-Node-47,94,406
2026-01-09 13:24:00,GPU,Low,73,2,17,user,12,0,GPU-Node-12,100,436
2026-01-09 13:26:00,CPU,Medium,65,6,8,user,33,1,CPU-Node-33,80,321
2026-01-09 13:28:00,GPU,Medium,49,2,11,user,34,1,GPU-Node-2,72,326
2026-01-09 13:30:00,GPU,Medium,70,1,12,user,23,1,GPU-Node-40,88,392
2026-01-09 13:32:00,GPU,Medium,55,1,10,user,35,1,GPU-Node-25,80,321
2026-01-09 13:34:00,CPU,Medium,76,3,13,user,22,1,CPU-Node-39,100,397
2026-01-09 13:36:00,CPU,Low,74,10,16,user,38,0,CPU-Node-37,100,413
2026-01-09 13:38:00,CPU,Medium,54,8,7,user,21,1,CPU-Node-31,57,297
2026-01-09 13:40:00,CPU,Low,61,11,8,user,36,1,CPU-Node-42,79,336
2026-01-09 13:42:00,GPU,Low,77,2,16,user,51,0,GPU-Node-15,100,464
2026-01-09 13:44:00,CPU,Medium,84,13,17,user,24,0,CPU-Node-43,100,458
2026-01-09 13:46:00,CPU,High,77,4,17,user,23,0,CPU-Node-28,100,432
2026-01-09 13:48:00,CPU,Medium,56,6,4,user,30,1,CPU-Node-24,61,242
2026-01-09 13:50:00,GPU,High,89,1,12,user,23,0,GPU-Node-21,100,382
2026-01-09 13:52:00,GPU,High,69,1,15,user,52,1,GPU-Node-16,96,415
2026-01-09 13:54:00,GPU,High,74,1,12,user,38,1,GPU-Node-29,98,348
2026-01-09 13:56:00,CPU,High,70,8,17,user,29,0,CPU-Node-37,100,465
2026-01-09 13:58:00,GPU,Medium,89,1,21,user,17,0,GPU-Node-34,100,547
2026-01-09 14:00:00,GPU,High,53,1,10,user,38,1,GPU-Node-29,77,296
2026-01-09 14:02:00,CPU,Low,75,3,21,user,37,0,CPU-Node-5,100,508
2026-01-09 14:04:00,CPU,High,72,5,9,user,25,1,CPU-Node-38,91,323
2026-01-09 14:06:00,CPU,Low,79,8,11,admin,46,1,CPU-Node-8,97,372
2026-01-09 14:08:00,CPU,High,63,6,16,user,21,0,CPU-Node-44,92,427
2026-01-09 14:10:00,CPU,High,81,12,17,user,39,0,CPU-Node-29,100,449
2026-01-09 14:12:00,CPU,High,85,10,18,user,25,0,CPU-Node-8,100,515
2026-01-09 14:14:00,CPU,Low,71,11,10,user,40,1,CPU-Node-42,89,343
2026-01-09 14:16:00,CPU,Medium,81,11,11,user,40,1,CPU-Node-34,100,311
2026-01-09 14:18:00,CPU,Low,80,10,10,user,21,1,CPU-Node-21,90,355
2026-01-09 14:20:00,CPU,Medium,68,11,18,user,43,0,CPU-Node-7,100,459
2026-01-09 14:22:00,GPU,Low,73,2,16,admin,39,0,GPU-Node-19,100,455
2026-01-09 14:24:00,CPU,Low,73,9,17,user,41,0,CPU-Node-14,100,452
2026-01-09 14:26:00,GPU,Low,79,2,17,user,17,0,GPU-Node-17,100,462
2026-01-09 14:28:00,GPU,High,82,1,13,user,28,1,GPU-Node-36,100,409
2026-01-09 14:30:00,GPU,High,82,1,7,user,29,1,GPU-Node-24,99,287
2026-01-09 14:32:00,CPU,High,84,5,17,user,16,0,CPU-Node-12,100,463
2026-01-09 14:34:00,CPU,High,78,3,11,admin,21,1,CPU-Node-18,97,379
2026-01-09 14:36:00,CPU,Low,91,7,18,user,35,0,CPU-Node-14,100,486
2026-01-09 14:38:00,GPU,Medium,86,2,14,user,18,1,GPU-Node-37,100,453
2026-01-09 14:40:00,CPU,Low,64,6,7,user,51,1,CPU-Node-42,72,290
2026-01-09 14:42:00,CPU,Low,70,7,12,user,43,1,CPU-Node-37,90,387
2026-01-09 14:44:00,CPU,High,80,5,14,admin,24,1,CPU-Node-6,100,411
2026-01-09 14:46:00,CPU,Medium,94,7,18,user,38,0,CPU-Node-14,100,525
2026-01-09 14:48:00,GPU,Low,81,3,19,user,31,0,GPU-Node-44,100,483
2026-01-09 14:50:00,CPU,Medium,85,8,16,user,23,0,CPU-Node-16,100,470
2026-01-09 14:52:00,CPU,High,81,8,17,admin,37,1,CPU-Node-20,100,463
2026-01-09 14:54:00,GPU,Medium,76,1,19,user,17,0,GPU-Node-23,100,497
2026-01-09 14:56:00,GPU,Medium,83,1,22,user,26,0,GPU-Node-47,100,514
2026-01-09 14:58:00,GPU,Low,76,0,15,user,25,0,GPU-Node-16,100,418
2026-01-09 15:00:00,CPU,Low,76,7,11,user,30,1,CPU-Node-14,85,367
2026-01-09 15:02:00,GPU,Low,80,1,16,user,23,0,GPU-Node-1,100,444
2026-01-09 15:04:00,GPU,High,86,2,16,user,19,0,GPU-Node-10,100,460
2026-01-09 15:06:00,CPU,Medium,66,7,17,user,28,0,CPU-Node-25,93,441
2026-01-09 15:08:00,CPU,Low,51,6,6,admin,20,1,CPU-Node-22,63,238
2026-01-09 15:10:00,CPU,Medium,84,7,17,user,45,0,CPU-Node-41,100,453
2026-01-09 15:12:00,CPU,High,69,8,14,user,33,1,CPU-Node-1,97,393
2026-01-09 15:14:00,CPU,Low,81,3,11,user,34,1,CPU-Node-36,100,339
2026-01-09 15:16:00,CPU,Low,87,8,19,user,29,0,CPU-Node-4,100,519
2026-01-09 15:18:00,CPU,Low,71,10,15,user,31,1,CPU-Node-31,100,403
2026-01-09 15:20:00,GPU,Medium,84,1,15,user,24,1,GPU-Node-40,100,442
2026-01-09 15:22:00,GPU,Medium,80,2,20,user,44,0,GPU-Node-29,100,479
2026-01-09 15:24:00,GPU,High,64,1,9,user,28,1,GPU-Node-32,85,319
2026-01-09 15:26:00,CPU,Low,65,6,12,admin,29,1,CPU-Node-29,90,384
2026-01-09 15:28:00,GPU,High,71,2,14,user,19,1,GPU-Node-6,98,427
2026-01-09 15:30:00,CPU,Low,52,11,8,admin,26,1,CPU-Node-12,72,304
2026-01-09 15:32:00,CPU,Low,71,7,16,user,43,0,CPU-Node-35,100,422
2026-01-09 15:34:00,GPU,High,82,2,14,user,28,1,GPU-Node-41,100,429
2026-01-09 15:36:00,CPU,High,74,11,8,user,21,1,CPU-Node-21,86,335
2026-01-09 15:38:00,CPU,High,75,1,10,user,33,1,CPU-Node-4,94,323
2026-01-09 15:40:00,GPU,High,77,1,18,admin,44,1,GPU-Node-33,100,482
2026-01-09 15:42:00,CPU,High,89,5,21,admin,41,1,CPU-Node-48,100,531
2026-01-09 15:44:00,CPU,Medium,74,10,7,user,30,1,CPU-Node-22,97,316
2026-01-09 15:46:00,GPU,Low,86,1,20,admin,40,0,GPU-Node-27,100,501
2026-01-09 15:48:00,GPU,Medium,59,3,9,user,42,1,GPU-Node-2,80,311
2026-01-09 15:50:00,GPU,Low,62,1,10,user,31,1,GPU-Node-25,89,329
2026-01-09 15:52:00,CPU,Medium,70,7,16,admin,27,0,CPU-Node-11,100,409
2026-01-09 15:54:00,GPU,Low,54,2,8,user,38,1,GPU-Node-40,73,290
2026-01-09 15:56:00,CPU,Medium,85,6,18,user,30,0,CPU-Node-23,100,469
2026-01-09 15:58:00,CPU,Low,92,5,18,user,28,0,CPU-Node-35,100,523
2026-01-09 16:00:00,CPU,Medium,82,5,16,user,41,0,CPU-Node-36,100,471
2026-01-09 16:02:00,CPU,Low,66,5,16,admin,15,0,CPU-Node-1,100,465
2026-01-09 16:04:00,GPU,Medium,74,1,12,user,35,1,GPU-Node-43,100,381
2026-01-09 16:06:00,GPU,Medium,61,2,16,user,41,0,GPU-Node-35,82,403
2026-01-09 16:08:00,CPU,High,68,7,13,user,29,1,CPU-Node-49,91,375
2026-01-09 16:10:00,CPU,Low,75,8,9,admin,31,1,CPU-Node-13,84,309
2026-01-09 16:12:00,CPU,Low,69,3,13,user,20,1,CPU-Node-24,95,407
2026-01-09 16:14:00,CPU,Medium,63,5,12,user,26,1,CPU-Node-39,74,350
2026-01-09 16:16:00,GPU,Medium,81,1,16,user,39,0,GPU-Node-50,100,438
2026-01-09 16:18:00,GPU,Medium,63,1,11,user,23,1,GPU-Node-47,81,328
2026-01-09 16:20:00,CPU,Low,69,11,13,user,23,1,CPU-Node-28,91,391
2026-01-09 16:22:00,GPU,Low,76,3,14,admin,39,1,GPU-Node-11,100,435
2026-01-09 16:24:00,CPU,Low,78,7,16,admin,14,0,CPU-Node-49,100,465
2026-01-09 16:26:00,CPU,Low,76,4,17,user,37,0,CPU-Node-1,100,471
2026-01-09 16:28:00,CPU,Low,80,12,16,user,17,0,CPU-Node-49,100,442
2026-01-09 16:30:00,GPU,High,79,2,16,user,30,0,GPU-Node-7,100,481
2026-01-09 16:32:00,CPU,Medium,78,9,19,user,34,0,CPU-Node-5,100,479
2026-01-09 16:34:00,CPU,Low,84,8,15,user,34,1,CPU-Node-36,100,427
2026-01-09 16:36:00,GPU,Medium,60,1,11,user,33,1,GPU-Node-29,86,340
2026-01-09 16:38:00,GPU,Medium,79,2,15,user,27,1,GPU-Node-39,100,414
2026-01-09 16:40:00,CPU,High,71,8,11,user,29,1,CPU-Node-33,92,396
2026-01-09 16:42:00,GPU,Medium,72,2,16,admin,21,0,GPU-Node-44,100,441
2026-01-09 16:44:00,GPU,Low,88,2,23,user,52,0,GPU-Node-21,100,557
2026-01-09 16:46:00,CPU,Low,79,9,14,user,18,1,CPU-Node-9,97,400
2026-01-09 16:48:00,GPU,Medium,82,1,13,admin,47,1,GPU-Node-4,100,415
2026-01-09 16:50:00,CPU,High,75,10,12,admin,33,1,CPU-Node-11,96,370
2026-01-09 16:52:00,CPU,High,59,4,12,user,30,1,CPU-Node-9,80,345
2026-01-09 16:54:00,CPU,Medium,77,13,16,user,23,0,CPU-Node-35,100,466
2026-01-09 16:56:00,CPU,Medium,80,7,17,admin,33,0,CPU-Node-22,100,509
2026-01-09 16:58:00,GPU,Medium,77,0,16,user,18,0,GPU-Node-3,100,426
2026-01-09 17:00:00,GPU,Medium,94,2,17,user,27,0,GPU-Node-31,100,497
2026-01-09 17:02:00,CPU,High,73,10,18,user,33,0,CPU-Node-11,100,455
2026-01-09 17:04:00,CPU,High,76,7,14,user,12,1,CPU-Node-17,100,413
2026-01-09 17:06:00,CPU,Medium,90,5,18,user,25,0,CPU-Node-29,100,489
2026-01-09 17:08:00,GPU,Low,68,2,15,user,9,1,GPU-Node-41,100,403
2026-01-09 17:10:00,GPU,Medium,92,4,19,user,50,0,GPU-Node-14,100,474
2026-01-09 17:12:00,CPU,Low,78,12,13,user,25,1,CPU-Node-27,100,406
2026-01-09 17:14:00,GPU,Medium,74,2,16,user,45,0,GPU-Node-42,100,445
2026-01-09 17:16:00,GPU,High,72,1,14,user,27,1,GPU-Node-6,94,446
2026-01-09 17:18:00,CPU,Low,66,6,13,user,13,1,CPU-Node-35,92,399
2026-01-09 17:20:00,CPU,Medium,76,9,12,user,20,1,CPU-Node-20,100,385
2026-01-09 17:22:00,GPU,Low,73,0,15,user,32,0,GPU-Node-11,100,388
2026-01-09 17:24:00,CPU,Medium,88,7,15,user,22,1,CPU-Node-8,100,430
2026-01-09 17:26:00,CPU,Low,73,6,14,user,19,1,CPU-Node-32,91,416
2026-01-09 17:28:00,GPU,High,78,0,16,user,35,0,GPU-Node-27,100,439
2026-01-09 17:30:00,CPU,Medium,81,8,14,user,24,1,CPU-Node-25,100,428
2026-01-09 17:32:00,GPU,Medium,83,0,15,user,42,0,GPU-Node-34,100,443
2026-01-09 17:34:00,GPU,Medium,86,1,17,admin,13,0,GPU-Node-47,100,475
2026-01-09 17:36:00,CPU,High,69,3,11,admin,37,1,CPU-Node-40,84,322
2026-01-09 17:38:00,CPU,High,68,9,16,admin,23,1,CPU-Node-2,100,426
2026-01-09 17:40:00,CPU,Low,90,11,16,user,45,0,CPU-Node-48,100,464
2026-01-09 17:42:00,CPU,Medium,81,2,15,user,31,1,CPU-Node-6,100,461
2026-01-09 17:44:00,CPU,Low,75,10,9,user,28,1,CPU-Node-42,97,332
2026-01-09 17:46:00,CPU,Low,79,4,13,user,28,1,CPU-Node-17,100,398
2026-01-09 17:48:00,CPU,Medium,88,8,15,user,31,1,CPU-Node-21,100,459
2026-01-09 17:50:00,GPU,High,74,2,17,user,34,0,GPU-Node-35,100,488
2026-01-09 17:52:00,GPU,Medium,74,3,10,user,26,1,GPU-Node-10,85,312
2026-01-09 17:54:00,CPU,Medium,92,7,13,user,28,1,CPU-Node-6,100,452
2026-01-09 17:56:00,CPU,Medium,70,14,10,user,32,1,CPU-Node-4,93,345
2026-01-09 17:58:00,CPU,High,80,11,20,user,32,0,CPU-Node-28,100,531
2026-01-09 18:00:00,CPU,Medium,66,6,12,user,41,1,CPU-Node-25,90,322
2026-01-09 18:02:00,CPU,High,85,5,14,user,14,1,CPU-Node-4,100,421
2026-01-09 18:04:00,CPU,Medium,86,9,15,user,37,1,CPU-Node-23,100,447
2026-01-09 18:06:00,CPU,Low,58,8,14,user,46,1,CPU-Node-21,85,372
2026-01-09 18:08:00,CPU,Medium,66,6,12,user,41,1,CPU-Node-29,86,368
2026-01-09 18:10:00,CPU,Low,79,3,9,user,23,1,CPU-Node-8,100,351
2026-01-09 18:12:00,GPU,Low,59,2,15,admin,37,1,GPU-Node-47,100,369
2026-01-09 18:14:00,CPU,High,82,9,13,user,27,1,CPU-Node-37,100,380
2026-01-09 18:16:00,CPU,High,78,6,18,user,42,0,CPU-Node-32,100,468
2026-01-09 18:18:00,CPU,Medium,66,11,13,admin,38,1,CPU-Node-35,100,362
2026-01-09 18:20:00,GPU,Medium,100,2,16,user,33,0,GPU-Node-34,100,483
2026-01-09 18:22:00,CPU,High,69,12,14,user,42,1,CPU-Node-23,94,383
2026-01-09 18:24:00,GPU,Medium,69,2,14,user,24,1,GPU-Node-46,100,426
2026-01-09 18:26:00,GPU,Medium,86,2,16,admin,46,0,GPU-Node-25,100,420
2026-01-09 18:28:00,GPU,Medium,61,2,8,user,15,1,GPU-Node-11,79,300
2026-01-09 18:30:00,CPU,Medium,71,5,13,user,10,1,CPU-Node-30,98,382
2026-01-09 18:32:00,CPU,High,87,2,16,user,41,0,CPU-Node-2,100,468
2026-01-09 18:34:00,GPU,High,78,3,18,admin,30,1,GPU-Node-15,100,500
2026-01-09 18:36:00,GPU,High,61,3,11,user,27,1,GPU-Node-50,82,370
2026-01-09 18:38:00,GPU,High,82,3,18,admin,42,1,GPU-Node-4,100,497
2026-01-09 18:40:00,CPU,Medium,77,6,11,admin,32,1,CPU-Node-43,92,360
2026-01-09 18:42:00,CPU,Medium,84,7,19,user,38,0,CPU-Node-35,100,492
2026-01-09 18:44:00,CPU,Low,81,13,11,user,29,1,CPU-Node-29,100,347
2026-01-09 18:46:00,CPU,High,69,15,16,user,38,0,CPU-Node-16,100,411
2026-01-09 18:48:00,GPU,High,69,0,12,user,20,0,GPU-Node-50,94,360
2026-01-09 18:50:00,CPU,High,76,3,17,user,30,0,CPU-Node-27,100,448
2026-01-09 18:52:00,CPU,Medium,68,9,9,user,37,1,CPU-Node-28,85,304
2026-01-09 18:54:00,CPU,High,79,7,16,user,12,0,CPU-Node-24,100,444
2026-01-09 18:56:00,CPU,Medium,68,1,16,user,32,0,CPU-Node-33,96,449
2026-01-09 18:58:00,CPU,Low,83,10,18,user,19,0,CPU-Node-37,100,473
2026-01-09 19:00:00,CPU,High,56,8,9,user,17,1,CPU-Node-15,74,265
2026-01-09 19:02:00,CPU,Medium,23,7,2,user,10,1,CPU-Node-20,22,104
2026-01-09 19:04:00,CPU,Medium,47,12,15,user,16,1,CPU-Node-34,84,389
2026-01-09 19:06:00,CPU,Medium,38,12,9,user,39,1,CPU-Node-4,57,269
2026-01-09 19:08:00,GPU,Low,43,1,8,user,36,1,GPU-Node-26,55,268
2026-01-09 19:10:00,GPU,High,46,2,6,user,17,1,GPU-Node-39,62,251
2026-01-09 19:12:00,CPU,Low,39,3,11,user,37,1,CPU-Node-6,61,263
2026-01-09 19:14:00,GPU,Medium,23,2,6,user,24,1,GPU-Node-25,36,180
2026-01-09 19:16:00,CPU,Low,40,6,12,user,38,1,CPU-Node-19,72,313
2026-01-09 19:18:00,CPU,Low,30,9,2,user,28,1,CPU-Node-24,38,125
2026-01-09 19:20:00,CPU,Medium,27,11,6,user,44,1,CPU-Node-43,36,219
2026-01-09 19:22:00,GPU,High,57,1,17,user,26,0,GPU-Node-35,87,404
2026-01-09 19:24:00,CPU,High,47,6,8,user,45,1,CPU-Node-10,62,266
2026-01-09 19:26:00,CPU,Medium,63,4,10,user,46,1,CPU-Node-36,87,317
2026-01-09 19:28:00,GPU,Low,29,0,6,user,30,0,GPU-Node-23,32,191
2026-01-09 19:30:00,CPU,High,38,13,6,user,41,1,CPU-Node-40,42,210
2026-01-09 19:32:00,GPU,Low,36,0,10,admin,23,0,GPU-Node-36,67,311
2026-01-09 19:34:00,GPU,Low,43,1,16,admin,32,0,GPU-Node-44,74,352
2026-01-09 19:36:00,CPU,Low,39,14,6,admin,29,1,CPU-Node-18,58,206
2026-01-09 19:38:00,CPU,Low,25,4,5,admin,20,1,CPU-Node-25,24,171
2026-01-09 19:40:00,GPU,Medium,37,1,6,user,29,1,GPU-Node-8,50,204
2026-01-09 19:42:00,CPU,Medium,42,7,9,user,26,1,CPU-Node-24,65,284
2026-01-09 19:44:00,CPU,Low,26,6,0,user,25,1,CPU-Node-38,34,83
2026-01-09 19:46:00,CPU,High,45,6,4,user,13,1,CPU-Node-29,44,212
2026-01-09 19:48:00,CPU,Medium,36,6,7,user,32,1,CPU-Node-39,41,239
2026-01-09 19:50:00,CPU,Medium,24,7,5,admin,41,1,CPU-Node-34,27,160
2026-01-09 19:52:00,GPU,Low,40,1,6,user,19,1,GPU-Node-29,48,197
2026-01-09 19:54:00,CPU,Medium,49,12,8,admin,28,1,CPU-Node-25,64,248
2026-01-09 19:56:00,GPU,Low,36,2,8,user,23,1,GPU-Node-19,53,243
2026-01-09 19:58:00,CPU,Medium,48,10,6,user,24,1,CPU-Node-1,60,232
2026-01-09 20:00:00,GPU,Low,24,2,8,user,28,1,GPU-Node-16,41,230
2026-01-09 20:02:00,CPU,High,28,8,10,admin,22,1,CPU-Node-44,50,219
2026-01-09 20:04:00,CPU,High,39,2,2,admin,36,1,CPU-Node-40,38,152
2026-01-09 20:06:00,CPU,Medium,44,14,5,admin,40,1,CPU-Node-32,58,248
2026-01-09 20:08:00,GPU,Medium,45,2,10,user,28,1,GPU-Node-12,65,308
2026-01-09 20:10:00,CPU,Medium,31,4,7,user,32,1,CPU-Node-15,52,220
2026-01-09 20:12:00,GPU,High,54,3,7,user,15,1,GPU-Node-10,65,232
2026-01-09 20:14:00,GPU,Medium,34,2,5,user,35,1,GPU-Node-10,46,249
2026-01-09 20:16:00,CPU,Medium,39,8,11,user,23,1,CPU-Node-4,63,282
2026-01-09 20:18:00,CPU,Medium,33,9,7,user,34,1,CPU-Node-26,49,218
2026-01-09 20:20:00,CPU,Medium,33,11,8,user,30,1,CPU-Node-50,42,253
2026-01-09 20:22:00,GPU,Medium,22,0,4,user,53,0,GPU-Node-50,30,144
2026-01-09 20:24:00,CPU,High,28,6,8,user,26,1,CPU-Node-29,34,233
2026-01-09 20:26:00,CPU,Medium,30,8,5,user,40,1,CPU-Node-46,33,192
2026-01-09 20:28:00,CPU,High,27,5,7,user,21,1,CPU-Node-38,42,220
2026-01-09 20:30:00,GPU,High,19,3,4,user,13,1,GPU-Node-25,27,136
2026-01-09 20:32:00,CPU,Low,30,6,6,user,31,1,CPU-Node-2,41,190
2026-01-09 20:34:00,CPU,Medium,30,4,5,user,8,1,CPU-Node-41,46,187
2026-01-09 20:36:00,CPU,Medium,35,2,7,user,30,1,CPU-Node-48,53,234
2026-01-09 20:38:00,CPU,Low,40,14,7,user,32,1,CPU-Node-31,58,254
2026-01-09 20:40:00,GPU,Medium,24,0,7,user,33,0,GPU-Node-30,29,189
2026-01-09 20:42:00,CPU,Medium,25,1,2,user,23,1,CPU-Node-7,34,121
2026-01-09 20:44:00,CPU,Low,33,6,0,user,25,1,CPU-Node-49,31,133
2026-01-09 20:46:00,GPU,High,21,1,4,user,22,1,GPU-Node-26,33,140
2026-01-09 20:48:00,GPU,High,25,2,6,user,40,1,GPU-Node-27,43,211
2026-01-09 20:50:00,GPU,Medium,39,2,12,admin,18,1,GPU-Node-8,70,287
2026-01-09 20:52:00,CPU,Low,33,8,2,user,33,1,CPU-Node-29,40,141
2026-01-09 20:54:00,CPU,High,37,9,8,user,25,1,CPU-Node-34,57,234
2026-01-09 20:56:00,CPU,High,44,8,3,user,25,1,CPU-Node-14,48,224
2026-01-09 20:58:00,CPU,Low,30,11,1,user,24,1,CPU-Node-10,28,126
2026-01-09 21:00:00,CPU,High,46,8,14,user,38,1,CPU-Node-23,77,327
2026-01-09 21:02:00,GPU,High,53,2,11,user,23,1,GPU-Node-19,72,309
2026-01-09 21:04:00,CPU,Medium,54,10,9,user,33,1,CPU-Node-37,70,312
2026-01-09 21:06:00,GPU,Low,22,2,6,user,20,1,GPU-Node-49,36,177
2026-01-09 21:08:00,GPU,Low,26,1,4,user,47,1,GPU-Node-3,38,185
2026-01-09 21:10:00,GPU,Medium,17,3,0,user,30,1,GPU-Node-16,16,73
2026-01-09 21:12:00,GPU,Low,22,2,1,user,28,1,GPU-Node-32,21,107
2026-01-09 21:14:00,CPU,Low,42,7,8,admin,18,1,CPU-Node-23,62,259
2026-01-09 21:16:00,GPU,High,29,2,6,admin,26,1,GPU-Node-39,39,192
2026-01-09 21:18:00,GPU,Low,51,3,8,user,28,1,GPU-Node-28,61,316
2026-01-09 21:20:00,CPU,Medium,43,8,11,user,16,1,CPU-Node-20,57,335
2026-01-09 21:22:00,CPU,High,23,4,4,user,38,1,CPU-Node-3,27,160
2026-01-09 21:24:00,CPU,Medium,42,8,7,user,14,1,CPU-Node-20,54,242
2026-01-09 21:26:00,CPU,Medium,42,4,9,user,22,1,CPU-Node-35,63,258
2026-01-09 21:28:00,CPU,Medium,43,9,9,user,26,1,CPU-Node-47,64,270
2026-01-09 21:30:00,GPU,Medium,26,1,2,user,47,1,GPU-Node-28,30,129
2026-01-09 21:32:00,CPU,Low,20,5,1,user,26,1,CPU-Node-27,15,100
2026-01-09 21:34:00,GPU,Low,29,0,0,user,24,0,GPU-Node-24,17,105
2026-01-09 21:36:00,GPU,Medium,30,2,7,user,40,1,GPU-Node-47,46,237
2026-01-09 21:38:00,CPU,Medium,40,9,3,user,41,1,CPU-Node-39,59,197
2026-01-09 21:40:00,CPU,Medium,27,8,1,user,29,1,CPU-Node-28,26,133
2026-01-09 21:42:00,GPU,High,49,3,11,user,45,1,GPU-Node-4,69,308
2026-01-09 21:44:00,CPU,Low,29,10,5,user,61,1,CPU-Node-37,41,164
2026-01-09 21:46:00,GPU,Low,40,2,7,user,27,1,GPU-Node-36,48,185
2026-01-09 21:48:00,GPU,High,22,1,2,user,18,1,GPU-Node-48,24,122
2026-01-09 21:50:00,CPU,Low,42,9,8,user,30,1,CPU-Node-7,57,258
2026-01-09 21:52:00,CPU,Low,48,5,2,user,29,1,CPU-Node-49,46,166
2026-01-09 21:54:00,CPU,Medium,14,5,7,user,44,1,CPU-Node-30,19,185
2026-01-09 21:56:00,CPU,Medium,20,4,3,user,29,1,CPU-Node-2,26,112
2026-01-09 21:58:00,GPU,High,42,1,1,user,28,1,GPU-Node-1,45,166
2026-01-09 22:00:00,GPU,High,22,2,4,user,37,1,GPU-Node-27,30,162
2026-01-09 22:02:00,CPU,Medium,36,3,6,user,8,1,CPU-Node-9,44,257
2026-01-09 22:04:00,CPU,Low,23,7,1,user,27,1,CPU-Node-6,31,119
2026-01-09 22:06:00,CPU,Low,33,9,7,user,44,1,CPU-Node-43,39,223
2026-01-09 22:08:00,GPU,Low,38,0,7,user,24,0,GPU-Node-24,48,221
2026-01-09 22:10:00,GPU,Low,34,4,3,admin,43,1,GPU-Node-16,33,159
2026-01-09 22:12:00,GPU,Low,19,1,0,admin,26,1,GPU-Node-17,21,76
2026-01-09 22:14:00,CPU,High,46,13,1,user,40,1,CPU-Node-21,53,169
2026-01-09 22:16:00,CPU,Low,49,1,13,user,29,1,CPU-Node-47,70,313
2026-01-09 22:18:00,GPU,Low,39,4,10,user,33,1,GPU-Node-18,58,272
2026-01-09 22:20:00,GPU,High,35,1,4,admin,35,1,GPU-Node-12,34,191
2026-01-09 22:22:00,CPU,Medium,18,3,5,user,43,1,CPU-Node-33,21,145
2026-01-09 22:24:00,CPU,Medium,37,9,6,user,26,1,CPU-Node-28,52,202
2026-01-09 22:26:00,CPU,Low,25,9,6,user,49,1,CPU-Node-11,43,194
2026-01-09 22:28:00,CPU,High,19,4,2,user,38,1,CPU-Node-23,17,126
2026-01-09 22:30:00,CPU,Medium,30,13,5,user,31,1,CPU-Node-28,43,210
2026-01-09 22:32:00,CPU,High,27,13,2,user,25,1,CPU-Node-6,20,125
2026-01-09 22:34:00,GPU,Low,20,1,5,user,39,1,GPU-Node-1,35,134
2026-01-09 22:36:00,CPU,Medium,46,8,7,user,37,1,CPU-Node-38,56,253
2026-01-09 22:38:00,CPU,Medium,27,4,3,admin,49,1,CPU-Node-44,32,109
2026-01-09 22:40:00,GPU,Medium,45,2,6,admin,42,1,GPU-Node-6,51,248
2026-01-09 22:42:00,CPU,Medium,11,5,2,user,14,1,CPU-Node-23,13,120
2026-01-09 22:44:00,CPU,High,34,3,7,user,31,1,CPU-Node-36,51,240
2026-01-09 22:46:00,CPU,High,36,5,10,admin,43,1,CPU-Node-3,53,290
2026-01-09 22:48:00,CPU,High,42,8,6,user,25,1,CPU-Node-47,62,212
2026-01-09 22:50:00,GPU,Low,44,2,6,user,54,1,GPU-Node-28,52,222
2026-01-09 22:52:00,CPU,Low,42,9,3,user,39,1,CPU-Node-50,44,172
2026-01-09 22:54:00,GPU,High,41,0,5,user,28,0,GPU-Node-11,55,226
2026-01-09 22:56:00,CPU,High,31,10,5,user,30,1,CPU-Node-28,35,196
2026-01-09 22:58:00,CPU,Low,34,5,4,user,40,1,CPU-Node-49,42,195
2026-01-09 23:00:00,GPU,High,40,2,9,user,55,1,GPU-Node-18,52,239
2026-01-09 23:02:00,GPU,Low,28,1,3,user,29,1,GPU-Node-45,38,120
2026-01-09 23:04:00,CPU,High,61,8,15,admin,24,1,CPU-Node-24,88,422
2026-01-09 23:06:00,CPU,High,44,9,6,user,17,1,CPU-Node-27,50,246
2026-01-09 23:08:00,GPU,Low,27,2,4,user,37,1,GPU-Node-37,38,173
2026-01-09 23:10:00,CPU,Medium,26,5,3,user,29,1,CPU-Node-21,33,153
2026-01-09 23:12:00,CPU,Low,50,4,10,user,45,1,CPU-Node-29,70,304
2026-01-09 23:14:00,GPU,High,20,2,1,user,8,1,GPU-Node-8,20,131
2026-01-09 23:16:00,CPU,Medium,39,5,5,user,37,1,CPU-Node-4,42,183
2026-01-09 23:18:00,GPU,Medium,23,2,9,user,36,1,GPU-Node-3,44,192
2026-01-09 23:20:00,CPU,High,19,6,1,user,23,1,CPU-Node-42,21,94
2026-01-09 23:22:00,CPU,Medium,16,8,1,user,42,1,CPU-Node-33,6,116
2026-01-09 23:24:00,CPU,High,25,6,8,user,16,1,CPU-Node-43,38,210
2026-01-09 23:26:00,CPU,High,28,8,0,user,39,1,CPU-Node-6,31,138
2026-01-09 23:28:00,CPU,Low,30,9,6,user,41,1,CPU-Node-20,46,208
2026-01-09 23:30:00,GPU,High,30,1,9,user,23,1,GPU-Node-43,43,229
2026-01-09 23:32:00,CPU,High,30,6,10,user,32,1,CPU-Node-7,46,243
2026-01-09 23:34:00,GPU,Medium,38,2,7,user,28,1,GPU-Node-22,56,226
2026-01-09 23:36:00,CPU,Medium,26,3,7,user,40,1,CPU-Node-31,41,185
2026-01-09 23:38:00,GPU,Low,39,0,0,user,32,0,GPU-Node-17,49,96
2026-01-09 23:40:00,CPU,Low,38,9,2,user,12,1,CPU-Node-44,40,157
2026-01-09 23:42:00,CPU,Low,31,7,6,user,27,1,CPU-Node-15,43,211
2026-01-09 23:44:00,GPU,High,34,3,4,user,38,1,GPU-Node-29,42,155
2026-01-09 23:46:00,CPU,High,49,12,4,user,18,1,CPU-Node-25,56,210
2026-01-09 23:48:00,CPU,Low,27,8,4,user,31,1,CPU-Node-39,35,192
2026-01-09 23:50:00,CPU,Low,31,9,4,user,11,1,CPU-Node-42,31,204
2026-01-09 23:52:00,CPU,Medium,36,13,5,admin,39,1,CPU-Node-10,33,204
2026-01-09 23:54:00,GPU,Low,51,1,14,user,17,1,GPU-Node-48,78,370
2026-01-09 23:56:00,CPU,Low,28,10,8,user,15,1,CPU-Node-5,41,229
2026-01-09 23:58:00,GPU,High,10,2,3,user,27,1,GPU-Node-27,13,108
2026-01-10 00:00:00,CPU,High,42,1,8,user,10,1,CPU-Node-19,63,244
2026-01-10 00:02:00,GPU,High,40,0,12,user,30,0,GPU-Node-47,67,309
2026-01-10 00:04:00,GPU,Low,20,0,8,user,21,0,GPU-Node-5,34,219
2026-01-10 00:06:00,CPU,High,43,8,8,user,21,1,CPU-Node-44,61,243
2026-01-10 00:08:00,CPU,Low,33,4,6,user,17,1,CPU-Node-18,47,240
2026-01-10 00:10:00,CPU,Medium,39,8,8,user,7,1,CPU-Node-36,49,222
2026-01-10 00:12:00,CPU,Medium,47,9,6,user,17,1,CPU-Node-9,60,246
2026-01-10 00:14:00,CPU,High,27,7,2,user,32,1,CPU-Node-6,31,184
2026-01-10 00:16:00,CPU,Low,27,8,0,user,23,1,CPU-Node-30,27,109
2026-01-10 00:18:00,GPU,High,29,2,5,user,9,1,GPU-Node-46,47,189
2026-01-10 00:20:00,GPU,Medium,28,1,7,user,34,1,GPU-Node-48,35,202
2026-01-10 00:22:00,CPU,Low,45,3,8,user,24,1,CPU-Node-33,63,241
2026-01-10 00:24:00,CPU,High,31,7,7,user,40,1,CPU-Node-45,44,229
2026-01-10 00:26:00,GPU,Low,38,3,13,admin,22,1,GPU-Node-11,67,326
2026-01-10 00:28:00,CPU,Low,40,9,8,user,35,1,CPU-Node-10,56,283
2026-01-10 00:30:00,CPU,Low,42,8,3,user,60,1,CPU-Node-40,48,175
2026-01-10 00:32:00,GPU,High,33,1,12,admin,48,1,GPU-Node-29,56,330
2026-01-10 00:34:00,GPU,High,55,2,11,user,35,1,GPU-Node-34,75,366
2026-01-10 00:36:00,CPU,Low,38,5,0,user,36,1,CPU-Node-39,40,104
2026-01-10 00:38:00,GPU,Medium,51,2,8,user,19,1,GPU-Node-30,72,300
2026-01-10 00:40:00,GPU,Medium,32,1,3,user,26,1,GPU-Node-11,33,143
2026-01-10 00:42:00,CPU,Medium,43,10,9,user,26,1,CPU-Node-40,56,257
2026-01-10 00:44:00,CPU,Medium,24,1,10,admin,33,1,CPU-Node-17,36,219
2026-01-10 00:46:00,GPU,Low,33,1,7,admin,33,1,GPU-Node-43,45,236
2026-01-10 00:48:00,GPU,Low,37,1,6,user,36,1,GPU-Node-29,51,223
2026-01-10 00:50:00,CPU,High,37,5,8,user,45,1,CPU-Node-39,52,227
2026-01-10 00:52:00,CPU,High,28,7,7,user,28,1,CPU-Node-4,39,232
2026-01-10 00:54:00,GPU,Medium,45,2,9,user,29,1,GPU-Node-37,65,299
2026-01-10 00:56:00,CPU,High,29,13,7,user,42,1,CPU-Node-19,46,212
2026-01-10 00:58:00,GPU,High,40,1,10,user,54,1,GPU-Node-40,61,304
2026-01-10 01:00:00,GPU,Low,46,0,8,user,23,0,GPU-Node-35,57,255
2026-01-10 01:02:00,CPU,Low,21,7,0,user,29,1,CPU-Node-49,25,69
2026-01-10 01:04:00,CPU,Low,33,6,6,user,30,1,CPU-Node-7,44,221
2026-01-10 01:06:00,GPU,Medium,43,0,5,user,16,0,GPU-Node-1,55,247
2026-01-10 01:08:00,CPU,Low,19,2,1,user,7,1,CPU-Node-49,15,117
2026-01-10 01:10:00,CPU,Medium,50,5,13,user,27,1,CPU-Node-13,74,346
2026-01-10 01:12:00,GPU,High,44,3,10,user,54,1,GPU-Node-47,65,269
2026-01-10 01:14:00,GPU,Medium,36,1,7,user,41,1,GPU-Node-35,53,237
2026-01-10 01:16:00,CPU,Low,19,6,3,user,35,1,CPU-Node-27,20,143
2026-01-10 01:18:00,GPU,Low,33,3,12,admin,18,1,GPU-Node-28,52,314
2026-01-10 01:20:00,CPU,Low,53,7,11,user,24,1,CPU-Node-47,71,313
2026-01-10 01:22:00,CPU,Medium,37,4,7,user,41,1,CPU-Node-42,47,246
2026-01-10 01:24:00,CPU,High,30,7,5,user,42,1,CPU-Node-25,37,177
2026-01-10 01:26:00,CPU,High,19,7,3,user,23,1,CPU-Node-42,29,138
2026-01-10 01:28:00,CPU,Medium,57,13,6,user,33,1,CPU-Node-10,62,253
2026-01-10 01:30:00,CPU,High,26,4,2,user,29,1,CPU-Node-24,30,132
2026-01-10 01:32:00,GPU,Medium,48,1,11,user,37,1,GPU-Node-22,73,339
2026-01-10 01:34:00,CPU,Medium,17,1,0,user,39,1,CPU-Node-34,18,84
2026-01-10 01:36:00,GPU,High,46,3,8,user,26,1,GPU-Node-5,61,236
2026-01-10 01:38:00,GPU,High,73,1,13,admin,28,1,GPU-Node-35,100,404
2026-01-10 01:40:00,CPU,Low,36,7,7,user,32,1,CPU-Node-50,47,219
2026-01-10 01:42:00,CPU,Medium,36,8,4,user,7,1,CPU-Node-50,47,161
2026-01-10 01:44:00,CPU,Medium,29,10,6,admin,36,1,CPU-Node-11,36,202
2026-01-10 01:46:00,GPU,Low,33,2,7,user,21,1,GPU-Node-4,46,222
2026-01-10 01:48:00,GPU,Medium,35,2,5,user,20,1,GPU-Node-38,42,176
2026-01-10 01:50:00,CPU,Medium,54,9,11,user,20,1,CPU-Node-41,67,337
2026-01-10 01:52:00,CPU,High,42,10,7,user,33,1,CPU-Node-44,59,243
2026-01-10 01:54:00,CPU,Medium,40,2,12,user,43,1,CPU-Node-12,62,314
2026-01-10 01:56:00,CPU,Medium,34,6,10,user,30,1,CPU-Node-8,53,216
2026-01-10 01:58:00,CPU,Low,29,1,2,user,26,1,CPU-Node-5,32,158
2026-01-10 02:00:00,CPU,Medium,39,8,11,user,14,1,CPU-Node-10,57,279
2026-01-10 02:02:00,GPU,Low,21,1,2,user,21,1,GPU-Node-38,20,134
2026-01-10 02:04:00,CPU,Medium,35,6,4,user,24,1,CPU-Node-46,38,169
2026-01-10 02:06:00,CPU,Medium,43,7,6,user,29,1,CPU-Node-30,54,249
2026-01-10 02:08:00,CPU,Medium,22,8,1,admin,31,1,CPU-Node-7,19,95
2026-01-10 02:10:00,GPU,Low,28,3,4,user,22,1,GPU-Node-19,35,152
2026-01-10 02:12:00,CPU,Low,51,6,11,user,51,1,CPU-Node-42,74,306
2026-01-10 02:14:00,GPU,Medium,31,2,10,user,24,1,GPU-Node-15,56,256
2026-01-10 02:16:00,CPU,Medium,24,8,7,user,31,1,CPU-Node-41,40,196
2026-01-10 02:18:00,GPU,Medium,52,1,11,user,32,1,GPU-Node-43,76,316
2026-01-10 02:20:00,GPU,High,20,3,0,user,31,1,GPU-Node-6,25,81
2026-01-10 02:22:00,GPU,Medium,38,1,9,user,31,1,GPU-Node-18,53,236
2026-01-10 02:24:00,CPU,Medium,20,14,5,user,25,1,CPU-Node-6,29,176
2026-01-10 02:26:00,CPU,High,25,8,0,user,21,1,CPU-Node-26,25,123
2026-01-10 02:28:00,CPU,Low,58,15,13,admin,11,1,CPU-Node-48,93,376
2026-01-10 02:30:00,CPU,Low,27,2,8,admin,16,1,CPU-Node-13,32,228
2026-01-10 02:32:00,CPU,High,34,10,8,admin,26,1,CPU-Node-30,57,221
2026-01-10 02:34:00,CPU,High,33,6,6,user,26,1,CPU-Node-18,38,215
2026-01-10 02:36:00,GPU,Medium,38,1,8,user,34,1,GPU-Node-30,47,265
2026-01-10 02:38:00,CPU,Medium,36,2,7,admin,35,1,CPU-Node-10,39,216
2026-01-10 02:40:00,CPU,Medium,37,2,13,user,34,1,CPU-Node-49,66,313
2026-01-10 02:42:00,CPU,Medium,38,8,10,user,41,1,CPU-Node-50,56,265
2026-01-10 02:44:00,CPU,High,51,4,9,user,35,1,CPU-Node-46,70,291
2026-01-10 02:46:00,GPU,Medium,45,1,7,admin,9,1,GPU-Node-40,63,277
2026-01-10 02:48:00,GPU,High,35,0,6,user,24,0,GPU-Node-19,50,200
2026-01-10 02:50:00,GPU,Medium,60,1,9,user,20,1,GPU-Node-25,76,331
2026-01-10 02:52:00,CPU,Low,54,1,16,user,26,0,CPU-Node-11,88,371
2026-01-10 02:54:00,GPU,Low,50,3,5,user,32,1,GPU-Node-14,53,216
2026-01-10 02:56:00,CPU,Low,33,8,12,user,46,1,CPU-Node-44,55,281
2026-01-10 02:58:00,CPU,Medium,37,10,8,user,42,1,CPU-Node-16,58,230
2026-01-10 03:00:00,CPU,High,41,5,10,user,30,1,CPU-Node-21,68,289
2026-01-10 03:02:00,GPU,Medium,40,1,9,user,38,1,GPU-Node-50,60,259
2026-01-10 03:04:00,CPU,Medium,23,9,6,user,41,1,CPU-Node-42,32,189
2026-01-10 03:06:00,CPU,High,14,6,1,user,32,1,CPU-Node-49,24,74
2026-01-10 03:08:00,CPU,Medium,39,6,9,user,7,1,CPU-Node-7,57,227
2026-01-10 03:10:00,CPU,High,37,4,9,admin,40,1,CPU-Node-20,46,287
2026-01-10 03:12:00,GPU,Low,23,1,6,user,40,1,GPU-Node-46,40,169
2026-01-10 03:14:00,GPU,Medium,41,0,10,user,24,0,GPU-Node-39,67,310
2026-01-10 03:16:00,GPU,High,33,2,6,user,32,1,GPU-Node-16,37,204
2026-01-10 03:18:00,GPU,High,31,3,13,user,27,1,GPU-Node-45,60,330
2026-01-10 03:20:00,GPU,Low,34,4,5,user,29,1,GPU-Node-26,36,173
2026-01-10 03:22:00,CPU,High,39,7,11,user,12,1,CPU-Node-26,54,245
2026-01-10 03:24:00,CPU,Low,42,8,11,user,50,1,CPU-Node-37,59,295
2026-01-10 03:26:00,CPU,Medium,43,8,14,user,28,1,CPU-Node-26,74,340
2026-01-10 03:28:00,GPU,High,32,3,2,user,40,1,GPU-Node-25,32,155
2026-01-10 03:30:00,CPU,Medium,29,1,4,user,40,1,CPU-Node-28,34,102
2026-01-10 03:32:00,GPU,Low,20,1,0,user,37,1,GPU-Node-36,21,88
2026-01-10 03:34:00,GPU,Medium,42,2,8,user,29,1,GPU-Node-19,58,232
2026-01-10 03:36:00,GPU,Low,32,3,7,user,37,1,GPU-Node-17,45,233
2026-01-10 03:38:00,GPU,High,33,1,10,user,24,1,GPU-Node-27,50,281
2026-01-10 03:40:00,CPU,High,35,6,6,admin,24,1,CPU-Node-1,50,207
2026-01-10 03:42:00,CPU,Medium,30,3,6,user,40,1,CPU-Node-7,38,230
2026-01-10 03:44:00,CPU,Medium,55,6,10,user,33,1,CPU-Node-32,78,297
2026-01-10 03:46:00,CPU,Medium,34,3,10,user,41,1,CPU-Node-7,57,251
2026-01-10 03:48:00,GPU,Medium,37,0,9,user,32,0,GPU-Node-43,58,235
2026-01-10 03:50:00,CPU,High,33,9,4,user,17,1,CPU-Node-34,42,167
2026-01-10 03:52:00,CPU,Medium,29,8,0,admin,25,1,CPU-Node-2,30,117
2026-01-10 03:54:00,GPU,High,35,2,2,user,38,1,GPU-Node-20,42,164
2026-01-10 03:56:00,CPU,Medium,31,6,7,user,25,1,CPU-Node-21,39,265
2026-01-10 03:58:00,GPU,High,19,2,0,user,41,1,GPU-Node-41,14,83
2026-01-10 04:00:00,GPU,Low,43,0,15,user,24,0,GPU-Node-15,78,343
2026-01-10 04:02:00,CPU,High,21,4,6,user,36,1,CPU-Node-44,30,178
2026-01-10 04:04:00,GPU,High,43,2,10,user,45,1,GPU-Node-38,65,279
2026-01-10 04:06:00,GPU,Low,43,2,4,user,30,1,GPU-Node-8,48,204
2026-01-10 04:08:00,CPU,Medium,38,10,9,user,12,1,CPU-Node-26,48,278
2026-01-10 04:10:00,CPU,Medium,30,5,8,admin,21,1,CPU-Node-1,46,208
2026-01-10 04:12:00,CPU,Low,29,10,5,user,31,1,CPU-Node-6,41,164
2026-01-10 04:14:00,CPU,Low,54,12,11,user,35,1,CPU-Node-47,84,293
2026-01-10 04:16:00,CPU,Medium,45,8,5,user,34,1,CPU-Node-23,53,206
2026-01-10 04:18:00,CPU,Low,20,9,0,user,22,1,CPU-Node-11,30,71
2026-01-10 04:20:00,GPU,Low,43,2,6,user,13,1,GPU-Node-4,55,240
2026-01-10 04:22:00,CPU,Medium,37,6,8,user,25,1,CPU-Node-19,50,225
2026-01-10 04:24:00,GPU,Medium,24,2,3,user,41,1,GPU-Node-3,28,114
2026-01-10 04:26:00,CPU,Low,41,4,9,admin,22,1,CPU-Node-24,51,258
2026-01-10 04:28:00,CPU,High,10,6,4,user,22,1,CPU-Node-7,11,100
2026-01-10 04:30:00,GPU,Medium,16,1,1,user,16,1,GPU-Node-17,12,109
2026-01-10 04:32:00,CPU,High,51,5,6,admin,34,1,CPU-Node-10,64,244
2026-01-10 04:34:00,GPU,Low,15,0,0,user,36,0,GPU-Node-49,13,86
2026-01-10 04:36:00,GPU,Medium,22,2,5,user,33,1,GPU-Node-14,38,137
2026-01-10 04:38:00,CPU,Medium,33,6,7,user,11,1,CPU-Node-18,47,213
2026-01-10 04:40:00,GPU,Medium,47,2,7,user,20,1,GPU-Node-4,61,264
2026-01-10 04:42:00,CPU,Medium,27,12,3,user,29,1,CPU-Node-46,30,107
2026-01-10 04:44:00,CPU,High,39,8,8,user,19,1,CPU-Node-18,54,247
2026-01-10 04:46:00,CPU,Medium,44,6,7,admin,37,1,CPU-Node-15,63,238
2026-01-10 04:48:00,CPU,Medium,41,6,8,user,26,1,CPU-Node-39,58,254
2026-01-10 04:50:00,CPU,High,42,8,6,user,32,1,CPU-Node-42,54,251
2026-01-10 04:52:00,CPU,Medium,42,3,10,user,21,1,CPU-Node-32,61,319
2026-01-10 04:54:00,CPU,High,38,7,9,user,31,1,CPU-Node-23,50,270
2026-01-10 04:56:00,GPU,Low,32,1,5,user,32,1,GPU-Node-17,38,208
2026-01-10 04:58:00,CPU,High,34,6,5,user,44,1,CPU-Node-39,59,161
2026-01-10 05:00:00,CPU,Low,35,8,3,user,26,1,CPU-Node-24,39,162
2026-01-10 05:02:00,CPU,High,37,11,6,user,11,1,CPU-Node-4,52,202
2026-01-10 05:04:00,CPU,Medium,36,3,4,user,34,1,CPU-Node-23,42,171
2026-01-10 05:06:00,GPU,Low,17,3,3,user,32,1,GPU-Node-34,21,114
2026-01-10 05:08:00,CPU,Medium,20,8,4,user,32,1,CPU-Node-45,19,177
2026-01-10 05:10:00,GPU,High,42,2,11,user,35,1,GPU-Node-26,64,303
2026-01-10 05:12:00,CPU,Medium,19,4,0,user,29,1,CPU-Node-37,22,67
2026-01-10 05:14:00,CPU,Low,14,3,2,user,26,1,CPU-Node-6,19,124
2026-01-10 05:16:00,GPU,Medium,37,3,9,user,32,1,GPU-Node-21,63,263
2026-01-10 05:18:00,GPU,Low,44,1,9,user,16,1,GPU-Node-26,58,294
2026-01-10 05:20:00,CPU,Medium,21,6,0,admin,39,1,CPU-Node-19,25,90
2026-01-10 05:22:00,CPU,Low,56,5,14,user,36,1,CPU-Node-14,83,425
2026-01-10 05:24:00,CPU,Low,38,5,6,user,18,1,CPU-Node-39,44,236
2026-01-10 05:26:00,CPU,High,24,5,3,admin,32,1,CPU-Node-34,34,154
2026-01-10 05:28:00,CPU,Medium,45,5,3,user,33,1,CPU-Node-38,47,182
2026-01-10 05:30:00,GPU,Medium,31,4,6,user,31,1,GPU-Node-19,41,201
2026-01-10 05:32:00,GPU,High,31,2,6,user,20,1,GPU-Node-46,41,230
2026-01-10 05:34:00,CPU,High,29,8,5,user,14,1,CPU-Node-25,50,178
2026-01-10 05:36:00,CPU,Low,42,13,8,admin,41,1,CPU-Node-4,64,245
2026-01-10 05:38:00,CPU,High,43,3,10,user,25,1,CPU-Node-33,62,307
2026-01-10 05:40:00,CPU,Low,34,9,5,user,30,1,CPU-Node-12,45,203
2026-01-10 05:42:00,CPU,Medium,53,5,14,user,26,1,CPU-Node-29,83,411
2026-01-10 05:44:00,CPU,Medium,31,5,5,admin,17,1,CPU-Node-49,40,197
2026-01-10 05:46:00,GPU,Low,20,1,1,user,27,1,GPU-Node-50,33,139
2026-01-10 05:48:00,CPU,Medium,35,12,2,user,57,1,CPU-Node-31,34,141
2026-01-10 05:50:00,GPU,Low,38,1,11,user,20,1,GPU-Node-12,64,300
2026-01-10 05:52:00,CPU,High,30,10,8,user,36,1,CPU-Node-43,40,220
2026-01-10 05:54:00,CPU,Medium,50,11,9,user,29,1,CPU-Node-5,66,308
2026-01-10 05:56:00,CPU,Medium,13,6,0,user,35,1,CPU-Node-31,17,84
2026-01-10 05:58:00,CPU,Medium,47,12,12,user,27,1,CPU-Node-37,72,330
2026-01-10 06:00:00,CPU,Medium,43,3,9,user,19,1,CPU-Node-30,54,261
2026-01-10 06:02:00,CPU,Medium,52,8,7,user,27,1,CPU-Node-48,58,232
2026-01-10 06:04:00,CPU,Medium,35,4,6,user,43,1,CPU-Node-41,47,208
2026-01-10 06:06:00,GPU,High,43,1,9,user,46,1,GPU-Node-19,66,241
2026-01-10 06:08:00,CPU,Medium,51,14,8,user,31,1,CPU-Node-27,70,248
2026-01-10 06:10:00,CPU,Medium,36,11,7,user,27,1,CPU-Node-11,44,229
2026-01-10 06:12:00,GPU,Low,24,2,4,user,13,1,GPU-Node-5,32,116
2026-01-10 06:14:00,GPU,Low,10,2,1,admin,33,1,GPU-Node-8,16,92
2026-01-10 06:16:00,CPU,Medium,36,12,5,user,21,1,CPU-Node-41,44,196
2026-01-10 06:18:00,CPU,Medium,26,11,1,admin,23,1,CPU-Node-18,30,139
2026-01-10 06:20:00,CPU,Low,35,4,3,user,20,1,CPU-Node-49,43,153
2026-01-10 06:22:00,CPU,Low,40,4,11,user,28,1,CPU-Node-25,51,337
2026-01-10 06:24:00,GPU,Medium,40,2,2,user,14,1,GPU-Node-21,45,147
2026-01-10 06:26:00,CPU,Low,35,4,5,user,31,1,CPU-Node-18,40,232
2026-01-10 06:28:00,CPU,High,46,4,11,user,28,1,CPU-Node-48,63,318
2026-01-10 06:30:00,GPU,High,29,2,5,user,45,1,GPU-Node-49,34,198
2026-01-10 06:32:00,CPU,High,44,9,6,admin,36,1,CPU-Node-8,53,211
2026-01-10 06:34:00,CPU,High,27,7,8,admin,41,1,CPU-Node-17,44,206
2026-01-10 06:36:00,GPU,Medium,32,0,8,user,27,0,GPU-Node-37,49,215
2026-01-10 06:38:00,CPU,High,36,9,5,admin,16,1,CPU-Node-28,42,187
2026-01-10 06:40:00,GPU,High,50,2,12,user,19,1,GPU-Node-20,68,335
2026-01-10 06:42:00,CPU,Low,42,8,6,user,25,1,CPU-Node-44,56,229
2026-01-10 06:44:00,CPU,Medium,40,6,3,user,25,1,CPU-Node-40,43,210
2026-01-10 06:46:00,GPU,Medium,26,2,9,user,23,1,GPU-Node-19,43,233
2026-01-10 06:48:00,GPU,Low,42,2,7,user,33,1,GPU-Node-47,55,247
2026-01-10 06:50:00,CPU,Medium,41,6,11,user,28,1,CPU-Node-26,65,290
2026-01-10 06:52:00,GPU,High,35,2,7,admin,45,1,GPU-Node-16,44,217
2026-01-10 06:54:00,CPU,Medium,39,13,7,user,34,1,CPU-Node-11,53,232
2026-01-10 06:56:00,CPU,Low,46,7,10,user,41,1,CPU-Node-15,75,311
2026-01-10 06:58:00,GPU,Low,35,2,3,user,41,1,GPU-Node-17,44,176
2026-01-10 07:00:00,CPU,High,37,14,5,admin,24,1,CPU-Node-18,43,229
2026-01-10 07:02:00,CPU,High,26,9,8,user,23,1,CPU-Node-21,37,237
2026-01-10 07:04:00,CPU,Medium,40,11,11,user,37,1,CPU-Node-26,61,281
2026-01-10 07:06:00,CPU,Low,23,7,5,admin,33,1,CPU-Node-8,31,172
2026-01-10 07:08:00,GPU,Medium,35,2,10,admin,14,1,GPU-Node-15,58,247
2026-01-10 07:10:00,GPU,Medium,30,1,7,admin,39,1,GPU-Node-50,38,218
2026-01-10 07:12:00,GPU,Medium,42,2,8,user,32,1,GPU-Node-30,62,250
2026-01-10 07:14:00,CPU,Medium,56,4,10,user,22,1,CPU-Node-44,76,312
2026-01-10 07:16:00,CPU,Low,40,10,8,user,33,1,CPU-Node-43,60,268
2026-01-10 07:18:00,CPU,Low,20,14,5,user,29,1,CPU-Node-20,40,156
2026-01-10 07:20:00,CPU,Medium,33,7,7,user,35,1,CPU-Node-6,49,230
2026-01-10 07:22:00,GPU,Medium,46,2,13,user,34,1,GPU-Node-46,80,315
2026-01-10 07:24:00,CPU,Medium,26,7,3,user,25,1,CPU-Node-19,32,175
2026-01-10 07:26:00,GPU,Medium,44,1,3,admin,26,1,GPU-Node-15,45,147
2026-01-10 07:28:00,CPU,Low,44,9,4,user,34,1,CPU-Node-40,55,189
2026-01-10 07:30:00,GPU,High,35,4,6,admin,15,1,GPU-Node-23,50,242
2026-01-10 07:32:00,GPU,Medium,27,1,8,user,27,1,GPU-Node-44,51,228
2026-01-10 07:34:00,CPU,High,14,9,5,user,30,1,CPU-Node-38,23,159
2026-01-10 07:36:00,GPU,Medium,48,2,12,user,37,1,GPU-Node-7,65,306
2026-01-10 07:38:00,GPU,Medium,52,2,7,user,35,1,GPU-Node-35,65,266
2026-01-10 07:40:00,CPU,High,47,6,10,user,31,1,CPU-Node-37,59,306
2026-01-10 07:42:00,GPU,Low,33,0,6,user,42,0,GPU-Node-21,37,224
2026-01-10 07:44:00,GPU,Medium,26,3,6,user,23,1,GPU-Node-21,34,182
2026-01-10 07:46:00,GPU,Medium,29,0,11,admin,36,0,GPU-Node-26,53,253
2026-01-10 07:48:00,CPU,Low,37,9,10,user,43,1,CPU-Node-24,63,250
2026-01-10 07:50:00,CPU,High,45,4,13,admin,23,1,CPU-Node-8,74,359
2026-01-10 07:52:00,CPU,High,42,6,10,admin,33,1,CPU-Node-50,65,276
2026-01-10 07:54:00,CPU,Low,32,10,2,user,30,1,CPU-Node-26,36,144
2026-01-10 07:56:00,CPU,High,45,9,4,admin,29,1,CPU-Node-48,52,197
2026-01-10 07:58:00,GPU,High,52,3,13,user,41,1,GPU-Node-4,69,359
2026-01-10 08:00:00,CPU,Medium,30,5,5,user,42,1,CPU-Node-24,46,205
2026-01-10 08:02:00,CPU,Medium,53,5,8,admin,31,1,CPU-Node-2,72,271
2026-01-10 08:04:00,CPU,High,18,6,3,user,27,1,CPU-Node-36,26,130
2026-01-10 08:06:00,GPU,Medium,44,2,5,user,7,1,GPU-Node-1,48,269
2026-01-10 08:08:00,CPU,Low,26,2,0,user,24,1,CPU-Node-16,30,67
2026-01-10 08:10:00,CPU,High,40,10,10,user,19,1,CPU-Node-49,65,280
2026-01-10 08:12:00,CPU,Medium,39,10,9,user,23,1,CPU-Node-36,61,259
2026-01-10 08:14:00,CPU,Low,34,8,3,user,34,1,CPU-Node-38,39,152
2026-01-10 08:16:00,CPU,Low,40,10,2,user,23,1,CPU-Node-21,40,152
2026-01-10 08:18:00,CPU,High,42,12,11,user,43,1,CPU-Node-4,68,307
2026-01-10 08:20:00,CPU,Low,30,10,1,user,28,1,CPU-Node-33,32,134
2026-01-10 08:22:00,GPU,Low,16,2,2,admin,13,1,GPU-Node-47,11,100
2026-01-10 08:24:00,CPU,Low,49,9,11,user,58,1,CPU-Node-34,75,291
2026-01-10 08:26:00,GPU,Medium,26,1,1,user,21,1,GPU-Node-20,21,147
2026-01-10 08:28:00,CPU,Low,44,6,12,admin,52,1,CPU-Node-25,58,316
2026-01-10 08:30:00,GPU,Low,28,0,6,user,35,0,GPU-Node-5,41,197
2026-01-10 08:32:00,CPU,Low,23,12,1,user,31,1,CPU-Node-39,26,78
2026-01-10 08:34:00,CPU,High,31,11,4,admin,19,1,CPU-Node-37,37,178
2026-01-10 08:36:00,CPU,Low,38,8,11,user,45,1,CPU-Node-26,53,273
2026-01-10 08:38:00,CPU,Low,40,2,7,user,27,1,CPU-Node-10,60,228
2026-01-10 08:40:00,CPU,Low,47,8,11,user,23,1,CPU-Node-27,66,345
2026-01-10 08:42:00,GPU,Medium,17,1,6,user,38,1,GPU-Node-44,26,160
2026-01-10 08:44:00,GPU,Medium,31,0,6,user,42,0,GPU-Node-12,46,192
2026-01-10 08:46:00,CPU,Medium,32,10,9,user,29,1,CPU-Node-40,59,256
2026-01-10 08:48:00,GPU,Medium,36,0,6,user,30,0,GPU-Node-37,42,246
2026-01-10 08:50:00,CPU,Medium,20,10,5,user,27,1,CPU-Node-46,24,173
2026-01-10 08:52:00,CPU,Low,31,10,6,admin,27,1,CPU-Node-41,48,218
2026-01-10 08:54:00,CPU,Low,36,12,8,user,32,1,CPU-Node-26,54,228
2026-01-10 08:56:00,GPU,High,20,1,0,user,31,1,GPU-Node-16,18,89
2026-01-10 08:58:00,CPU,Medium,29,11,13,user,27,1,CPU-Node-29,63,335
2026-01-10 09:00:00,GPU,Low,83,1,15,user,30,1,GPU-Node-44,100,448
2026-01-10 09:02:00,GPU,High,80,2,18,user,47,0,GPU-Node-38,100,496
2026-01-10 09:04:00,CPU,Medium,80,10,21,user,19,0,CPU-Node-7,100,499
2026-01-10 09:06:00,CPU,Low,91,3,20,user,40,0,CPU-Node-14,100,487
2026-01-10 09:08:00,CPU,Medium,66,6,12,user,27,1,CPU-Node-40,90,372
2026-01-10 09:10:00,GPU,High,79,2,15,admin,21,1,GPU-Node-12,100,421
2026-01-10 09:12:00,GPU,High,71,3,11,user,20,1,GPU-Node-4,90,365
2026-01-10 09:14:00,GPU,Low,60,1,10,user,21,1,GPU-Node-44,84,346
2026-01-10 09:16:00,CPU,High,92,4,19,user,24,0,CPU-Node-6,100,513
2026-01-10 09:18:00,CPU,Medium,80,10,13,user,36,1,CPU-Node-29,100,434
2026-01-10 09:20:00,CPU,High,80,5,14,user,31,1,CPU-Node-22,100,413
2026-01-10 09:22:00,GPU,Low,81,1,24,user,33,0,GPU-Node-39,100,551
2026-01-10 09:24:00,GPU,High,61,1,16,user,30,0,GPU-Node-23,91,401
2026-01-10 09:26:00,GPU,Medium,80,1,17,user,28,0,GPU-Node-25,100,468
2026-01-10 09:28:00,GPU,Medium,66,3,16,user,33,0,GPU-Node-43,100,419
2026-01-10 09:30:00,GPU,High,75,0,18,user,29,0,GPU-Node-19,100,502
2026-01-10 09:32:00,CPU,Medium,80,8,12,user,54,1,CPU-Node-20,96,372
2026-01-10 09:34:00,CPU,Medium,100,6,23,user,16,0,CPU-Node-30,100,580
2026-01-10 09:36:00,CPU,Medium,61,11,3,user,17,1,CPU-Node-24,63,196
2026-01-10 09:38:00,CPU,High,76,9,15,user,31,1,CPU-Node-9,100,456
2026-01-10 09:40:00,CPU,High,61,8,11,user,26,1,CPU-Node-20,79,348
2026-01-10 09:42:00,CPU,High,90,10,15,admin,20,1,CPU-Node-42,100,457
2026-01-10 09:44:00,CPU,Low,87,11,17,user,30,0,CPU-Node-39,100,516
2026-01-10 09:46:00,CPU,Medium,79,2,21,user,33,0,CPU-Node-40,100,487
2026-01-10 09:48:00,GPU,Medium,76,0,13,user,43,0,GPU-Node-14,100,421
2026-01-10 09:50:00,CPU,Medium,84,6,22,user,16,0,CPU-Node-40,100,504
2026-01-10 09:52:00,CPU,Medium,83,9,19,user,21,0,CPU-Node-21,100,490
2026-01-10 09:54:00,CPU,High,76,6,8,user,41,1,CPU-Node-1,89,301
2026-01-10 09:56:00,CPU,High,58,11,10,user,27,1,CPU-Node-42,82,332
2026-01-10 09:58:00,GPU,Low,91,1,15,user,12,0,GPU-Node-18,100,461
2026-01-10 10:00:00,GPU,Medium,49,3,13,user,20,1,GPU-Node-35,73,347
2026-01-10 10:02:00,GPU,High,61,2,17,user,26,0,GPU-Node-29,100,417
2026-01-10 10:04:00,CPU,Medium,84,3,17,user,38,0,CPU-Node-19,100,503
2026-01-10 10:06:00,CPU,High,78,7,17,admin,40,1,CPU-Node-12,100,423
2026-01-10 10:08:00,GPU,High,75,1,11,admin,29,1,GPU-Node-15,94,349
2026-01-10 10:10:00,GPU,Medium,77,3,16,user,35,0,GPU-Node-41,100,426
2026-01-10 10:12:00,CPU,Medium,79,9,15,user,34,1,CPU-Node-6,100,416
2026-01-10 10:14:00,CPU,Low,79,7,15,user,39,1,CPU-Node-10,100,458
2026-01-10 10:16:00,GPU,High,68,1,13,user,31,1,GPU-Node-14,91,382
2026-01-10 10:18:00,CPU,Low,84,8,19,user,32,0,CPU-Node-31,100,503
2026-01-10 10:20:00,GPU,High,63,0,13,admin,37,0,GPU-Node-7,84,359
2026-01-10 10:22:00,CPU,Low,61,9,15,user,38,1,CPU-Node-5,89,376
2026-01-10 10:24:00,GPU,Medium,76,0,14,user,35,0,GPU-Node-12,100,422
2026-01-10 10:26:00,GPU,Low,72,4,13,user,37,1,GPU-Node-9,100,389
2026-01-10 10:28:00,CPU,Low,99,4,20,admin,29,0,CPU-Node-38,100,547
2026-01-10 10:30:00,GPU,High,67,1,11,admin,23,1,GPU-Node-7,80,333
2026-01-10 10:32:00,CPU,Medium,81,8,11,user,18,1,CPU-Node-28,100,364
2026-01-10 10:34:00,CPU,Medium,66,5,19,user,37,0,CPU-Node-22,97,485
2026-01-10 10:36:00,CPU,High,74,17,10,user,47,1,CPU-Node-39,99,304
2026-01-10 10:38:00,CPU,High,83,7,15,user,36,1,CPU-Node-25,100,436
2026-01-10 10:40:00,GPU,Medium,81,1,9,user,23,1,GPU-Node-35,100,336
2026-01-10 10:42:00,CPU,Low,76,4,17,user,24,0,CPU-Node-46,100,434
2026-01-10 10:44:00,CPU,Medium,62,3,12,user,27,1,CPU-Node-7,87,371
2026-01-10 10:46:00,GPU,Low,86,1,19,user,35,0,GPU-Node-34,100,504
2026-01-10 10:48:00,CPU,Medium,66,7,12,admin,20,1,CPU-Node-4,94,380
2026-01-10 10:50:00,CPU,Low,51,5,5,user,29,1,CPU-Node-42,66,215
2026-01-10 10:52:00,CPU,High,81,10,15,user,43,1,CPU-Node-4,100,447
2026-01-10 10:54:00,CPU,Low,70,5,16,user,19,0,CPU-Node-29,92,430
2026-01-10 10:56:00,CPU,Medium,71,12,19,user,34,0,CPU-Node-39,100,493
2026-01-10 10:58:00,CPU,High,73,13,12,admin,27,1,CPU-Node-23,100,364
2026-01-10 11:00:00,CPU,Medium,70,7,15,admin,31,1,CPU-Node-41,99,410
2026-01-10 11:02:00,CPU,High,88,11,12,user,29,1,CPU-Node-48,100,370
2026-01-10 11:04:00,GPU,Medium,70,2,9,user,33,1,GPU-Node-2,83,327
2026-01-10 11:06:00,CPU,High,90,12,25,user,31,0,CPU-Node-13,100,594
2026-01-10 11:08:00,CPU,High,77,7,18,user,5,0,CPU-Node-49,100,473
2026-01-10 11:10:00,CPU,Low,77,4,18,user,39,0,CPU-Node-10,100,470
2026-01-10 11:12:00,GPU,Medium,84,1,17,user,32,0,GPU-Node-40,100,472
2026-01-10 11:14:00,GPU,Medium,92,2,21,user,20,0,GPU-Node-20,100,551
2026-01-10 11:16:00,GPU,Low,74,1,17,user,24,0,GPU-Node-22,100,474
2026-01-10 11:18:00,CPU,Medium,79,10,10,user,37,1,CPU-Node-15,100,332
2026-01-10 11:20:00,CPU,Low,85,11,13,user,40,1,CPU-Node-45,100,411
2026-01-10 11:22:00,CPU,High,82,7,19,user,36,0,CPU-Node-12,100,497
2026-01-10 11:24:00,CPU,High,69,8,7,admin,35,1,CPU-Node-11,88,252
2026-01-10 11:26:00,CPU,Medium,57,4,15,user,29,1,CPU-Node-28,85,357
2026-01-10 11:28:00,CPU,Low,80,4,12,user,45,1,CPU-Node-50,100,398
2026-01-10 11:30:00,CPU,Low,68,3,13,user,31,1,CPU-Node-24,92,356
2026-01-10 11:32:00,CPU,Medium,68,10,12,user,27,1,CPU-Node-40,85,359
2026-01-10 11:34:00,CPU,Low,61,12,12,user,20,1,CPU-Node-29,85,353
2026-01-10 11:36:00,GPU,Medium,72,0,10,user,34,0,GPU-Node-11,94,344
2026-01-10 11:38:00,CPU,High,81,5,14,user,37,1,CPU-Node-33,100,378
2026-01-10 11:40:00,CPU,Medium,83,8,17,user,14,0,CPU-Node-28,100,460
2026-01-10 11:42:00,GPU,Medium,68,2,11,user,25,1,GPU-Node-5,93,352
2026-01-10 11:44:00,GPU,High,72,1,12,user,25,1,GPU-Node-23,88,359
2026-01-10 11:46:00,GPU,Low,65,1,16,user,37,0,GPU-Node-29,93,418
2026-01-10 11:48:00,CPU,Medium,77,7,14,user,39,1,CPU-Node-20,100,411
2026-01-10 11:50:00,GPU,Medium,62,2,11,user,20,1,GPU-Node-23,83,325
2026-01-10 11:52:00,GPU,High,69,1,11,user,38,1,GPU-Node-44,85,371
2026-01-10 11:54:00,CPU,Medium,91,9,13,user,33,1,CPU-Node-9,100,398
2026-01-10 11:56:00,CPU,Low,83,11,14,user,40,1,CPU-Node-23,100,441
2026-01-10 11:58:00,CPU,Medium,77,6,13,user,23,1,CPU-Node-42,100,378
2026-01-10 12:00:00,CPU,High,57,10,11,user,38,1,CPU-Node-8,77,316
2026-01-10 12:02:00,CPU,Medium,78,11,19,user,28,0,CPU-Node-30,100,476
2026-01-10 12:04:00,CPU,Low,67,8,11,user,22,1,CPU-Node-40,82,357
2026-01-10 12:06:00,GPU,High,78,2,22,user,28,0,GPU-Node-4,100,530
2026-01-10 12:08:00,GPU,High,75,1,16,admin,27,1,GPU-Node-18,100,435
2026-01-10 12:10:00,GPU,Medium,93,3,13,user,18,1,GPU-Node-45,100,396
2026-01-10 12:12:00,GPU,High,68,3,16,user,41,0,GPU-Node-31,100,437
2026-01-10 12:14:00,CPU,Medium,76,9,15,user,31,1,CPU-Node-4,86,434
2026-01-10 12:16:00,CPU,Low,89,9,20,user,23,0,CPU-Node-45,100,515
2026-01-10 12:18:00,GPU,High,70,2,13,user,34,1,GPU-Node-23,97,348
2026-01-10 12:20:00,GPU,High,70,2,15,user,13,1,GPU-Node-5,97,444
2026-01-10 12:22:00,CPU,High,67,5,14,user,31,1,CPU-Node-8,100,407
2026-01-10 12:24:00,CPU,Low,76,8,16,user,30,0,CPU-Node-20,100,436
2026-01-10 12:26:00,CPU,Medium,87,8,22,user,47,0,CPU-Node-4,100,542
2026-01-10 12:28:00,CPU,High,60,10,12,user,35,1,CPU-Node-3,80,358
2026-01-10 12:30:00,CPU,Medium,99,8,18,user,25,0,CPU-Node-13,100,529
2026-01-10 12:32:00,CPU,High,69,5,13,user,33,1,CPU-Node-48,96,361
2026-01-10 12:34:00,GPU,High,78,2,18,user,12,0,GPU-Node-35,100,492
2026-01-10 12:36:00,CPU,Low,55,6,9,user,31,1,CPU-Node-43,71,318
2026-01-10 12:38:00,CPU,Medium,63,7,9,user,33,1,CPU-Node-30,79,301
2026-01-10 12:40:00,GPU,High,71,0,16,user,37,0,GPU-Node-3,100,432
2026-01-10 12:42:00,CPU,Medium,67,5,18,user,31,0,CPU-Node-31,92,432
2026-01-10 12:44:00,GPU,High,86,3,18,user,32,0,GPU-Node-5,100,479
2026-01-10 12:46:00,CPU,High,62,2,11,admin,13,1,CPU-Node-8,81,346
2026-01-10 12:48:00,CPU,Medium,57,5,14,user,36,1,CPU-Node-7,82,385
2026-01-10 12:50:00,GPU,Medium,74,0,17,user,35,0,GPU-Node-16,100,446
2026-01-10 12:52:00,GPU,High,66,0,18,admin,10,0,GPU-Node-40,100,449
2026-01-10 12:54:00,GPU,Medium,63,1,10,admin,18,1,GPU-Node-24,85,329
2026-01-10 12:56:00,GPU,Medium,60,3,13,user,29,1,GPU-Node-39,89,347
2026-01-10 12:58:00,CPU,Low,73,12,14,user,31,1,CPU-Node-45,98,399
2026-01-10 13:00:00,CPU,Medium,77,5,10,user,20,1,CPU-Node-24,93,345
2026-01-10 13:02:00,GPU,Low,83,2,9,user,23,1,GPU-Node-8,100,377
2026-01-10 13:04:00,GPU,High,90,2,18,user,42,0,GPU-Node-31,100,507
2026-01-10 13:06:00,CPU,Medium,72,8,8,admin,52,1,CPU-Node-40,86,338
2026-01-10 13:08:00,GPU,Medium,76,3,17,user,32,0,GPU-Node-29,100,452
2026-01-10 13:10:00,CPU,High,89,6,16,user,33,0,CPU-Node-20,100,429
2026-01-10 13:12:00,GPU,Low,80,1,20,user,37,0,GPU-Node-8,100,493
2026-01-10 13:14:00,CPU,Medium,68,7,15,user,37,1,CPU-Node-29,88,396
2026-01-10 13:16:00,CPU,High,65,1,14,user,44,1,CPU-Node-21,96,392
2026-01-10 13:18:00,CPU,High,80,4,13,admin,17,1,CPU-Node-21,100,417
2026-01-10 13:20:00,CPU,Low,61,6,16,admin,38,0,CPU-Node-27,88,428
2026-01-10 13:22:00,CPU,Low,77,10,14,user,43,1,CPU-Node-35,100,419
2026-01-10 13:24:00,CPU,Low,82,6,15,user,23,1,CPU-Node-22,100,482
2026-01-10 13:26:00,CPU,Medium,80,4,12,user,35,1,CPU-Node-28,100,396
2026-01-10 13:28:00,GPU,Low,81,2,20,user,29,0,GPU-Node-22,100,517
2026-01-10 13:30:00,GPU,High,64,2,13,user,7,1,GPU-Node-49,89,342
2026-01-10 13:32:00,CPU,Low,63,8,10,user,37,1,CPU-Node-37,88,309
2026-01-10 13:34:00,CPU,High,61,8,10,user,41,1,CPU-Node-23,78,303
2026-01-10 13:36:00,GPU,High,64,1,16,user,24,0,GPU-Node-48,96,393
2026-01-10 13:38:00,CPU,Low,74,7,14,user,32,1,CPU-Node-17,100,384
2026-01-10 13:40:00,CPU,Medium,68,12,12,user,29,1,CPU-Node-10,90,389
2026-01-10 13:42:00,GPU,Medium,76,3,14,user,24,1,GPU-Node-5,100,411
2026-01-10 13:44:00,GPU,High,72,3,12,user,27,1,GPU-Node-43,98,376
2026-01-10 13:46:00,CPU,High,69,8,9,user,18,1,CPU-Node-44,88,310
2026-01-10 13:48:00,GPU,High,64,3,13,user,26,1,GPU-Node-13,85,385
2026-01-10 13:50:00,CPU,Medium,79,7,13,user,32,1,CPU-Node-48,100,418
2026-01-10 13:52:00,CPU,Medium,76,8,14,user,21,1,CPU-Node-6,100,445
2026-01-10 13:54:00,CPU,High,77,11,13,user,25,1,CPU-Node-42,100,370
2026-01-10 13:56:00,GPU,Low,66,3,13,user,37,1,GPU-Node-19,89,342
2026-01-10 13:58:00,CPU,Low,65,11,12,user,25,1,CPU-Node-24,89,333
2026-01-10 14:00:00,CPU,Medium,78,7,14,user,50,1,CPU-Node-26,100,444
2026-01-10 14:02:00,GPU,Medium,57,1,10,admin,33,1,GPU-Node-33,79,308
2026-01-10 14:04:00,GPU,Low,94,1,21,user,36,0,GPU-Node-28,100,551
2026-01-10 14:06:00,CPU,Low,45,10,6,user,28,1,CPU-Node-43,53,247
2026-01-10 14:08:00,CPU,Medium,76,8,17,user,38,0,CPU-Node-2,100,479
2026-01-10 14:10:00,CPU,Low,55,5,10,user,6,1,CPU-Node-40,70,317
2026-01-10 14:12:00,GPU,High,70,0,9,user,35,0,GPU-Node-16,86,331
2026-01-10 14:14:00,CPU,Medium,82,11,12,admin,17,1,CPU-Node-1,100,395
2026-01-10 14:16:00,CPU,High,71,6,17,user,32,0,CPU-Node-14,100,447
2026-01-10 14:18:00,GPU,High,82,2,23,user,33,0,GPU-Node-30,100,573
2026-01-10 14:20:00,GPU,High,65,0,12,user,16,0,GPU-Node-18,93,381
2026-01-10 14:22:00,CPU,High,77,10,16,user,33,0,CPU-Node-31,100,438
2026-01-10 14:24:00,GPU,High,63,3,16,user,21,0,GPU-Node-25,99,421
2026-01-10 14:26:00,GPU,Medium,78,2,13,user,37,1,GPU-Node-21,100,401
2026-01-10 14:28:00,CPU,Medium,87,7,18,user,26,0,CPU-Node-4,100,470
2026-01-10 14:30:00,CPU,Medium,68,7,15,user,5,1,CPU-Node-11,100,439
2026-01-10 14:32:00,GPU,High,78,1,12,user,24,1,GPU-Node-10,93,349
2026-01-10 14:34:00,GPU,High,88,3,21,admin,34,1,GPU-Node-9,100,567
2026-01-10 14:36:00,CPU,Medium,79,13,15,user,12,1,CPU-Node-47,100,418
2026-01-10 14:38:00,CPU,High,81,6,12,admin,31,1,CPU-Node-38,100,388
2026-01-10 14:40:00,GPU,High,100,1,18,user,35,0,GPU-Node-12,100,508
2026-01-10 14:42:00,GPU,Low,79,1,14,admin,30,1,GPU-Node-40,98,429
2026-01-10 14:44:00,CPU,High,67,10,11,user,14,1,CPU-Node-8,86,357
2026-01-10 14:46:00,CPU,Medium,62,1,11,user,44,1,CPU-Node-50,85,310
2026-01-10 14:48:00,CPU,Low,80,8,13,user,34,1,CPU-Node-33,100,412
2026-01-10 14:50:00,CPU,Medium,66,7,11,user,44,1,CPU-Node-5,92,374
2026-01-10 14:52:00,GPU,Low,75,0,13,user,31,0,GPU-Node-15,100,378
2026-01-10 14:54:00,CPU,Medium,85,12,15,user,28,1,CPU-Node-8,100,467
2026-01-10 14:56:00,CPU,Medium,72,9,18,user,16,0,CPU-Node-36,100,461
2026-01-10 14:58:00,GPU,Low,69,0,16,user,16,0,GPU-Node-4,98,429
2026-01-10 15:00:00,CPU,Low,73,10,16,user,37,0,CPU-Node-3,100,409
2026-01-10 15:02:00,CPU,Low,77,11,6,admin,36,1,CPU-Node-48,81,298
2026-01-10 15:04:00,CPU,Low,90,4,16,user,34,0,CPU-Node-11,100,494
2026-01-10 15:06:00,GPU,High,66,1,11,user,29,1,GPU-Node-31,86,342
2026-01-10 15:08:00,GPU,Medium,81,0,11,user,39,0,GPU-Node-24,100,347
2026-01-10 15:10:00,GPU,High,81,0,20,user,10,0,GPU-Node-35,100,528
2026-01-10 15:12:00,CPU,Medium,63,8,16,user,30,0,CPU-Node-7,96,390
2026-01-10 15:14:00,GPU,High,79,2,16,user,26,0,GPU-Node-9,100,436
2026-01-10 15:16:00,GPU,High,86,0,18,user,45,0,GPU-Node-47,100,514
2026-01-10 15:18:00,CPU,Medium,63,5,13,user,23,1,CPU-Node-31,88,372
2026-01-10 15:20:00,CPU,Medium,72,6,17,user,40,0,CPU-Node-45,100,452
2026-01-10 15:22:00,CPU,Medium,79,14,12,user,27,1,CPU-Node-1,100,379
2026-01-10 15:24:00,CPU,Medium,78,11,17,user,43,0,CPU-Node-32,100,479
2026-01-10 15:26:00,GPU,Medium,74,2,19,user,21,0,GPU-Node-7,100,492
2026-01-10 15:28:00,GPU,Low,70,1,7,user,37,1,GPU-Node-14,89,300
2026-01-10 15:30:00,GPU,Medium,69,1,13,admin,34,1,GPU-Node-3,81,388
2026-01-10 15:32:00,GPU,High,72,0,16,user,28,0,GPU-Node-5,100,449
2026-01-10 15:34:00,CPU,High,80,7,16,user,34,0,CPU-Node-23,100,459
2026-01-10 15:36:00,CPU,Medium,84,7,14,admin,23,1,CPU-Node-1,100,450
2026-01-10 15:38:00,CPU,High,74,2,16,user,36,0,CPU-Node-12,100,454
2026-01-10 15:40:00,GPU,Medium,84,2,21,user,50,0,GPU-Node-50,100,522
2026-01-10 15:42:00,CPU,High,94,10,20,user,23,0,CPU-Node-43,100,510
2026-01-10 15:44:00,CPU,Medium,85,5,18,user,38,0,CPU-Node-10,100,472
2026-01-10 15:46:00,GPU,Low,72,1,11,user,24,1,GPU-Node-17,86,375
2026-01-10 15:48:00,CPU,Medium,69,10,14,user,24,1,CPU-Node-11,100,404
2026-01-10 15:50:00,GPU,High,78,1,17,user,26,0,GPU-Node-11,100,450
2026-01-10 15:52:00,CPU,Low,77,15,11,user,5,1,CPU-Node-47,88,361
2026-01-10 15:54:00,CPU,High,92,10,19,user,26,0,CPU-Node-42,100,486
2026-01-10 15:56:00,CPU,High,67,8,14,admin,43,1,CPU-Node-20,97,390
2026-01-10 15:58:00,CPU,Medium,59,11,14,user,21,1,CPU-Node-37,83,394
2026-01-10 16:00:00,CPU,High,94,8,16,user,28,0,CPU-Node-2,100,514
2026-01-10 16:02:00,CPU,Medium,67,6,11,user,15,1,CPU-Node-32,95,363
2026-01-10 16:04:00,GPU,Low,67,2,6,user,33,1,GPU-Node-6,72,292
2026-01-10 16:06:00,GPU,Low,62,2,11,user,63,1,GPU-Node-22,76,342
2026-01-10 16:08:00,GPU,Medium,63,1,10,user,45,1,GPU-Node-40,88,320
2026-01-10 16:10:00,CPU,Medium,67,5,12,user,27,1,CPU-Node-9,94,355
2026-01-10 16:12:00,CPU,High,81,12,18,user,27,0,CPU-Node-41,100,484
2026-01-10 16:14:00,CPU,Low,70,10,17,user,60,0,CPU-Node-28,99,418
2026-01-10 16:16:00,CPU,Medium,78,9,11,user,39,1,CPU-Node-37,100,380
2026-01-10 16:18:00,CPU,Medium,77,9,17,user,36,0,CPU-Node-14,100,511
2026-01-10 16:20:00,CPU,Medium,77,6,14,user,62,1,CPU-Node-22,100,399
2026-01-10 16:22:00,CPU,Medium,87,9,15,user,27,1,CPU-Node-43,100,437
2026-01-10 16:24:00,CPU,High,81,9,20,user,5,0,CPU-Node-15,100,519
2026-01-10 16:26:00,GPU,Low,68,2,10,user,30,1,GPU-Node-36,89,320
2026-01-10 16:28:00,GPU,High,81,1,12,user,17,1,GPU-Node-28,100,392
2026-01-10 16:30:00,GPU,Medium,70,1,17,user,37,0,GPU-Node-24,98,432
2026-01-10 16:32:00,CPU,Medium,67,8,14,user,42,1,CPU-Node-31,100,381
2026-01-10 16:34:00,CPU,High,58,6,10,user,38,1,CPU-Node-21,76,346
2026-01-10 16:36:00,GPU,High,65,0,9,admin,28,0,GPU-Node-44,80,325
2026-01-10 16:38:00,GPU,Low,71,0,15,user,29,0,GPU-Node-7,100,448
2026-01-10 16:40:00,CPU,High,70,13,11,user,26,1,CPU-Node-25,94,355
2026-01-10 16:42:00,CPU,High,62,7,10,user,35,1,CPU-Node-13,88,376
2026-01-10 16:44:00,GPU,Low,79,1,20,user,37,0,GPU-Node-34,100,508
2026-01-10 16:46:00,CPU,Medium,67,8,15,user,30,1,CPU-Node-45,95,399
2026-01-10 16:48:00,CPU,Medium,67,6,10,admin,5,1,CPU-Node-18,84,302
2026-01-10 16:50:00,CPU,High,67,5,14,user,39,1,CPU-Node-4,97,390
2026-01-10 16:52:00,GPU,Medium,85,0,7,user,29,0,GPU-Node-14,100,323
2026-01-10 16:54:00,GPU,High,74,3,15,user,35,1,GPU-Node-15,100,381
2026-01-10 16:56:00,CPU,High,77,8,13,user,18,1,CPU-Node-2,100,430
2026-01-10 16:58:00,CPU,Medium,69,5,11,user,34,1,CPU-Node-5,87,353
2026-01-10 17:00:00,GPU,Low,72,1,15,user,31,1,GPU-Node-3,100,401
2026-01-10 17:02:00,CPU,High,72,6,17,user,31,0,CPU-Node-5,100,460
2026-01-10 17:04:00,GPU,Low,94,1,21,user,28,0,GPU-Node-9,100,560
2026-01-10 17:06:00,CPU,Low,67,12,11,user,30,1,CPU-Node-47,91,343
2026-01-10 17:08:00,GPU,Medium,68,2,13,user,34,1,GPU-Node-45,100,374
2026-01-10 17:10:00,CPU,Medium,55,9,10,user,41,1,CPU-Node-10,67,290
2026-01-10 17:12:00,CPU,Low,72,9,15,user,29,1,CPU-Node-5,100,413
2026-01-10 17:14:00,GPU,Medium,73,1,17,admin,27,0,GPU-Node-23,100,420
2026-01-10 17:16:00,GPU,Low,79,1,15,user,56,1,GPU-Node-35,100,430
2026-01-10 17:18:00,CPU,Low,61,8,16,user,34,0,CPU-Node-44,89,387
2026-01-10 17:20:00,CPU,Medium,78,10,14,user,32,1,CPU-Node-33,100,398
2026-01-10 17:22:00,GPU,Low,83,1,19,user,18,0,GPU-Node-30,100,512
2026-01-10 17:24:00,GPU,Medium,71,2,19,user,42,0,GPU-Node-12,100,456
2026-01-10 17:26:00,CPU,High,66,7,7,admin,29,1,CPU-Node-4,84,284
2026-01-10 17:28:00,GPU,Medium,77,2,11,admin,16,1,GPU-Node-3,98,395
2026-01-10 17:30:00,CPU,Low,65,10,14,user,27,1,CPU-Node-45,97,403
2026-01-10 17:32:00,CPU,Low,51,10,7,user,31,1,CPU-Node-31,66,228
2026-01-10 17:34:00,CPU,High,67,6,13,user,25,1,CPU-Node-36,91,366
2026-01-10 17:36:00,GPU,Low,65,1,12,user,17,1,GPU-Node-31,83,364
2026-01-10 17:38:00,GPU,Low,73,2,14,user,32,1,GPU-Node-32,100,368
2026-01-10 17:40:00,GPU,Low,77,0,12,user,35,0,GPU-Node-48,100,365
2026-01-10 17:42:00,GPU,Low,75,2,16,user,31,0,GPU-Node-13,100,433
2026-01-10 17:44:00,GPU,Low,78,0,12,admin,33,0,GPU-Node-19,97,359
2026-01-10 17:46:00,GPU,High,72,1,13,admin,19,1,GPU-Node-22,97,421
2026-01-10 17:48:00,GPU,High,88,1,14,user,32,0,GPU-Node-9,100,439
2026-01-10 17:50:00,CPU,Medium,82,10,11,user,19,1,CPU-Node-18,100,352
2026-01-10 17:52:00,CPU,Medium,73,5,14,user,34,1,CPU-Node-43,100,388
2026-01-10 17:54:00,GPU,Low,85,1,13,user,31,1,GPU-Node-33,100,437
2026-01-10 17:56:00,GPU,Low,81,2,14,user,33,1,GPU-Node-24,100,410
2026-01-10 17:58:00,GPU,Low,67,1,16,user,37,0,GPU-Node-15,92,409
2026-01-10 18:00:00,CPU,Medium,85,13,18,user,12,0,CPU-Node-34,100,483
2026-01-10 18:02:00,CPU,High,95,5,24,user,34,0,CPU-Node-43,100,594
2026-01-10 18:04:00,GPU,Low,70,2,12,user,38,1,GPU-Node-20,83,369
2026-01-10 18:06:00,GPU,High,71,1,17,user,17,0,GPU-Node-18,100,450
2026-01-10 18:08:00,CPU,High,91,7,14,user,19,1,CPU-Node-47,100,459
2026-01-10 18:10:00,GPU,Medium,82,2,20,admin,26,0,GPU-Node-20,100,540
2026-01-10 18:12:00,GPU,Low,91,2,20,user,31,0,GPU-Node-2,100,555
2026-01-10 18:14:00,CPU,Medium,74,6,14,user,22,1,CPU-Node-37,100,368
2026-01-10 18:16:00,CPU,Low,75,5,15,user,23,1,CPU-Node-30,100,443
2026-01-10 18:18:00,CPU,High,76,5,12,user,41,1,CPU-Node-5,97,378
2026-01-10 18:20:00,CPU,Low,90,7,17,user,24,0,CPU-Node-2,100,476
2026-01-10 18:22:00,GPU,High,72,1,14,user,34,1,GPU-Node-24,98,387
2026-01-10 18:24:00,CPU,Medium,74,1,13,user,28,1,CPU-Node-31,86,419
2026-01-10 18:26:00,GPU,High,68,1,17,admin,14,1,GPU-Node-42,100,401
2026-01-10 18:28:00,CPU,Low,85,8,23,admin,15,0,CPU-Node-10,100,591
2026-01-10 18:30:00,CPU,High,82,8,14,user,32,1,CPU-Node-33,100,406
2026-01-10 18:32:00,CPU,High,79,5,19,user,34,0,CPU-Node-6,100,506
2026-01-10 18:34:00,GPU,Low,76,1,13,user,35,1,GPU-Node-26,100,399
2026-01-10 18:36:00,GPU,Medium,84,2,19,admin,27,0,GPU-Node-23,100,519
2026-01-10 18:38:00,CPU,Medium,77,7,19,admin,23,0,CPU-Node-45,100,484
2026-01-10 18:40:00,GPU,Medium,81,3,10,user,40,1,GPU-Node-14,94,386
2026-01-10 18:42:00,CPU,High,83,7,19,user,39,0,CPU-Node-7,100,491
2026-01-10 18:44:00,CPU,Low,86,8,17,user,23,0,CPU-Node-16,100,496
2026-01-10 18:46:00,GPU,High,79,2,18,user,32,0,GPU-Node-9,100,448
2026-01-10 18:48:00,CPU,Low,97,10,21,user,30,0,CPU-Node-40,100,567
2026-01-10 18:50:00,GPU,Medium,46,1,10,admin,19,1,GPU-Node-24,73,278
2026-01-10 18:52:00,GPU,Medium,66,1,14,admin,26,1,GPU-Node-50,91,408
2026-01-10 18:54:00,GPU,Medium,77,1,16,user,32,0,GPU-Node-8,100,420
2026-01-10 18:56:00,GPU,Medium,83,4,14,user,39,1,GPU-Node-30,100,446
2026-01-10 18:58:00,CPU,Medium,72,4,8,user,42,1,CPU-Node-16,87,365
2026-01-10 19:00:00,CPU,Medium,39,3,7,user,48,1,CPU-Node-25,51,231
2026-01-10 19:02:00,CPU,Low,42,10,14,user,38,1,CPU-Node-42,74,318
2026-01-10 19:04:00,CPU,High,29,10,5,admin,23,1,CPU-Node-17,37,152
2026-01-10 19:06:00,GPU,High,31,1,10,user,16,1,GPU-Node-19,53,268
2026-01-10 19:08:00,GPU,Low,23,2,7,user,48,1,GPU-Node-45,33,182
2026-01-10 19:10:00,GPU,Medium,40,1,8,user,22,1,GPU-Node-42,61,238
2026-01-10 19:12:00,GPU,Medium,48,0,7,user,26,0,GPU-Node-27,58,250
2026-01-10 19:14:00,GPU,Medium,26,2,6,admin,27,1,GPU-Node-3,30,186
2026-01-10 19:16:00,GPU,Low,34,3,6,user,30,1,GPU-Node-29,46,228
2026-01-10 19:18:00,CPU,High,31,7,0,user,34,1,CPU-Node-21,33,104
2026-01-10 19:20:00,CPU,Medium,16,10,4,user,44,1,CPU-Node-16,26,107
2026-01-10 19:22:00,GPU,High,33,1,3,user,34,1,GPU-Node-7,37,200
2026-01-10 19:24:00,GPU,Medium,33,1,4,user,40,1,GPU-Node-48,43,144
2026-01-10 19:26:00,CPU,Low,37,8,6,user,20,1,CPU-Node-15,46,192
2026-01-10 19:28:00,CPU,Medium,40,4,10,user,25,1,CPU-Node-28,53,288
2026-01-10 19:30:00,GPU,Medium,35,2,4,user,22,1,GPU-Node-35,34,201
2026-01-10 19:32:00,GPU,Medium,39,1,7,user,18,1,GPU-Node-42,46,270
2026-01-10 19:34:00,CPU,Medium,31,5,5,user,29,1,CPU-Node-46,47,186
2026-01-10 19:36:00,GPU,Low,47,2,9,user,23,1,GPU-Node-15,67,261
2026-01-10 19:38:00,CPU,Low,47,9,13,user,48,1,CPU-Node-42,73,352
2026-01-10 19:40:00,CPU,High,29,3,6,user,8,1,CPU-Node-24,37,182
2026-01-10 19:42:00,GPU,High,40,1,6,user,16,1,GPU-Node-25,50,245
2026-01-10 19:44:00,GPU,Low,39,1,7,admin,27,1,GPU-Node-30,61,203
2026-01-10 19:46:00,GPU,Low,41,1,10,user,38,1,GPU-Node-2,57,264
2026-01-10 19:48:00,GPU,Medium,34,2,7,user,43,1,GPU-Node-13,50,243
2026-01-10 19:50:00,GPU,High,20,1,2,user,14,1,GPU-Node-14,26,114
2026-01-10 19:52:00,GPU,High,40,1,7,admin,31,1,GPU-Node-50,54,310
2026-01-10 19:54:00,CPU,Medium,32,11,2,user,38,1,CPU-Node-46,39,163
2026-01-10 19:56:00,CPU,Low,40,5,8,user,36,1,CPU-Node-17,58,256
2026-01-10 19:58:00,GPU,Low,39,2,9,user,22,1,GPU-Node-30,53,262
2026-01-10 20:00:00,CPU,Low,24,7,3,user,15,1,CPU-Node-12,38,178
2026-01-10 20:02:00,GPU,Low,25,3,8,user,36,1,GPU-Node-2,39,222
2026-01-10 20:04:00,CPU,Low,40,4,6,user,35,1,CPU-Node-37,54,223
2026-01-10 20:06:00,CPU,Low,34,10,2,admin,31,1,CPU-Node-49,35,150
2026-01-10 20:08:00,CPU,High,45,7,10,user,46,1,CPU-Node-32,72,247
2026-01-10 20:10:00,CPU,Medium,31,9,9,admin,42,1,CPU-Node-39,46,239
2026-01-10 20:12:00,GPU,Medium,36,0,12,user,5,0,GPU-Node-23,62,291
2026-01-10 20:14:00,CPU,High,21,1,4,user,16,1,CPU-Node-5,23,99
2026-01-10 20:16:00,GPU,Low,36,4,9,user,36,1,GPU-Node-42,42,254
2026-01-10 20:18:00,CPU,Medium,47,8,6,user,11,1,CPU-Node-34,55,260
2026-01-10 20:20:00,GPU,Medium,32,2,6,user,16,1,GPU-Node-47,46,206
2026-01-10 20:22:00,GPU,High,45,0,3,user,12,0,GPU-Node-22,54,195
2026-01-10 20:24:00,CPU,Low,45,4,4,user,28,1,CPU-Node-1,52,213
2026-01-10 20:26:00,CPU,High,33,2,8,user,26,1,CPU-Node-41,54,221
2026-01-10 20:28:00,CPU,Low,33,6,6,user,25,1,CPU-Node-40,54,198
2026-01-10 20:30:00,CPU,Medium,17,7,3,user,29,1,CPU-Node-40,26,126
2026-01-10 20:32:00,GPU,Low,47,3,9,user,28,1,GPU-Node-48,63,272
2026-01-10 20:34:00,CPU,Low,48,5,6,user,36,1,CPU-Node-8,63,252
2026-01-10 20:36:00,GPU,High,62,0,15,user,31,0,GPU-Node-30,93,406
2026-01-10 20:38:00,CPU,Low,33,5,9,user,14,1,CPU-Node-18,48,258
2026-01-10 20:40:00,GPU,Medium,19,0,1,user,29,0,GPU-Node-33,21,112
2026-01-10 20:42:00,CPU,Low,33,7,5,user,23,1,CPU-Node-49,44,194
2026-01-10 20:44:00,GPU,Medium,15,2,6,user,31,1,GPU-Node-30,19,152
2026-01-10 20:46:00,CPU,High,32,7,4,user,32,1,CPU-Node-41,36,171
2026-01-10 20:48:00,GPU,Low,24,4,2,user,21,1,GPU-Node-22,19,124
2026-01-10 20:50:00,GPU,Medium,36,1,5,user,33,1,GPU-Node-5,48,202
2026-01-10 20:52:00,GPU,Medium,25,3,4,user,38,1,GPU-Node-31,30,169
2026-01-10 20:54:00,GPU,Medium,39,2,2,user,28,1,GPU-Node-1,43,162
2026-01-10 20:56:00,GPU,Low,42,1,6,user,40,1,GPU-Node-16,49,224
2026-01-10 20:58:00,CPU,Low,39,4,5,user,20,1,CPU-Node-43,45,197
2026-01-10 21:00:00,GPU,High,40,1,11,admin,36,1,GPU-Node-13,57,271
2026-01-10 21:02:00,CPU,Medium,37,2,5,admin,19,1,CPU-Node-19,40,194
2026-01-10 21:04:00,GPU,High,32,2,4,user,24,1,GPU-Node-44,40,190
2026-01-10 21:06:00,CPU,Medium,41,8,5,user,18,1,CPU-Node-39,58,225
2026-01-10 21:08:00,CPU,High,63,10,16,admin,34,1,CPU-Node-13,86,396
2026-01-10 21:10:00,GPU,Low,43,3,8,admin,39,1,GPU-Node-19,66,273
2026-01-10 21:12:00,CPU,Low,28,8,1,user,36,1,CPU-Node-36,33,121
2026-01-10 21:14:00,CPU,High,10,11,0,admin,28,1,CPU-Node-31,11,50
2026-01-10 21:16:00,GPU,High,41,0,5,user,10,0,GPU-Node-40,55,230
2026-01-10 21:18:00,CPU,Medium,31,6,5,admin,35,1,CPU-Node-42,49,208
2026-01-10 21:20:00,CPU,Low,39,8,7,user,21,1,CPU-Node-4,55,248
2026-01-10 21:22:00,CPU,Low,34,12,2,user,26,1,CPU-Node-2,40,148
2026-01-10 21:24:00,CPU,Low,47,10,7,user,50,1,CPU-Node-43,62,255
2026-01-10 21:26:00,GPU,Medium,50,2,5,user,36,1,GPU-Node-27,65,182
2026-01-10 21:28:00,GPU,Low,41,1,8,user,38,1,GPU-Node-11,57,250
2026-01-10 21:30:00,GPU,Medium,41,1,7,user,23,1,GPU-Node-5,61,253
2026-01-10 21:32:00,GPU,Low,37,1,6,user,41,1,GPU-Node-9,43,232
2026-01-10 21:34:00,CPU,High,29,4,4,user,42,1,CPU-Node-26,41,193
2026-01-10 21:36:00,CPU,Medium,43,8,5,user,31,1,CPU-Node-29,53,193
2026-01-10 21:38:00,CPU,Medium,33,5,5,admin,43,1,CPU-Node-5,40,196
2026-01-10 21:40:00,GPU,High,29,1,6,user,6,1,GPU-Node-19,36,223
2026-01-10 21:42:00,GPU,Medium,39,2,11,user,41,1,GPU-Node-35,70,281
2026-01-10 21:44:00,GPU,Medium,34,1,8,user,33,1,GPU-Node-42,50,236
2026-01-10 21:46:00,GPU,Low,25,1,9,user,38,1,GPU-Node-23,42,271
2026-01-10 21:48:00,CPU,Medium,52,9,10,user,14,1,CPU-Node-17,71,296
2026-01-10 21:50:00,CPU,High,44,7,10,admin,36,1,CPU-Node-17,49,285
2026-01-10 21:52:00,CPU,High,35,3,7,user,26,1,CPU-Node-37,46,214
2026-01-10 21:54:00,GPU,Low,19,1,0,user,9,1,GPU-Node-22,28,81
2026-01-10 21:56:00,CPU,Low,43,11,8,user,35,1,CPU-Node-11,60,266
2026-01-10 21:58:00,CPU,High,24,12,6,user,46,1,CPU-Node-24,32,181
2026-01-10 22:00:00,CPU,Medium,25,6,0,user,25,1,CPU-Node-36,9,121
2026-01-10 22:02:00,GPU,High,29,3,4,user,23,1,GPU-Node-34,34,189
2026-01-10 22:04:00,GPU,Medium,33,3,7,user,36,1,GPU-Node-33,55,264
2026-01-10 22:06:00,CPU,High,27,5,7,user,25,1,CPU-Node-45,43,193
2026-01-10 22:08:00,CPU,Medium,31,8,6,user,17,1,CPU-Node-16,41,207
2026-01-10 22:10:00,GPU,Medium,24,3,2,user,33,1,GPU-Node-11,24,121
2026-01-10 22:12:00,CPU,High,19,5,3,user,22,1,CPU-Node-18,30,176
2026-01-10 22:14:00,CPU,Low,22,3,5,user,37,1,CPU-Node-19,42,196
2026-01-10 22:16:00,GPU,Medium,31,1,6,user,19,1,GPU-Node-17,36,212
2026-01-10 22:18:00,GPU,Medium,10,0,3,user,38,0,GPU-Node-3,14,111
2026-01-10 22:20:00,CPU,Low,41,6,4,user,31,1,CPU-Node-13,48,178
2026-01-10 22:22:00,CPU,High,22,8,0,user,28,1,CPU-Node-20,29,91
2026-01-10 22:24:00,CPU,Low,37,11,4,user,28,1,CPU-Node-35,43,178
2026-01-10 22:26:00,CPU,High,36,10,10,user,38,1,CPU-Node-49,58,268
2026-01-10 22:28:00,GPU,High,25,2,10,user,34,1,GPU-Node-24,47,271
2026-01-10 22:30:00,CPU,Medium,37,7,10,admin,26,1,CPU-Node-42,62,299
2026-01-10 22:32:00,GPU,Low,30,2,4,user,24,1,GPU-Node-24,39,173
2026-01-10 22:34:00,CPU,Medium,33,7,4,user,40,1,CPU-Node-28,45,172
2026-01-10 22:36:00,CPU,Low,40,9,7,user,30,1,CPU-Node-18,62,238
2026-01-10 22:38:00,CPU,High,44,4,13,user,28,1,CPU-Node-34,74,350
2026-01-10 22:40:00,CPU,Medium,30,11,10,admin,20,1,CPU-Node-47,53,257
2026-01-10 22:42:00,CPU,Low,26,4,7,user,31,1,CPU-Node-33,46,181
2026-01-10 22:44:00,CPU,High,36,4,3,user,37,1,CPU-Node-44,44,141
2026-01-10 22:46:00,GPU,Low,44,3,7,user,16,1,GPU-Node-2,58,254
2026-01-10 22:48:00,CPU,Low,46,8,7,admin,26,1,CPU-Node-13,58,253
2026-01-10 22:50:00,CPU,Medium,30,8,8,user,32,1,CPU-Node-1,42,256
2026-01-10 22:52:00,GPU,Medium,25,2,3,user,46,1,GPU-Node-27,26,165
2026-01-10 22:54:00,GPU,Low,18,2,6,user,29,1,GPU-Node-1,20,175
2026-01-10 22:56:00,CPU,Low,35,11,3,admin,47,1,CPU-Node-14,44,177
2026-01-10 22:58:00,GPU,Low,29,2,6,user,31,1,GPU-Node-12,36,143
2026-01-10 23:00:00,CPU,Low,38,2,6,user,34,1,CPU-Node-9,46,200
2026-01-10 23:02:00,CPU,Low,55,4,8,user,21,1,CPU-Node-47,58,271
2026-01-10 23:04:00,CPU,High,34,11,7,user,46,1,CPU-Node-44,46,261
2026-01-10 23:06:00,CPU,Low,48,12,14,user,29,1,CPU-Node-20,68,394
2026-01-10 23:08:00,GPU,Medium,43,3,6,user,32,1,GPU-Node-50,50,230
2026-01-10 23:10:00,CPU,High,44,7,11,user,32,1,CPU-Node-46,66,338
2026-01-10 23:12:00,CPU,Low,40,8,8,user,17,1,CPU-Node-39,50,241
2026-01-10 23:14:00,CPU,Medium,22,7,9,user,32,1,CPU-Node-9,37,202
2026-01-10 23:16:00,CPU,Medium,33,9,8,user,32,1,CPU-Node-33,44,227
2026-01-10 23:18:00,CPU,Low,34,7,6,user,17,1,CPU-Node-47,48,185
2026-01-10 23:20:00,CPU,Low,39,3,4,user,38,1,CPU-Node-5,41,212
2026-01-10 23:22:00,CPU,Medium,35,9,7,user,40,1,CPU-Node-23,39,240
2026-01-10 23:24:00,GPU,Low,19,1,3,user,22,1,GPU-Node-6,29,139
2026-01-10 23:26:00,GPU,Medium,28,0,4,user,37,0,GPU-Node-23,30,119
2026-01-10 23:28:00,CPU,Low,45,5,10,user,28,1,CPU-Node-49,69,302
2026-01-10 23:30:00,GPU,Medium,28,0,7,user,26,0,GPU-Node-48,49,196
2026-01-10 23:32:00,CPU,Low,53,9,13,user,22,1,CPU-Node-1,77,350
2026-01-10 23:34:00,GPU,Low,34,1,10,admin,42,1,GPU-Node-15,55,272
2026-01-10 23:36:00,GPU,Low,40,2,5,user,37,1,GPU-Node-25,56,213
2026-01-10 23:38:00,CPU,Low,44,10,7,user,24,1,CPU-Node-34,60,262
2026-01-10 23:40:00,CPU,High,45,5,9,user,22,1,CPU-Node-25,64,265
2026-01-10 23:42:00,GPU,Medium,31,0,5,user,13,0,GPU-Node-13,36,170
2026-01-10 23:44:00,CPU,High,46,12,4,user,49,1,CPU-Node-6,58,227
2026-01-10 23:46:00,CPU,Medium,35,4,12,user,28,1,CPU-Node-9,57,251
2026-01-10 23:48:00,CPU,High,34,6,10,user,21,1,CPU-Node-43,47,254
2026-01-10 23:50:00,GPU,Low,33,1,4,user,6,1,GPU-Node-9,43,182
2026-01-10 23:52:00,CPU,Medium,40,3,2,admin,36,1,CPU-Node-43,41,146
2026-01-10 23:54:00,CPU,High,22,10,2,user,35,1,CPU-Node-4,21,119
2026-01-10 23:56:00,CPU,Medium,37,5,7,user,50,1,CPU-Node-23,61,217
2026-01-10 23:58:00,CPU,Low,37,6,7,user,43,1,CPU-Node-50,50,213
2026-01-11 00:00:00,CPU,Medium,21,7,0,user,33,1,CPU-Node-12,17,85
2026-01-11 00:02:00,GPU,High,43,1,7,user,22,1,GPU-Node-23,59,237
2026-01-11 00:04:00,CPU,Medium,21,10,1,user,43,1,CPU-Node-21,16,113
2026-01-11 00:06:00,CPU,High,49,8,14,admin,43,1,CPU-Node-6,87,347
2026-01-11 00:08:00,CPU,Low,43,1,11,user,55,1,CPU-Node-38,71,309
2026-01-11 00:10:00,GPU,Low,29,0,3,user,41,0,GPU-Node-12,39,143
2026-01-11 00:12:00,CPU,Low,38,1,7,user,18,1,CPU-Node-33,52,230
2026-01-11 00:14:00,CPU,Medium,33,8,6,user,29,1,CPU-Node-9,44,214
2026-01-11 00:16:00,GPU,High,42,3,4,user,24,1,GPU-Node-22,51,191
2026-01-11 00:18:00,CPU,Low,18,11,4,user,8,1,CPU-Node-47,24,141
2026-01-11 00:20:00,GPU,Medium,35,1,1,user,44,1,GPU-Node-22,33,135
2026-01-11 00:22:00,CPU,Medium,21,4,6,user,23,1,CPU-Node-23,29,186
2026-01-11 00:24:00,GPU,Low,34,1,10,user,41,1,GPU-Node-12,59,267
2026-01-11 00:26:00,GPU,High,39,2,9,user,19,1,GPU-Node-3,57,233
2026-01-11 00:28:00,CPU,High,29,9,1,user,22,1,CPU-Node-48,28,158
2026-01-11 00:30:00,CPU,High,10,4,0,user,26,1,CPU-Node-17,9,67
2026-01-11 00:32:00,GPU,Low,17,0,2,user,28,0,GPU-Node-15,13,131
2026-01-11 00:34:00,CPU,Medium,33,8,5,user,29,1,CPU-Node-20,41,162
2026-01-11 00:36:00,CPU,High,30,6,8,user,27,1,CPU-Node-42,46,254
2026-01-11 00:38:00,CPU,Low,36,8,9,user,44,1,CPU-Node-13,47,250
2026-01-11 00:40:00,CPU,Medium,22,5,8,user,22,1,CPU-Node-39,38,239
2026-01-11 00:42:00,GPU,Low,40,1,10,user,28,1,GPU-Node-50,56,284
2026-01-11 00:44:00,CPU,Medium,39,6,4,admin,38,1,CPU-Node-34,45,190
2026-01-11 00:46:00,CPU,Medium,32,6,4,user,28,1,CPU-Node-30,30,205
2026-01-11 00:48:00,CPU,High,37,8,4,user,46,1,CPU-Node-34,34,183
2026-01-11 00:50:00,CPU,High,23,3,5,user,58,1,CPU-Node-29,39,150
2026-01-11 00:52:00,GPU,Low,19,0,3,user,36,0,GPU-Node-23,28,146
2026-01-11 00:54:00,CPU,High,34,7,12,admin,36,1,CPU-Node-36,62,313
2026-01-11 00:56:00,CPU,Medium,49,16,8,admin,18,1,CPU-Node-22,61,256
2026-01-11 00:58:00,CPU,Medium,36,5,5,user,35,1,CPU-Node-39,45,149
2026-01-11 01:00:00,GPU,Medium,49,1,10,user,34,1,GPU-Node-28,73,285
2026-01-11 01:02:00,CPU,Medium,51,12,13,user,32,1,CPU-Node-8,81,383
2026-01-11 01:04:00,CPU,High,33,9,3,user,33,1,CPU-Node-43,47,147
2026-01-11 01:06:00,GPU,Medium,17,1,0,user,44,1,GPU-Node-1,17,108
2026-01-11 01:08:00,GPU,Medium,46,0,6,user,18,0,GPU-Node-28,51,238
2026-01-11 01:10:00,CPU,Medium,30,8,0,user,16,1,CPU-Node-25,29,94
2026-01-11 01:12:00,CPU,High,43,9,6,user,14,1,CPU-Node-36,56,220
2026-01-11 01:14:00,CPU,Medium,36,11,3,user,32,1,CPU-Node-30,40,187
2026-01-11 01:16:00,CPU,Low,44,8,4,admin,50,1,CPU-Node-24,57,179
2026-01-11 01:18:00,CPU,Medium,46,4,10,user,35,1,CPU-Node-2,68,289
2026-01-11 01:20:00,CPU,High,35,6,3,user,56,1,CPU-Node-49,45,154
2026-01-11 01:22:00,GPU,Medium,40,1,8,user,23,1,GPU-Node-36,64,247
2026-01-11 01:24:00,GPU,Medium,32,1,8,user,29,1,GPU-Node-17,51,218
2026-01-11 01:26:00,GPU,High,37,3,1,user,27,1,GPU-Node-1,32,117
2026-01-11 01:28:00,GPU,Medium,54,3,15,admin,30,1,GPU-Node-14,84,412
2026-01-11 01:30:00,CPU,Low,48,5,11,user,23,1,CPU-Node-5,75,345
2026-01-11 01:32:00,CPU,Low,27,10,7,admin,26,1,CPU-Node-2,38,200
2026-01-11 01:34:00,CPU,Medium,20,6,5,user,29,1,CPU-Node-13,28,154
2026-01-11 01:36:00,CPU,High,38,5,2,user,30,1,CPU-Node-49,44,185
2026-01-11 01:38:00,CPU,Low,57,8,12,user,22,1,CPU-Node-25,76,343
2026-01-11 01:40:00,CPU,Medium,50,2,7,user,32,1,CPU-Node-41,59,307
2026-01-11 01:42:00,CPU,Low,17,3,8,user,33,1,CPU-Node-26,38,197
2026-01-11 01:44:00,CPU,Low,21,7,0,user,11,1,CPU-Node-39,17,69
2026-01-11 01:46:00,CPU,Low,43,11,9,user,27,1,CPU-Node-28,58,287
2026-01-11 01:48:00,GPU,High,50,3,9,user,35,1,GPU-Node-35,73,269
2026-01-11 01:50:00,GPU,High,27,0,3,user,17,0,GPU-Node-49,31,197
2026-01-11 01:52:00,CPU,Medium,25,9,6,user,28,1,CPU-Node-23,32,172
2026-01-11 01:54:00,CPU,Medium,32,5,3,user,37,1,CPU-Node-40,38,150
2026-01-11 01:56:00,CPU,Low,33,10,10,user,40,1,CPU-Node-26,48,291
2026-01-11 01:58:00,GPU,Medium,13,2,5,user,27,1,GPU-Node-20,20,141
2026-01-11 02:00:00,GPU,Low,39,1,5,user,17,1,GPU-Node-20,43,191
2026-01-11 02:02:00,GPU,Low,36,1,9,user,22,1,GPU-Node-33,59,293
2026-01-11 02:04:00,CPU,Medium,49,9,13,user,18,1,CPU-Node-34,85,315
2026-01-11 02:06:00,CPU,Low,28,8,4,user,43,1,CPU-Node-12,32,139
2026-01-11 02:08:00,GPU,Low,53,0,8,user,17,0,GPU-Node-6,71,256
2026-01-11 02:10:00,GPU,Low,19,2,3,user,26,1,GPU-Node-43,30,132
2026-01-11 02:12:00,GPU,Medium,34,2,7,user,25,1,GPU-Node-35,47,217
2026-01-11 02:14:00,CPU,High,44,6,14,user,41,1,CPU-Node-35,68,372
2026-01-11 02:16:00,CPU,Low,32,8,12,user,33,1,CPU-Node-17,61,279
2026-01-11 02:18:00,CPU,Medium,44,3,7,user,28,1,CPU-Node-34,52,242
2026-01-11 02:20:00,GPU,Medium,37,3,8,user,36,1,GPU-Node-14,48,252
2026-01-11 02:22:00,CPU,High,20,5,3,user,38,1,CPU-Node-7,22,114
2026-01-11 02:24:00,CPU,Medium,27,11,5,admin,30,1,CPU-Node-13,40,159
2026-01-11 02:26:00,CPU,Medium,24,6,3,user,23,1,CPU-Node-25,25,138
2026-01-11 02:28:00,GPU,Low,25,1,4,user,37,1,GPU-Node-36,34,159
2026-01-11 02:30:00,CPU,Medium,29,5,6,user,41,1,CPU-Node-33,40,164
2026-01-11 02:32:00,CPU,Low,35,6,9,user,36,1,CPU-Node-8,40,270
2026-01-11 02:34:00,GPU,Medium,45,2,10,user,53,1,GPU-Node-24,67,335
2026-01-11 02:36:00,CPU,Low,28,6,10,user,26,1,CPU-Node-39,47,279
2026-01-11 02:38:00,GPU,Medium,27,2,0,user,28,1,GPU-Node-12,28,121
2026-01-11 02:40:00,GPU,Medium,44,0,7,user,35,0,GPU-Node-37,58,250
2026-01-11 02:42:00,CPU,High,50,10,9,user,44,1,CPU-Node-21,63,284
2026-01-11 02:44:00,CPU,Low,26,3,9,user,41,1,CPU-Node-42,46,254
2026-01-11 02:46:00,GPU,Medium,27,2,5,user,19,1,GPU-Node-41,39,202
2026-01-11 02:48:00,GPU,Medium,22,0,3,user,31,0,GPU-Node-7,33,154
2026-01-11 02:50:00,GPU,High,41,1,6,user,33,1,GPU-Node-41,59,232
2026-01-11 02:52:00,CPU,Medium,32,14,5,user,42,1,CPU-Node-27,40,179
2026-01-11 02:54:00,GPU,Medium,24,1,8,admin,29,1,GPU-Node-22,39,215
2026-01-11 02:56:00,CPU,Low,48,8,7,user,41,1,CPU-Node-7,62,266
2026-01-11 02:58:00,CPU,Medium,30,11,7,user,43,1,CPU-Node-24,41,227
2026-01-11 03:00:00,CPU,Low,43,12,16,user,25,0,CPU-Node-28,69,408
2026-01-11 03:02:00,CPU,Medium,39,6,10,user,43,1,CPU-Node-3,49,273
2026-01-11 03:04:00,CPU,High,39,9,14,admin,52,1,CPU-Node-30,68,350
2026-01-11 03:06:00,CPU,Low,22,6,2,user,39,1,CPU-Node-19,26,117
2026-01-11 03:08:00,CPU,Medium,64,9,10,admin,27,1,CPU-Node-32,78,322
2026-01-11 03:10:00,CPU,Low,30,6,6,admin,32,1,CPU-Node-16,38,197
2026-01-11 03:12:00,CPU,Medium,46,8,8,admin,42,1,CPU-Node-37,61,251
2026-01-11 03:14:00,GPU,Medium,25,3,17,user,33,0,GPU-Node-50,62,358
2026-01-11 03:16:00,GPU,Low,33,1,7,admin,31,1,GPU-Node-39,44,227
2026-01-11 03:18:00,GPU,Low,48,5,14,user,23,1,GPU-Node-30,74,320
2026-01-11 03:20:00,CPU,Low,48,10,9,user,14,1,CPU-Node-49,65,238
2026-01-11 03:22:00,CPU,Medium,60,1,11,user,39,1,CPU-Node-24,74,335
2026-01-11 03:24:00,CPU,Medium,32,10,3,admin,23,1,CPU-Node-24,35,146
2026-01-11 03:26:00,CPU,High,37,11,2,admin,20,1,CPU-Node-18,45,136
2026-01-11 03:28:00,CPU,High,18,8,5,user,33,1,CPU-Node-18,27,156
2026-01-11 03:30:00,GPU,Medium,24,2,10,user,31,1,GPU-Node-45,34,252
2026-01-11 03:32:00,GPU,Medium,24,3,5,user,31,1,GPU-Node-39,40,137
2026-01-11 03:34:00,GPU,High,45,1,5,admin,36,1,GPU-Node-40,54,207
2026-01-11 03:36:00,GPU,Medium,42,1,8,user,29,1,GPU-Node-34,66,236
2026-01-11 03:38:00,GPU,Low,15,1,5,user,38,1,GPU-Node-22,27,171
2026-01-11 03:40:00,GPU,Medium,36,0,10,user,26,0,GPU-Node-3,65,239
2026-01-11 03:42:00,GPU,Medium,36,2,12,admin,22,1,GPU-Node-4,65,313
2026-01-11 03:44:00,CPU,Medium,28,6,0,user,13,1,CPU-Node-35,35,92
2026-01-11 03:46:00,GPU,Medium,33,0,4,user,11,0,GPU-Node-8,40,181
2026-01-11 03:48:00,CPU,Low,27,5,1,user,57,1,CPU-Node-39,29,112
2026-01-11 03:50:00,CPU,Low,41,7,6,user,32,1,CPU-Node-40,49,205
2026-01-11 03:52:00,CPU,High,26,6,0,user,45,1,CPU-Node-3,27,110
2026-01-11 03:54:00,GPU,High,36,2,11,admin,27,1,GPU-Node-9,51,289
2026-01-11 03:56:00,CPU,Medium,40,15,5,user,27,1,CPU-Node-35,49,203
2026-01-11 03:58:00,CPU,High,37,7,8,user,30,1,CPU-Node-9,49,232
2026-01-11 04:00:00,CPU,Low,28,6,7,user,19,1,CPU-Node-10,45,191
2026-01-11 04:02:00,GPU,Low,17,2,6,user,26,1,GPU-Node-41,27,196
2026-01-11 04:04:00,CPU,Low,26,11,0,user,31,1,CPU-Node-40,21,103
2026-01-11 04:06:00,CPU,High,36,5,8,user,20,1,CPU-Node-43,55,252
2026-01-11 04:08:00,GPU,High,42,2,12,user,34,1,GPU-Node-41,72,337
2026-01-11 04:10:00,GPU,Low,32,0,5,user,36,0,GPU-Node-3,38,200
2026-01-11 04:12:00,GPU,Medium,45,1,9,user,35,1,GPU-Node-10,66,262
2026-01-11 04:14:00,GPU,Medium,29,1,4,user,50,1,GPU-Node-29,29,180
2026-01-11 04:16:00,CPU,Low,35,9,11,user,23,1,CPU-Node-30,64,325
2026-01-11 04:18:00,CPU,High,36,9,6,user,18,1,CPU-Node-48,52,246
2026-01-11 04:20:00,CPU,High,39,9,4,user,42,1,CPU-Node-33,52,177
2026-01-11 04:22:00,CPU,Low,31,6,7,user,20,1,CPU-Node-50,49,221
2026-01-11 04:24:00,GPU,Low,34,3,7,user,13,1,GPU-Node-9,45,214
2026-01-11 04:26:00,CPU,High,33,8,8,user,25,1,CPU-Node-18,40,209
2026-01-11 04:28:00,CPU,High,27,3,3,user,43,1,CPU-Node-14,40,166
2026-01-11 04:30:00,CPU,High,64,6,9,user,29,1,CPU-Node-43,82,346
2026-01-11 04:32:00,CPU,Medium,37,5,5,user,35,1,CPU-Node-32,48,181
2026-01-11 04:34:00,GPU,Medium,61,2,10,user,25,1,GPU-Node-48,77,295
2026-01-11 04:36:00,CPU,Medium,36,6,10,user,16,1,CPU-Node-15,63,251
2026-01-11 04:38:00,GPU,High,39,2,10,admin,25,1,GPU-Node-25,60,254
2026-01-11 04:40:00,CPU,Medium,36,1,6,admin,24,1,CPU-Node-50,47,182
2026-01-11 04:42:00,GPU,Medium,42,2,9,user,25,1,GPU-Node-39,59,240
2026-01-11 04:44:00,GPU,Medium,27,1,4,user,13,1,GPU-Node-33,27,162
2026-01-11 04:46:00,CPU,High,45,6,7,user,38,1,CPU-Node-36,57,235
2026-01-11 04:48:00,GPU,Medium,24,3,4,user,27,1,GPU-Node-2,34,177
2026-01-11 04:50:00,CPU,High,35,8,4,user,37,1,CPU-Node-3,44,206
2026-01-11 04:52:00,GPU,Low,29,2,9,user,34,1,GPU-Node-20,56,227
2026-01-11 04:54:00,CPU,Low,51,13,9,user,39,1,CPU-Node-9,71,279
2026-01-11 04:56:00,CPU,Medium,28,11,6,user,23,1,CPU-Node-21,45,177
2026-01-11 04:58:00,CPU,Low,30,6,6,user,22,1,CPU-Node-7,52,212
2026-01-11 05:00:00,GPU,Medium,22,0,8,admin,22,0,GPU-Node-49,37,196
2026-01-11 05:02:00,GPU,Medium,25,1,5,user,35,1,GPU-Node-8,32,176
2026-01-11 05:04:00,CPU,Medium,28,6,4,user,36,1,CPU-Node-3,37,168
2026-01-11 05:06:00,GPU,High,32,3,9,user,24,1,GPU-Node-44,52,247
2026-01-11 05:08:00,GPU,High,10,1,0,user,40,1,GPU-Node-12,5,107
2026-01-11 05:10:00,GPU,Low,40,0,9,user,48,0,GPU-Node-30,62,273
2026-01-11 05:12:00,GPU,Medium,38,3,8,user,28,1,GPU-Node-15,48,242
2026-01-11 05:14:00,GPU,Low,22,2,4,user,32,1,GPU-Node-33,35,159
2026-01-11 05:16:00,GPU,Medium,20,2,0,user,33,1,GPU-Node-21,20,96
2026-01-11 05:18:00,GPU,Medium,42,2,12,admin,40,1,GPU-Node-21,74,297
2026-01-11 05:20:00,GPU,Medium,33,0,9,user,36,0,GPU-Node-31,52,261
2026-01-11 05:22:00,CPU,Medium,34,3,2,user,44,1,CPU-Node-14,32,141
2026-01-11 05:24:00,CPU,High,44,9,11,admin,35,1,CPU-Node-46,67,252
2026-01-11 05:26:00,CPU,Low,46,10,9,user,13,1,CPU-Node-44,70,267
2026-01-11 05:28:00,CPU,High,46,9,11,user,9,1,CPU-Node-31,75,316
2026-01-11 05:30:00,CPU,High,51,6,8,user,43,1,CPU-Node-35,67,237
2026-01-11 05:32:00,CPU,Low,51,11,9,user,39,1,CPU-Node-32,70,285
2026-01-11 05:34:00,CPU,Medium,28,8,4,user,23,1,CPU-Node-30,37,193
2026-01-11 05:36:00,CPU,High,48,11,8,user,23,1,CPU-Node-24,74,264
2026-01-11 05:38:00,GPU,Low,20,2,1,user,29,1,GPU-Node-43,19,91
2026-01-11 05:40:00,CPU,Medium,25,9,5,user,41,1,CPU-Node-31,35,168
2026-01-11 05:42:00,CPU,Medium,26,1,6,user,45,1,CPU-Node-21,54,187
2026-01-11 05:44:00,CPU,High,25,10,7,user,13,1,CPU-Node-39,31,221
2026-01-11 05:46:00,CPU,Medium,22,4,4,user,44,1,CPU-Node-39,19,164
2026-01-11 05:48:00,GPU,Medium,28,3,3,user,33,1,GPU-Node-42,31,124
2026-01-11 05:50:00,CPU,Low,29,9,6,user,28,1,CPU-Node-25,43,189
2026-01-11 05:52:00,CPU,Low,24,11,0,user,25,1,CPU-Node-19,28,116
2026-01-11 05:54:00,CPU,Low,47,3,10,user,38,1,CPU-Node-8,67,331
2026-01-11 05:56:00,CPU,Medium,40,8,1,user,26,1,CPU-Node-38,42,187
2026-01-11 05:58:00,CPU,Medium,45,6,10,user,25,1,CPU-Node-13,65,283
2026-01-11 06:00:00,GPU,High,39,2,12,user,17,1,GPU-Node-42,68,307
2026-01-11 06:02:00,GPU,High,37,1,7,user,21,1,GPU-Node-12,55,221
2026-01-11 06:04:00,GPU,Low,40,1,5,user,22,1,GPU-Node-13,53,195
2026-01-11 06:06:00,GPU,Low,34,1,9,admin,28,1,GPU-Node-6,48,274
2026-01-11 06:08:00,CPU,Low,51,10,12,user,14,1,CPU-Node-24,82,336
2026-01-11 06:10:00,GPU,Low,32,2,6,user,15,1,GPU-Node-35,43,217
2026-01-11 06:12:00,CPU,Low,35,9,3,user,21,1,CPU-Node-11,43,197
2026-01-11 06:14:00,CPU,Low,48,11,7,user,24,1,CPU-Node-37,58,261
2026-01-11 06:16:00,GPU,Medium,33,2,7,user,43,1,GPU-Node-35,53,227
2026-01-11 06:18:00,CPU,High,38,9,11,admin,34,1,CPU-Node-30,64,315
2026-01-11 06:20:00,GPU,Medium,34,1,7,admin,28,1,GPU-Node-41,48,210
2026-01-11 06:22:00,GPU,Medium,39,3,7,user,40,1,GPU-Node-31,54,196
2026-01-11 06:24:00,CPU,High,36,7,10,user,24,1,CPU-Node-16,59,287
2026-01-11 06:26:00,CPU,Low,12,5,5,user,35,1,CPU-Node-46,14,136
2026-01-11 06:28:00,CPU,Low,50,7,8,admin,42,1,CPU-Node-17,70,300
2026-01-11 06:30:00,CPU,Medium,35,9,7,user,35,1,CPU-Node-14,50,215
2026-01-11 06:32:00,GPU,Low,40,2,7,user,17,1,GPU-Node-23,49,252
2026-01-11 06:34:00,CPU,Medium,36,10,10,user,35,1,CPU-Node-34,57,260
2026-01-11 06:36:00,CPU,Low,35,7,6,user,47,1,CPU-Node-28,50,219
2026-01-11 06:38:00,CPU,Low,40,5,6,admin,41,1,CPU-Node-34,49,218
2026-01-11 06:40:00,CPU,High,25,6,0,user,5,1,CPU-Node-36,25,109
2026-01-11 06:42:00,GPU,Medium,21,1,7,user,26,1,GPU-Node-49,31,211
2026-01-11 06:44:00,CPU,Low,27,7,6,user,44,1,CPU-Node-45,41,227
2026-01-11 06:46:00,GPU,Medium,31,2,6,user,24,1,GPU-Node-31,33,187
2026-01-11 06:48:00,CPU,Low,34,10,7,user,20,1,CPU-Node-43,44,197
2026-01-11 06:50:00,CPU,High,33,8,4,user,20,1,CPU-Node-13,54,205
2026-01-11 06:52:00,GPU,Medium,35,1,3,user,31,1,GPU-Node-43,45,145
2026-01-11 06:54:00,CPU,Low,41,2,9,user,34,1,CPU-Node-3,60,271
2026-01-11 06:56:00,CPU,High,36,8,8,user,26,1,CPU-Node-39,59,261
2026-01-11 06:58:00,CPU,Low,46,4,9,user,27,1,CPU-Node-15,61,290
2026-01-11 07:00:00,CPU,High,24,4,1,user,30,1,CPU-Node-41,20,105
2026-01-11 07:02:00,GPU,Low,27,2,2,user,20,1,GPU-Node-48,26,125
2026-01-11 07:04:00,GPU,Medium,43,1,12,user,34,1,GPU-Node-34,72,326
2026-01-11 07:06:00,GPU,Low,34,1,7,user,33,1,GPU-Node-32,50,195
2026-01-11 07:08:00,CPU,Low,46,7,13,user,36,1,CPU-Node-34,77,308
2026-01-11 07:10:00,GPU,Low,30,2,0,user,38,1,GPU-Node-10,33,126
2026-01-11 07:12:00,CPU,Low,20,8,10,user,25,1,CPU-Node-49,40,237
2026-01-11 07:14:00,CPU,Medium,23,10,7,user,25,1,CPU-Node-3,26,148
2026-01-11 07:16:00,CPU,Low,10,8,3,user,35,1,CPU-Node-17,16,94
2026-01-11 07:18:00,GPU,Low,41,2,8,user,30,1,GPU-Node-29,57,270
2026-01-11 07:20:00,CPU,Medium,36,5,9,user,30,1,CPU-Node-37,58,248
2026-01-11 07:22:00,GPU,Low,46,2,12,user,27,1,GPU-Node-49,66,337
2026-01-11 07:24:00,CPU,Medium,16,8,6,user,35,1,CPU-Node-27,17,204
2026-01-11 07:26:00,CPU,Medium,23,10,6,user,28,1,CPU-Node-20,27,202
2026-01-11 07:28:00,CPU,Low,34,16,7,user,32,1,CPU-Node-41,39,223
2026-01-11 07:30:00,CPU,Low,45,5,12,admin,43,1,CPU-Node-2,63,334
2026-01-11 07:32:00,GPU,Medium,43,2,9,user,33,1,GPU-Node-8,68,240
2026-01-11 07:34:00,CPU,Medium,20,6,5,admin,22,1,CPU-Node-46,29,138
2026-01-11 07:36:00,CPU,Medium,50,10,9,admin,33,1,CPU-Node-36,69,302
2026-01-11 07:38:00,GPU,High,30,0,8,admin,38,0,GPU-Node-17,39,231
2026-01-11 07:40:00,GPU,Medium,23,1,3,user,20,1,GPU-Node-42,18,128
2026-01-11 07:42:00,GPU,Medium,30,1,7,user,24,1,GPU-Node-14,41,194
2026-01-11 07:44:00,CPU,Medium,38,5,7,user,27,1,CPU-Node-46,42,252
2026-01-11 07:46:00,CPU,Low,24,13,8,user,38,1,CPU-Node-34,43,205
2026-01-11 07:48:00,CPU,Medium,37,10,9,user,28,1,CPU-Node-28,49,278
2026-01-11 07:50:00,CPU,Medium,36,4,6,user,17,1,CPU-Node-26,42,241
2026-01-11 07:52:00,GPU,High,44,4,7,user,31,1,GPU-Node-11,48,268
2026-01-11 07:54:00,CPU,Medium,35,9,3,user,35,1,CPU-Node-25,43,174
2026-01-11 07:56:00,GPU,Medium,30,1,7,admin,24,1,GPU-Node-35,39,232
2026-01-11 07:58:00,CPU,Medium,19,5,4,user,22,1,CPU-Node-16,38,175
2026-01-11 08:00:00,GPU,Medium,31,1,9,user,5,1,GPU-Node-35,53,228
2026-01-11 08:02:00,CPU,High,39,10,5,user,29,1,CPU-Node-2,49,165
2026-01-11 08:04:00,CPU,High,22,8,4,admin,18,1,CPU-Node-13,20,146
2026-01-11 08:06:00,GPU,Medium,51,1,12,user,35,1,GPU-Node-1,70,315
2026-01-11 08:08:00,CPU,High,41,10,8,user,25,1,CPU-Node-12,56,259
2026-01-11 08:10:00,CPU,Medium,47,8,6,admin,34,1,CPU-Node-21,62,230
2026-01-11 08:12:00,CPU,Medium,32,7,6,admin,26,1,CPU-Node-48,37,216
2026-01-11 08:14:00,CPU,High,49,10,6,user,21,1,CPU-Node-46,59,210
2026-01-11 08:16:00,CPU,Low,15,5,4,user,43,1,CPU-Node-2,13,145
2026-01-11 08:18:00,CPU,High,26,11,5,user,26,1,CPU-Node-47,40,195
2026-01-11 08:20:00,GPU,High,55,1,3,user,16,1,GPU-Node-6,59,188
2026-01-11 08:22:00,CPU,Medium,37,8,7,user,38,1,CPU-Node-17,52,232
2026-01-11 08:24:00,CPU,High,38,3,7,user,18,1,CPU-Node-14,48,260
2026-01-11 08:26:00,CPU,High,30,7,7,admin,22,1,CPU-Node-5,42,217
2026-01-11 08:28:00,CPU,Low,25,11,5,user,19,1,CPU-Node-16,37,164
2026-01-11 08:30:00,GPU,Medium,41,1,4,user,19,1,GPU-Node-42,46,173
2026-01-11 08:32:00,GPU,High,35,3,7,user,32,1,GPU-Node-34,52,246
2026-01-11 08:34:00,CPU,High,52,8,11,user,32,1,CPU-Node-40,76,312
2026-01-11 08:36:00,CPU,Medium,27,10,8,admin,14,1,CPU-Node-40,46,236
2026-01-11 08:38:00,CPU,High,48,8,12,user,32,1,CPU-Node-27,65,294
2026-01-11 08:40:00,CPU,Medium,63,5,16,user,31,0,CPU-Node-10,88,405
2026-01-11 08:42:00,GPU,High,38,3,10,user,14,1,GPU-Node-36,58,273
2026-01-11 08:44:00,CPU,Medium,43,4,6,user,32,1,CPU-Node-45,66,223
2026-01-11 08:46:00,CPU,High,43,16,3,user,18,1,CPU-Node-16,46,189
2026-01-11 08:48:00,GPU,Medium,28,1,6,admin,26,1,GPU-Node-41,36,186
2026-01-11 08:50:00,GPU,High,33,1,5,user,19,1,GPU-Node-40,45,176
2026-01-11 08:52:00,GPU,High,42,2,9,admin,44,1,GPU-Node-27,58,244
2026-01-11 08:54:00,GPU,High,42,2,7,user,16,1,GPU-Node-22,54,264
2026-01-11 08:56:00,GPU,Medium,36,1,8,user,33,1,GPU-Node-46,44,239
2026-01-11 08:58:00,CPU,High,46,9,10,user,27,1,CPU-Node-37,57,323
2026-01-11 09:00:00,CPU,Medium,56,6,8,user,40,1,CPU-Node-21,79,265
2026-01-11 09:02:00,GPU,Medium,71,2,15,user,31,1,GPU-Node-15,100,415
2026-01-11 09:04:00,CPU,Medium,72,5,18,user,32,0,CPU-Node-45,100,454
2026-01-11 09:06:00,GPU,Low,94,1,18,user,24,0,GPU-Node-40,100,517
2026-01-11 09:08:00,CPU,Low,59,5,10,user,16,1,CPU-Node-13,87,290
2026-01-11 09:10:00,GPU,Medium,84,1,16,user,27,0,GPU-Node-35,100,480
2026-01-11 09:12:00,CPU,Low,90,5,18,user,38,0,CPU-Node-16,100,486
2026-01-11 09:14:00,CPU,Low,88,9,14,user,35,1,CPU-Node-7,100,451
2026-01-11 09:16:00,CPU,High,82,7,19,user,45,0,CPU-Node-34,100,513
2026-01-11 09:18:00,CPU,Medium,87,1,19,user,33,0,CPU-Node-21,100,548
2026-01-11 09:20:00,GPU,High,79,2,15,user,37,1,GPU-Node-49,100,412
2026-01-11 09:22:00,CPU,Low,64,8,14,user,25,1,CPU-Node-48,89,398
2026-01-11 09:24:00,CPU,Medium,65,6,13,user,47,1,CPU-Node-14,94,354
2026-01-11 09:26:00,CPU,High,83,10,18,user,32,0,CPU-Node-5,100,506
2026-01-11 09:28:00,CPU,Low,74,8,15,user,25,1,CPU-Node-18,100,418
2026-01-11 09:30:00,CPU,High,61,10,13,user,17,1,CPU-Node-6,87,352
2026-01-11 09:32:00,GPU,High,68,1,12,user,23,1,GPU-Node-37,89,347
2026-01-11 09:34:00,GPU,High,88,2,19,user,15,0,GPU-Node-6,100,518
2026-01-11 09:36:00,GPU,Medium,66,1,20,user,13,0,GPU-Node-11,100,474
2026-01-11 09:38:00,GPU,Low,80,1,10,user,40,1,GPU-Node-9,100,349
2026-01-11 09:40:00,CPU,Medium,66,9,11,admin,38,1,CPU-Node-18,90,344
2026-01-11 09:42:00,CPU,High,66,6,15,user,31,1,CPU-Node-21,93,420
2026-01-11 09:44:00,GPU,Medium,63,1,14,user,18,1,GPU-Node-34,84,389
2026-01-11 09:46:00,CPU,Low,92,8,21,admin,26,0,CPU-Node-28,100,546
2026-01-11 09:48:00,GPU,High,91,1,21,user,37,0,GPU-Node-1,100,566
2026-01-11 09:50:00,CPU,High,80,4,21,admin,23,1,CPU-Node-24,100,523
2026-01-11 09:52:00,GPU,Low,77,2,15,user,27,1,GPU-Node-2,100,428
2026-01-11 09:54:00,GPU,High,62,3,11,user,43,1,GPU-Node-1,80,316
2026-01-11 09:56:00,GPU,Low,79,2,15,admin,21,1,GPU-Node-13,100,380
2026-01-11 09:58:00,GPU,Medium,73,4,18,user,19,0,GPU-Node-14,100,458
2026-01-11 10:00:00,CPU,Low,79,9,7,user,24,1,CPU-Node-43,95,312
2026-01-11 10:02:00,GPU,Medium,69,1,15,user,42,1,GPU-Node-6,95,415
2026-01-11 10:04:00,GPU,High,81,2,12,user,36,1,GPU-Node-18,100,399
2026-01-11 10:06:00,CPU,Medium,74,8,15,user,24,1,CPU-Node-14,100,447
2026-01-11 10:08:00,CPU,Medium,75,7,13,admin,32,1,CPU-Node-23,100,414
2026-01-11 10:10:00,CPU,Medium,73,7,12,user,26,1,CPU-Node-5,100,358
2026-01-11 10:12:00,CPU,Medium,78,5,14,user,36,1,CPU-Node-24,100,408
2026-01-11 10:14:00,CPU,Medium,68,9,13,user,43,1,CPU-Node-2,97,417
2026-01-11 10:16:00,CPU,Low,80,5,12,user,36,1,CPU-Node-20,100,350
2026-01-11 10:18:00,CPU,Medium,81,9,11,user,16,1,CPU-Node-13,99,375
2026-01-11 10:20:00,CPU,Medium,64,10,10,user,25,1,CPU-Node-28,74,320
2026-01-11 10:22:00,CPU,Medium,80,7,13,user,35,1,CPU-Node-24,100,418
2026-01-11 10:24:00,CPU,Medium,71,10,15,user,42,1,CPU-Node-21,96,432
2026-01-11 10:26:00,CPU,Medium,72,7,11,user,38,1,CPU-Node-1,95,344
2026-01-11 10:28:00,GPU,Medium,87,2,15,user,32,1,GPU-Node-44,100,469
2026-01-11 10:30:00,GPU,Medium,69,3,15,user,39,1,GPU-Node-24,94,419
2026-01-11 10:32:00,CPU,Low,69,7,15,user,21,1,CPU-Node-2,100,425
2026-01-11 10:34:00,GPU,Low,82,0,13,user,33,0,GPU-Node-15,100,404
2026-01-11 10:36:00,CPU,High,88,7,11,user,36,1,CPU-Node-50,100,397
2026-01-11 10:38:00,CPU,Medium,85,7,15,user,36,1,CPU-Node-39,100,481
2026-01-11 10:40:00,CPU,Low,78,4,17,user,35,0,CPU-Node-18,100,440
2026-01-11 10:42:00,CPU,High,72,12,12,user,36,1,CPU-Node-17,96,398
2026-01-11 10:44:00,CPU,Medium,82,4,17,user,45,0,CPU-Node-12,100,453
2026-01-11 10:46:00,GPU,High,72,1,12,user,32,1,GPU-Node-45,94,379
2026-01-11 10:48:00,GPU,Medium,85,2,19,admin,34,0,GPU-Node-20,100,463
2026-01-11 10:50:00,CPU,Medium,81,10,13,user,27,1,CPU-Node-3,100,421
2026-01-11 10:52:00,CPU,Medium,100,13,16,user,19,0,CPU-Node-9,100,489
2026-01-11 10:54:00,CPU,Medium,61,6,12,user,32,1,CPU-Node-34,77,344
2026-01-11 10:56:00,GPU,Medium,66,0,14,user,33,0,GPU-Node-1,91,423
2026-01-11 10:58:00,GPU,High,98,2,23,user,32,0,GPU-Node-42,100,582
2026-01-11 11:00:00,CPU,Low,80,7,14,user,32,1,CPU-Node-30,100,422
2026-01-11 11:02:00,CPU,High,73,1,18,user,16,0,CPU-Node-43,100,476
2026-01-11 11:04:00,CPU,Low,78,3,14,user,37,1,CPU-Node-44,100,420
2026-01-11 11:06:00,CPU,High,61,15,14,admin,32,1,CPU-Node-26,86,399
2026-01-11 11:08:00,GPU,Medium,73,0,14,user,23,0,GPU-Node-15,85,416
2026-01-11 11:10:00,CPU,Low,73,2,13,admin,32,1,CPU-Node-7,98,403
2026-01-11 11:12:00,CPU,High,66,10,15,user,27,1,CPU-Node-9,100,404
2026-01-11 11:14:00,CPU,Low,67,8,11,user,22,1,CPU-Node-25,84,369
2026-01-11 11:16:00,GPU,Low,88,2,15,user,34,1,GPU-Node-50,100,408
2026-01-11 11:18:00,CPU,Medium,70,10,14,user,14,1,CPU-Node-13,100,401
2026-01-11 11:20:00,CPU,Low,76,14,13,user,7,1,CPU-Node-46,100,385
2026-01-11 11:22:00,GPU,Medium,60,1,17,user,23,0,GPU-Node-16,93,412
2026-01-11 11:24:00,GPU,Low,63,2,13,user,32,1,GPU-Node-44,92,385
2026-01-11 11:26:00,GPU,Medium,92,1,18,user,30,0,GPU-Node-31,100,494
2026-01-11 11:28:00,GPU,Low,85,1,17,admin,33,0,GPU-Node-8,100,456
2026-01-11 11:30:00,GPU,Medium,67,2,20,user,26,0,GPU-Node-26,100,497
2026-01-11 11:32:00,CPU,Medium,61,4,13,user,26,1,CPU-Node-5,87,354
2026-01-11 11:34:00,CPU,Medium,84,10,16,user,31,0,CPU-Node-32,100,464
2026-01-11 11:36:00,CPU,Medium,82,7,15,user,32,1,CPU-Node-2,100,443
2026-01-11 11:38:00,CPU,Low,95,7,16,user,41,0,CPU-Node-34,100,442
2026-01-11 11:40:00,CPU,Medium,76,5,10,user,27,1,CPU-Node-18,97,317
2026-01-11 11:42:00,CPU,Medium,83,6,19,user,41,0,CPU-Node-39,100,499
2026-01-11 11:44:00,CPU,Medium,75,11,11,user,21,1,CPU-Node-4,93,360
2026-01-11 11:46:00,GPU,Low,64,0,12,user,31,0,GPU-Node-10,87,385
2026-01-11 11:48:00,CPU,High,82,6,20,user,17,0,CPU-Node-32,100,505
2026-01-11 11:50:00,GPU,Medium,69,1,15,user,40,1,GPU-Node-2,97,384
2026-01-11 11:52:00,GPU,High,78,3,10,user,27,1,GPU-Node-30,93,373
2026-01-11 11:54:00,CPU,Low,75,10,16,user,47,0,CPU-Node-9,100,454
2026-01-11 11:56:00,GPU,High,65,0,9,user,17,0,GPU-Node-5,77,336
2026-01-11 11:58:00,GPU,Medium,69,2,10,user,38,1,GPU-Node-10,88,357
2026-01-11 12:00:00,GPU,Low,94,0,23,user,46,0,GPU-Node-12,100,573
2026-01-11 12:02:00,CPU,High,69,9,13,user,25,1,CPU-Node-37,100,393
2026-01-11 12:04:00,CPU,Low,67,1,15,user,31,1,CPU-Node-11,100,396
2026-01-11 12:06:00,GPU,Low,76,1,13,user,26,1,GPU-Node-32,100,401
2026-01-11 12:08:00,GPU,Low,83,2,16,user,45,0,GPU-Node-33,100,494
2026-01-11 12:10:00,GPU,High,74,0,12,user,31,0,GPU-Node-14,82,391
2026-01-11 12:12:00,CPU,Medium,82,4,12,user,33,1,CPU-Node-38,99,386
2026-01-11 12:14:00,CPU,Medium,67,10,19,user,43,0,CPU-Node-3,100,470
2026-01-11 12:16:00,GPU,High,70,2,18,user,29,0,GPU-Node-9,99,486
2026-01-11 12:18:00,CPU,High,65,8,15,user,34,1,CPU-Node-30,85,393
2026-01-11 12:20:00,GPU,Medium,79,2,16,user,25,0,GPU-Node-50,100,453
2026-01-11 12:22:00,GPU,Low,77,3,15,user,38,1,GPU-Node-44,100,427
2026-01-11 12:24:00,CPU,Medium,82,9,18,user,25,0,CPU-Node-18,100,491
2026-01-11 12:26:00,GPU,High,83,0,15,user,16,0,GPU-Node-46,100,459
2026-01-11 12:28:00,GPU,High,80,2,16,user,25,0,GPU-Node-11,100,446
2026-01-11 12:30:00,CPU,Medium,53,7,11,admin,20,1,CPU-Node-3,68,293
2026-01-11 12:32:00,GPU,Medium,64,0,11,user,31,0,GPU-Node-11,85,362
2026-01-11 12:34:00,CPU,High,80,10,21,admin,11,1,CPU-Node-28,100,520
2026-01-11 12:36:00,CPU,Medium,74,11,12,user,45,1,CPU-Node-49,99,374
2026-01-11 12:38:00,CPU,Medium,80,4,16,user,19,0,CPU-Node-6,100,410
2026-01-11 12:40:00,CPU,High,62,6,10,user,51,1,CPU-Node-8,80,287
2026-01-11 12:42:00,CPU,High,80,11,14,user,23,1,CPU-Node-38,100,461
2026-01-11 12:44:00,GPU,High,89,1,19,user,42,0,GPU-Node-12,100,502
2026-01-11 12:46:00,CPU,Medium,75,7,10,user,39,1,CPU-Node-35,93,333
2026-01-11 12:48:00,CPU,High,95,3,19,user,20,0,CPU-Node-35,100,524
2026-01-11 12:50:00,CPU,Medium,70,8,12,admin,32,1,CPU-Node-40,88,388
2026-01-11 12:52:00,CPU,Low,60,14,13,user,26,1,CPU-Node-32,84,344
2026-01-11 12:54:00,GPU,Medium,62,2,18,user,29,0,GPU-Node-34,92,493
2026-01-11 12:56:00,CPU,High,72,8,14,user,18,1,CPU-Node-24,100,420
2026-01-11 12:58:00,CPU,Medium,58,10,14,user,17,1,CPU-Node-38,87,358
2026-01-11 13:00:00,GPU,Medium,71,0,13,user,47,0,GPU-Node-12,96,389
2026-01-11 13:02:00,GPU,Medium,51,3,11,admin,30,1,GPU-Node-36,72,283
2026-01-11 13:04:00,GPU,High,70,1,11,user,47,1,GPU-Node-19,90,350
2026-01-11 13:06:00,CPU,Low,85,8,17,user,43,0,CPU-Node-24,100,484
2026-01-11 13:08:00,CPU,High,81,3,17,user,8,0,CPU-Node-30,100,474
2026-01-11 13:10:00,GPU,Medium,76,2,14,user,34,1,GPU-Node-4,100,405
2026-01-11 13:12:00,GPU,Medium,60,1,8,user,30,1,GPU-Node-34,77,314
2026-01-11 13:14:00,CPU,High,66,10,10,user,18,1,CPU-Node-9,90,356
2026-01-11 13:16:00,CPU,Medium,87,9,19,admin,38,0,CPU-Node-45,100,516
2026-01-11 13:18:00,GPU,High,64,3,6,user,20,1,GPU-Node-47,76,241
2026-01-11 13:20:00,GPU,Medium,68,1,11,user,21,1,GPU-Node-30,84,340
2026-01-11 13:22:00,GPU,Medium,73,1,15,user,26,1,GPU-Node-10,98,421
2026-01-11 13:24:00,GPU,High,78,1,18,user,17,0,GPU-Node-6,100,447
2026-01-11 13:26:00,CPU,Low,58,14,10,user,9,1,CPU-Node-48,78,322
2026-01-11 13:28:00,GPU,High,59,1,17,user,24,0,GPU-Node-14,94,437
2026-01-11 13:30:00,GPU,High,75,1,13,user,42,1,GPU-Node-26,99,366
2026-01-11 13:32:00,GPU,Medium,71,2,16,user,22,0,GPU-Node-13,100,369
2026-01-11 13:34:00,GPU,High,65,4,18,admin,24,1,GPU-Node-38,92,421
2026-01-11 13:36:00,CPU,Medium,76,9,11,user,29,1,CPU-Node-7,94,381
2026-01-11 13:38:00,GPU,Medium,97,1,20,user,19,0,GPU-Node-27,100,503
2026-01-11 13:40:00,CPU,Low,81,9,16,user,42,0,CPU-Node-34,100,464
2026-01-11 13:42:00,CPU,Medium,84,2,13,user,35,1,CPU-Node-28,100,439
2026-01-11 13:44:00,CPU,Low,82,4,20,user,18,0,CPU-Node-35,100,536
2026-01-11 13:46:00,CPU,Low,79,5,13,user,43,1,CPU-Node-39,100,387
2026-01-11 13:48:00,GPU,Low,71,2,16,user,43,0,GPU-Node-35,100,453
2026-01-11 13:50:00,CPU,High,75,6,10,user,41,1,CPU-Node-14,92,367
2026-01-11 13:52:00,GPU,Medium,54,2,8,user,12,1,GPU-Node-32,66,257
2026-01-11 13:54:00,CPU,Low,80,7,14,user,29,1,CPU-Node-37,100,406
2026-01-11 13:56:00,CPU,High,94,7,16,admin,37,1,CPU-Node-44,100,424
2026-01-11 13:58:00,GPU,High,80,2,15,user,22,1,GPU-Node-49,100,418
2026-01-11 14:00:00,GPU,Medium,63,1,8,user,18,1,GPU-Node-42,84,302
2026-01-11 14:02:00,GPU,Medium,92,3,20,user,43,0,GPU-Node-42,100,518
2026-01-11 14:04:00,CPU,Low,69,10,14,user,47,1,CPU-Node-50,94,373
2026-01-11 14:06:00,CPU,Low,67,8,17,user,25,0,CPU-Node-14,100,419
2026-01-11 14:08:00,GPU,High,75,1,15,user,50,1,GPU-Node-21,100,404
2026-01-11 14:10:00,CPU,High,78,7,19,user,41,0,CPU-Node-43,100,495
2026-01-11 14:12:00,GPU,Medium,57,1,12,user,34,1,GPU-Node-28,92,366
2026-01-11 14:14:00,GPU,High,79,3,17,user,25,0,GPU-Node-37,100,489
2026-01-11 14:16:00,CPU,Low,81,10,19,user,20,0,CPU-Node-32,100,510
2026-01-11 14:18:00,CPU,Medium,71,10,8,user,28,1,CPU-Node-13,97,331
2026-01-11 14:20:00,CPU,Low,73,8,18,user,21,0,CPU-Node-30,100,475
2026-01-11 14:22:00,GPU,Low,98,1,16,user,39,0,GPU-Node-42,100,487
2026-01-11 14:24:00,CPU,Medium,87,9,16,user,37,0,CPU-Node-38,100,474
2026-01-11 14:26:00,GPU,Medium,80,2,16,user,29,0,GPU-Node-34,100,466
2026-01-11 14:28:00,CPU,High,71,7,15,user,34,1,CPU-Node-11,100,376
2026-01-11 14:30:00,CPU,High,64,11,15,user,26,1,CPU-Node-27,89,378
2026-01-11 14:32:00,GPU,High,87,1,21,user,26,0,GPU-Node-9,100,529
2026-01-11 14:34:00,GPU,Low,76,1,20,user,23,0,GPU-Node-22,100,511
2026-01-11 14:36:00,GPU,Low,75,1,16,user,50,0,GPU-Node-33,100,463
2026-01-11 14:38:00,CPU,High,81,2,14,user,46,1,CPU-Node-33,99,398
2026-01-11 14:40:00,CPU,Medium,68,12,18,user,20,0,CPU-Node-17,100,468
2026-01-11 14:42:00,GPU,Low,82,1,15,admin,18,1,GPU-Node-25,100,459
2026-01-11 14:44:00,CPU,Low,83,4,16,user,30,0,CPU-Node-19,100,488
2026-01-11 14:46:00,CPU,Low,60,9,8,user,23,1,CPU-Node-10,75,289
2026-01-11 14:48:00,CPU,Low,63,12,10,user,48,1,CPU-Node-14,84,377
2026-01-11 14:50:00,GPU,Low,93,0,22,user,33,0,GPU-Node-40,100,542
2026-01-11 14:52:00,CPU,High,57,7,11,user,30,1,CPU-Node-15,80,310
2026-01-11 14:54:00,GPU,Medium,58,1,12,user,13,1,GPU-Node-23,80,359
2026-01-11 14:56:00,CPU,Low,76,10,11,user,31,1,CPU-Node-42,90,385
2026-01-11 14:58:00,GPU,Low,80,3,20,user,23,0,GPU-Node-38,100,477
2026-01-11 15:00:00,CPU,High,72,9,15,user,32,1,CPU-Node-21,99,416
2026-01-11 15:02:00,CPU,High,84,5,15,user,13,1,CPU-Node-17,100,459
2026-01-11 15:04:00,GPU,Medium,80,2,20,user,19,0,GPU-Node-30,100,485
2026-01-11 15:06:00,CPU,Low,70,5,13,admin,38,1,CPU-Node-16,90,353
2026-01-11 15:08:00,GPU,Low,70,2,19,admin,41,0,GPU-Node-50,100,475
2026-01-11 15:10:00,GPU,Medium,77,2,16,user,33,0,GPU-Node-41,100,439
2026-01-11 15:12:00,CPU,Low,70,5,8,user,19,1,CPU-Node-12,75,318
2026-01-11 15:14:00,GPU,Low,80,2,16,user,27,0,GPU-Node-46,100,417
2026-01-11 15:16:00,CPU,Medium,72,4,13,admin,50,1,CPU-Node-31,95,379
2026-01-11 15:18:00,CPU,High,84,6,16,user,49,0,CPU-Node-2,100,453
2026-01-11 15:20:00,GPU,Medium,65,0,13,user,29,0,GPU-Node-32,92,403
2026-01-11 15:22:00,GPU,Low,74,1,17,admin,48,0,GPU-Node-40,100,427
2026-01-11 15:24:00,CPU,High,82,1,16,user,20,0,CPU-Node-30,100,405
2026-01-11 15:26:00,GPU,Low,51,4,8,user,27,1,GPU-Node-2,78,309
2026-01-11 15:28:00,CPU,Medium,85,4,15,user,19,1,CPU-Node-50,100,410
2026-01-11 15:30:00,CPU,High,86,13,14,user,37,1,CPU-Node-33,100,447
2026-01-11 15:32:00,CPU,High,84,9,16,user,40,0,CPU-Node-33,100,486
2026-01-11 15:34:00,GPU,Medium,75,2,11,user,29,1,GPU-Node-12,97,357
2026-01-11 15:36:00,CPU,High,67,3,10,user,16,1,CPU-Node-17,88,383
2026-01-11 15:38:00,GPU,Low,99,0,20,user,15,0,GPU-Node-12,100,541
2026-01-11 15:40:00,CPU,Medium,76,12,16,user,32,0,CPU-Node-11,100,410
2026-01-11 15:42:00,CPU,Low,71,5,15,user,38,1,CPU-Node-46,98,405
2026-01-11 15:44:00,CPU,Medium,57,10,11,user,30,1,CPU-Node-26,83,326
2026-01-11 15:46:00,CPU,Low,85,7,13,user,44,1,CPU-Node-11,100,392
2026-01-11 15:48:00,CPU,High,79,8,17,admin,34,1,CPU-Node-6,100,436
2026-01-11 15:50:00,CPU,High,79,6,15,admin,21,1,CPU-Node-40,100,456
2026-01-11 15:52:00,CPU,High,84,18,10,admin,27,1,CPU-Node-29,100,379
2026-01-11 15:54:00,CPU,Medium,56,4,10,user,26,1,CPU-Node-15,71,306
2026-01-11 15:56:00,CPU,Medium,59,5,6,user,23,1,CPU-Node-32,68,265
2026-01-11 15:58:00,CPU,High,72,7,12,admin,5,1,CPU-Node-42,96,385
2026-01-11 16:00:00,CPU,Medium,89,10,16,user,20,0,CPU-Node-31,100,485
2026-01-11 16:02:00,CPU,High,77,9,16,user,12,0,CPU-Node-3,100,431
2026-01-11 16:04:00,CPU,Low,88,7,10,user,31,1,CPU-Node-17,100,384
2026-01-11 16:06:00,CPU,Medium,71,9,13,admin,41,1,CPU-Node-16,88,388
2026-01-11 16:08:00,GPU,Low,74,0,12,user,29,0,GPU-Node-25,100,337
2026-01-11 16:10:00,CPU,High,69,8,13,user,25,1,CPU-Node-49,98,390
2026-01-11 16:12:00,CPU,High,81,8,16,user,29,0,CPU-Node-18,100,469
2026-01-11 16:14:00,CPU,Medium,94,7,27,user,29,0,CPU-Node-47,100,644
2026-01-11 16:16:00,GPU,Low,69,2,14,user,23,1,GPU-Node-17,97,420
2026-01-11 16:18:00,CPU,Low,65,14,8,user,36,1,CPU-Node-42,85,276
2026-01-11 16:20:00,GPU,Medium,63,1,14,user,15,1,GPU-Node-26,88,353
2026-01-11 16:22:00,CPU,Medium,80,4,15,user,32,1,CPU-Node-12,100,421
2026-01-11 16:24:00,CPU,Medium,72,6,18,user,50,0,CPU-Node-29,100,454
2026-01-11 16:26:00,GPU,Low,77,1,14,user,36,1,GPU-Node-12,100,411
2026-01-11 16:28:00,CPU,Low,68,9,12,user,36,1,CPU-Node-50,92,360
2026-01-11 16:30:00,CPU,Medium,66,4,15,admin,31,1,CPU-Node-12,96,347
2026-01-11 16:32:00,CPU,Low,65,10,12,user,29,1,CPU-Node-48,88,330
2026-01-11 16:34:00,GPU,High,68,4,11,user,27,1,GPU-Node-29,87,349
2026-01-11 16:36:00,CPU,Low,83,7,14,user,28,1,CPU-Node-35,100,415
2026-01-11 16:38:00,GPU,Medium,94,1,20,user,24,0,GPU-Node-28,100,530
2026-01-11 16:40:00,CPU,Medium,75,7,13,user,24,1,CPU-Node-43,90,391
2026-01-11 16:42:00,GPU,Medium,63,2,8,user,17,1,GPU-Node-20,78,297
2026-01-11 16:44:00,CPU,Medium,76,7,14,admin,46,1,CPU-Node-18,100,376
2026-01-11 16:46:00,GPU,Medium,85,2,17,admin,31,0,GPU-Node-18,100,491
2026-01-11 16:48:00,GPU,High,81,1,17,user,26,0,GPU-Node-40,100,440
2026-01-11 16:50:00,CPU,High,84,10,15,user,17,1,CPU-Node-5,100,428
2026-01-11 16:52:00,GPU,Medium,92,3,17,user,29,0,GPU-Node-29,100,483
2026-01-11 16:54:00,GPU,High,60,0,13,user,23,0,GPU-Node-6,85,342
2026-01-11 16:56:00,GPU,Medium,63,1,15,admin,39,1,GPU-Node-35,93,402
2026-01-11 16:58:00,CPU,High,77,1,13,user,41,1,CPU-Node-49,100,382
2026-01-11 17:00:00,CPU,Medium,73,7,16,user,29,0,CPU-Node-43,100,447
2026-01-11 17:02:00,GPU,High,91,0,15,user,20,0,GPU-Node-5,100,425
2026-01-11 17:04:00,GPU,High,71,1,16,user,37,0,GPU-Node-29,100,422
2026-01-11 17:06:00,CPU,High,68,11,14,user,34,1,CPU-Node-28,100,396
2026-01-11 17:08:00,CPU,High,88,3,22,user,28,0,CPU-Node-23,100,588
2026-01-11 17:10:00,CPU,High,97,4,13,user,39,1,CPU-Node-25,100,452
2026-01-11 17:12:00,GPU,High,87,0,13,user,32,0,GPU-Node-13,100,433
2026-01-11 17:14:00,GPU,Medium,76,1,12,user,17,1,GPU-Node-17,100,418
2026-01-11 17:16:00,CPU,High,83,5,19,user,44,0,CPU-Node-12,100,469
2026-01-11 17:18:00,GPU,Medium,76,0,12,user,20,0,GPU-Node-29,100,368
2026-01-11 17:20:00,GPU,Low,63,2,13,user,20,1,GPU-Node-3,92,392
2026-01-11 17:22:00,CPU,Medium,84,8,14,user,24,1,CPU-Node-44,100,424
2026-01-11 17:24:00,GPU,Medium,82,0,16,user,34,0,GPU-Node-15,100,457
2026-01-11 17:26:00,CPU,Medium,89,5,17,admin,52,0,CPU-Node-37,100,489
2026-01-11 17:28:00,GPU,Low,71,0,11,user,30,0,GPU-Node-10,90,362
2026-01-11 17:30:00,GPU,Medium,66,2,18,user,27,0,GPU-Node-48,95,458
2026-01-11 17:32:00,GPU,Medium,65,2,12,user,5,1,GPU-Node-36,87,356
2026-01-11 17:34:00,CPU,Medium,90,5,18,user,32,0,CPU-Node-46,100,522
2026-01-11 17:36:00,GPU,Medium,61,1,13,admin,27,1,GPU-Node-7,82,367
2026-01-11 17:38:00,GPU,Low,74,3,13,user,40,1,GPU-Node-34,100,439
2026-01-11 17:40:00,CPU,Medium,71,7,12,user,17,1,CPU-Node-46,100,380
2026-01-11 17:42:00,CPU,Medium,71,10,17,user,36,0,CPU-Node-9,100,417
2026-01-11 17:44:00,CPU,High,68,5,13,user,34,1,CPU-Node-45,100,383
2026-01-11 17:46:00,CPU,Low,82,8,18,user,46,0,CPU-Node-5,100,452
2026-01-11 17:48:00,CPU,Low,81,3,18,user,26,0,CPU-Node-11,100,475
2026-01-11 17:50:00,GPU,Medium,67,2,13,user,45,1,GPU-Node-26,95,390
2026-01-11 17:52:00,GPU,Medium,78,1,11,user,29,1,GPU-Node-37,93,392
2026-01-11 17:54:00,CPU,High,90,7,13,user,24,1,CPU-Node-41,100,407
2026-01-11 17:56:00,GPU,Medium,74,1,15,user,8,1,GPU-Node-11,100,459
2026-01-11 17:58:00,CPU,Medium,80,13,16,user,32,0,CPU-Node-14,100,458
2026-01-11 18:00:00,GPU,Low,80,1,18,user,35,0,GPU-Node-19,100,473
2026-01-11 18:02:00,GPU,Medium,83,3,12,user,43,1,GPU-Node-8,100,382
2026-01-11 18:04:00,GPU,Low,86,1,19,user,42,0,GPU-Node-35,100,518
2026-01-11 18:06:00,GPU,High,73,1,16,admin,35,1,GPU-Node-30,100,429
2026-01-11 18:08:00,GPU,High,64,2,15,user,6,1,GPU-Node-20,87,389
2026-01-11 18:10:00,GPU,Low,82,1,14,user,49,1,GPU-Node-6,100,408
2026-01-11 18:12:00,CPU,Low,74,8,16,user,20,0,CPU-Node-27,100,485
2026-01-11 18:14:00,GPU,Medium,68,1,12,user,39,1,GPU-Node-10,86,368
2026-01-11 18:16:00,CPU,Low,86,3,19,user,34,0,CPU-Node-18,100,537
2026-01-11 18:18:00,GPU,Medium,74,3,13,user,50,1,GPU-Node-24,100,429
2026-01-11 18:20:00,GPU,Low,69,4,10,user,28,1,GPU-Node-22,84,288
2026-01-11 18:22:00,CPU,Medium,68,9,13,user,36,1,CPU-Node-42,92,353
2026-01-11 18:24:00,GPU,Low,76,1,18,user,35,0,GPU-Node-50,100,466
2026-01-11 18:26:00,CPU,Low,62,13,8,user,21,1,CPU-Node-30,78,307
2026-01-11 18:28:00,CPU,High,85,10,14,user,28,1,CPU-Node-47,100,416
2026-01-11 18:30:00,CPU,Medium,65,6,16,admin,15,0,CPU-Node-49,100,365
2026-01-11 18:32:00,CPU,High,78,9,17,user,21,0,CPU-Node-27,100,462
2026-01-11 18:34:00,GPU,Medium,84,3,12,user,41,1,GPU-Node-7,100,396
2026-01-11 18:36:00,GPU,Medium,77,2,17,admin,36,0,GPU-Node-30,100,468
2026-01-11 18:38:00,GPU,Medium,98,0,20,user,45,0,GPU-Node-40,100,528
2026-01-11 18:40:00,CPU,Low,90,10,22,user,20,0,CPU-Node-12,100,531
2026-01-11 18:42:00,GPU,High,67,1,12,user,15,1,GPU-Node-43,91,379
2026-01-11 18:44:00,GPU,Medium,68,1,12,user,44,1,GPU-Node-5,91,369
2026-01-11 18:46:00,GPU,Low,61,1,15,user,32,1,GPU-Node-22,96,399
2026-01-11 18:48:00,CPU,High,74,2,12,user,32,1,CPU-Node-21,98,353
2026-01-11 18:50:00,CPU,Medium,54,6,13,user,31,1,CPU-Node-16,78,371
2026-01-11 18:52:00,GPU,High,72,2,7,user,30,1,GPU-Node-39,85,313
2026-01-11 18:54:00,CPU,Medium,77,5,14,user,30,1,CPU-Node-2,100,422
2026-01-11 18:56:00,GPU,Low,52,1,10,user,20,1,GPU-Node-10,65,330
2026-01-11 18:58:00,GPU,Medium,85,0,14,user,19,0,GPU-Node-3,100,432
2026-01-11 19:00:00,GPU,Low,37,1,7,user,34,1,GPU-Node-7,56,230
2026-01-11 19:02:00,CPU,High,42,5,7,user,48,1,CPU-Node-35,48,238
2026-01-11 19:04:00,CPU,Low,37,3,10,user,36,1,CPU-Node-47,56,274
2026-01-11 19:06:00,CPU,Low,44,11,10,user,30,1,CPU-Node-3,61,279
2026-01-11 19:08:00,CPU,High,42,10,5,user,22,1,CPU-Node-40,56,221
2026-01-11 19:10:00,CPU,Low,35,8,5,user,22,1,CPU-Node-47,47,172
2026-01-11 19:12:00,CPU,High,33,11,4,user,36,1,CPU-Node-10,39,163
2026-01-11 19:14:00,GPU,High,38,0,7,user,34,0,GPU-Node-16,54,212
2026-01-11 19:16:00,CPU,Low,38,4,7,user,37,1,CPU-Node-11,57,218
2026-01-11 19:18:00,GPU,Low,24,1,0,user,36,1,GPU-Node-1,18,73
2026-01-11 19:20:00,CPU,Low,33,8,14,user,30,1,CPU-Node-20,59,318
2026-01-11 19:22:00,CPU,High,36,9,11,user,35,1,CPU-Node-24,60,285
2026-01-11 19:24:00,CPU,Medium,31,10,11,user,30,1,CPU-Node-6,43,251
2026-01-11 19:26:00,GPU,High,47,0,7,user,36,0,GPU-Node-30,54,260
2026-01-11 19:28:00,CPU,Medium,31,12,9,admin,45,1,CPU-Node-17,44,258
2026-01-11 19:30:00,GPU,Low,41,2,5,user,35,1,GPU-Node-43,54,220
2026-01-11 19:32:00,CPU,Low,51,5,13,admin,33,1,CPU-Node-19,75,339
2026-01-11 19:34:00,CPU,Low,50,1,9,admin,25,1,CPU-Node-37,77,295
2026-01-11 19:36:00,CPU,High,40,10,8,user,24,1,CPU-Node-35,55,244
2026-01-11 19:38:00,CPU,Medium,31,5,4,user,22,1,CPU-Node-45,30,174
2026-01-11 19:40:00,CPU,High,27,10,9,user,36,1,CPU-Node-46,46,263
2026-01-11 19:42:00,CPU,Low,41,3,7,user,21,1,CPU-Node-23,56,263
2026-01-11 19:44:00,CPU,High,26,4,2,user,39,1,CPU-Node-45,28,125
2026-01-11 19:46:00,GPU,High,35,1,4,admin,16,1,GPU-Node-45,33,173
2026-01-11 19:48:00,CPU,High,40,9,9,user,22,1,CPU-Node-26,54,291
2026-01-11 19:50:00,GPU,Medium,25,0,5,user,17,0,GPU-Node-9,31,156
2026-01-11 19:52:00,CPU,Medium,35,3,1,admin,22,1,CPU-Node-34,35,125
2026-01-11 19:54:00,CPU,Medium,41,10,10,user,26,1,CPU-Node-28,62,284
2026-01-11 19:56:00,GPU,Medium,30,1,2,user,11,1,GPU-Node-4,28,143
2026-01-11 19:58:00,GPU,Low,16,1,0,admin,27,1,GPU-Node-50,16,80
2026-01-11 20:00:00,CPU,High,36,9,5,user,34,1,CPU-Node-3,44,160
2026-01-11 20:02:00,GPU,Low,42,2,13,user,24,1,GPU-Node-17,68,350
2026-01-11 20:04:00,GPU,Medium,23,2,4,user,31,1,GPU-Node-33,37,127
2026-01-11 20:06:00,CPU,High,35,9,3,user,38,1,CPU-Node-34,39,148
2026-01-11 20:08:00,CPU,High,27,7,0,user,41,1,CPU-Node-39,32,91
2026-01-11 20:10:00,CPU,High,20,6,2,user,41,1,CPU-Node-5,18,115
2026-01-11 20:12:00,GPU,Medium,28,0,2,user,30,0,GPU-Node-43,30,129
2026-01-11 20:14:00,GPU,Low,43,2,10,user,34,1,GPU-Node-9,68,294
2026-01-11 20:16:00,GPU,High,39,3,9,user,35,1,GPU-Node-29,68,266
2026-01-11 20:18:00,CPU,Low,31,5,8,user,20,1,CPU-Node-33,46,262
2026-01-11 20:20:00,GPU,Low,37,2,8,user,42,1,GPU-Node-36,59,231
2026-01-11 20:22:00,CPU,High,45,9,6,user,11,1,CPU-Node-4,62,273
2026-01-11 20:24:00,CPU,Medium,10,8,0,user,24,1,CPU-Node-41,13,62
2026-01-11 20:26:00,GPU,Low,44,1,11,user,39,1,GPU-Node-32,65,317
2026-01-11 20:28:00,GPU,Low,28,3,7,user,29,1,GPU-Node-42,33,189
2026-01-11 20:30:00,GPU,Medium,28,0,3,admin,42,0,GPU-Node-6,24,169
2026-01-11 20:32:00,GPU,Low,41,2,8,user,22,1,GPU-Node-40,47,266
2026-01-11 20:34:00,GPU,Medium,36,1,2,user,22,1,GPU-Node-43,39,134
2026-01-11 20:36:00,CPU,Low,39,3,8,user,28,1,CPU-Node-27,52,282
2026-01-11 20:38:00,GPU,Medium,31,2,8,user,34,1,GPU-Node-22,38,240
2026-01-11 20:40:00,CPU,Medium,23,2,7,user,32,1,CPU-Node-5,40,180
2026-01-11 20:42:00,CPU,Low,31,2,6,user,27,1,CPU-Node-7,45,273
2026-01-11 20:44:00,GPU,High,26,3,8,user,22,1,GPU-Node-14,41,234
2026-01-11 20:46:00,CPU,Medium,35,8,3,user,28,1,CPU-Node-15,41,163
2026-01-11 20:48:00,CPU,High,31,8,4,user,45,1,CPU-Node-45,37,168
2026-01-11 20:50:00,CPU,Low,41,7,5,user,24,1,CPU-Node-22,43,221
2026-01-11 20:52:00,GPU,Low,33,1,6,user,22,1,GPU-Node-20,50,222
2026-01-11 20:54:00,CPU,Medium,29,4,7,user,36,1,CPU-Node-44,38,243
2026-01-11 20:56:00,CPU,Low,11,9,0,user,17,1,CPU-Node-27,4,89
2026-01-11 20:58:00,CPU,Medium,36,10,0,user,22,1,CPU-Node-40,34,158
2026-01-11 21:00:00,CPU,Low,43,4,9,user,42,1,CPU-Node-7,58,277
2026-01-11 21:02:00,CPU,High,15,5,5,user,42,1,CPU-Node-7,27,148
2026-01-11 21:04:00,CPU,Medium,47,7,0,user,27,1,CPU-Node-1,42,169
2026-01-11 21:06:00,CPU,Medium,39,6,9,user,37,1,CPU-Node-23,57,217
2026-01-11 21:08:00,CPU,Low,23,12,6,user,49,1,CPU-Node-25,31,182
2026-01-11 21:10:00,CPU,Medium,41,8,5,user,36,1,CPU-Node-31,53,199
2026-01-11 21:12:00,GPU,High,20,2,6,user,33,1,GPU-Node-34,31,161
2026-01-11 21:14:00,GPU,Medium,35,1,0,user,38,1,GPU-Node-46,41,120
2026-01-11 21:16:00,CPU,Low,37,8,7,user,17,1,CPU-Node-38,50,218
2026-01-11 21:18:00,CPU,Low,23,2,1,user,11,1,CPU-Node-26,17,81
2026-01-11 21:20:00,CPU,Medium,26,6,1,user,11,1,CPU-Node-41,21,135
2026-01-11 21:22:00,CPU,Medium,29,6,2,user,28,1,CPU-Node-24,36,132
2026-01-11 21:24:00,GPU,Medium,34,1,9,user,24,1,GPU-Node-40,57,273
2026-01-11 21:26:00,CPU,Low,10,10,1,user,41,1,CPU-Node-25,18,80
2026-01-11 21:28:00,CPU,Medium,24,7,8,admin,35,1,CPU-Node-43,38,208
2026-01-11 21:30:00,CPU,Medium,33,1,13,user,27,1,CPU-Node-50,58,302
2026-01-11 21:32:00,CPU,Medium,30,6,2,user,36,1,CPU-Node-33,29,145
2026-01-11 21:34:00,CPU,High,62,8,11,admin,34,1,CPU-Node-11,81,343
2026-01-11 21:36:00,GPU,High,39,1,11,user,47,1,GPU-Node-36,65,274
2026-01-11 21:38:00,GPU,Medium,35,1,9,user,25,1,GPU-Node-28,45,255
2026-01-11 21:40:00,CPU,Low,37,10,5,admin,36,1,CPU-Node-30,34,173
2026-01-11 21:42:00,CPU,Medium,42,5,6,user,32,1,CPU-Node-24,54,204
2026-01-11 21:44:00,CPU,Low,27,7,9,user,34,1,CPU-Node-13,48,206
2026-01-11 21:46:00,CPU,Medium,48,6,6,user,35,1,CPU-Node-33,59,262
2026-01-11 21:48:00,CPU,Medium,42,9,9,admin,26,1,CPU-Node-42,60,292
2026-01-11 21:50:00,GPU,Medium,40,2,10,user,21,1,GPU-Node-38,57,266
2026-01-11 21:52:00,CPU,Low,40,10,10,user,49,1,CPU-Node-37,57,257
2026-01-11 21:54:00,GPU,High,34,0,11,user,39,0,GPU-Node-22,49,256
2026-01-11 21:56:00,CPU,Medium,15,6,6,user,46,1,CPU-Node-17,21,184
2026-01-11 21:58:00,CPU,High,39,3,8,user,44,1,CPU-Node-22,53,232
2026-01-11 22:00:00,GPU,Medium,42,0,4,user,31,0,GPU-Node-10,46,204
2026-01-11 22:02:00,CPU,Low,53,12,9,admin,30,1,CPU-Node-3,73,294
2026-01-11 22:04:00,CPU,Medium,26,8,2,admin,37,1,CPU-Node-4,25,146
2026-01-11 22:06:00,GPU,Low,21,3,10,user,50,1,GPU-Node-5,38,218
2026-01-11 22:08:00,CPU,Medium,36,7,3,user,30,1,CPU-Node-25,45,122
2026-01-11 22:10:00,CPU,Low,23,7,7,user,29,1,CPU-Node-26,40,214
2026-01-11 22:12:00,GPU,Low,25,0,5,user,43,0,GPU-Node-27,36,205
2026-01-11 22:14:00,CPU,High,32,9,8,user,29,1,CPU-Node-35,49,256
2026-01-11 22:16:00,CPU,High,24,19,6,user,31,1,CPU-Node-30,36,191
2026-01-11 22:18:00,GPU,Medium,43,0,10,admin,23,0,GPU-Node-5,62,291
2026-01-11 22:20:00,GPU,Medium,47,1,10,admin,45,1,GPU-Node-11,63,271
2026-01-11 22:22:00,GPU,Low,33,3,8,admin,27,1,GPU-Node-17,40,252
2026-01-11 22:24:00,GPU,Medium,32,1,4,user,40,1,GPU-Node-34,42,194
2026-01-11 22:26:00,GPU,Medium,41,3,9,user,23,1,GPU-Node-26,64,284
2026-01-11 22:28:00,GPU,Low,43,0,6,admin,6,0,GPU-Node-40,53,201
2026-01-11 22:30:00,CPU,Low,42,11,7,admin,35,1,CPU-Node-50,58,244
2026-01-11 22:32:00,GPU,High,49,0,4,user,18,0,GPU-Node-29,53,261
2026-01-11 22:34:00,GPU,High,33,1,14,user,32,1,GPU-Node-37,59,357
2026-01-11 22:36:00,CPU,Medium,39,6,3,user,15,1,CPU-Node-2,46,167
2026-01-11 22:38:00,GPU,High,26,2,2,user,39,1,GPU-Node-9,23,154
2026-01-11 22:40:00,GPU,Medium,51,1,11,user,54,1,GPU-Node-8,70,316
2026-01-11 22:42:00,CPU,Medium,35,3,6,user,40,1,CPU-Node-13,29,185
2026-01-11 22:44:00,CPU,Medium,38,6,5,user,25,1,CPU-Node-10,50,169
2026-01-11 22:46:00,GPU,High,16,4,0,user,34,1,GPU-Node-35,1,69
2026-01-11 22:48:00,CPU,Medium,31,7,10,admin,24,1,CPU-Node-8,54,242
2026-01-11 22:50:00,CPU,Low,31,6,9,user,23,1,CPU-Node-11,47,247
2026-01-11 22:52:00,CPU,Low,20,6,9,user,45,1,CPU-Node-18,31,229
2026-01-11 22:54:00,CPU,High,21,5,2,user,6,1,CPU-Node-35,19,68
2026-01-11 22:56:00,CPU,Low,49,9,9,user,28,1,CPU-Node-40,70,273
2026-01-11 22:58:00,GPU,Low,22,0,2,user,6,0,GPU-Node-9,19,107
2026-01-11 23:00:00,CPU,High,41,3,10,user,36,1,CPU-Node-9,65,290
2026-01-11 23:02:00,CPU,Medium,35,10,8,user,45,1,CPU-Node-32,55,281
2026-01-11 23:04:00,GPU,Low,42,2,4,user,15,1,GPU-Node-14,48,209
2026-01-11 23:06:00,GPU,Low,46,1,10,user,39,1,GPU-Node-8,71,275
2026-01-11 23:08:00,CPU,Low,28,6,10,user,17,1,CPU-Node-11,49,257
2026-01-11 23:10:00,CPU,High,24,1,1,user,31,1,CPU-Node-27,26,126
2026-01-11 23:12:00,GPU,Low,38,1,4,user,24,1,GPU-Node-18,45,173
2026-01-11 23:14:00,GPU,Medium,50,2,11,user,39,1,GPU-Node-39,70,326
2026-01-11 23:16:00,GPU,High,33,2,5,user,29,1,GPU-Node-36,40,187
2026-01-11 23:18:00,CPU,Medium,36,8,4,user,35,1,CPU-Node-28,42,209
2026-01-11 23:20:00,CPU,Medium,20,8,3,user,21,1,CPU-Node-7,31,97
2026-01-11 23:22:00,CPU,High,37,8,3,admin,39,1,CPU-Node-17,45,174
2026-01-11 23:24:00,CPU,Medium,47,9,5,user,21,1,CPU-Node-3,52,210
2026-01-11 23:26:00,GPU,Low,31,2,8,user,37,1,GPU-Node-25,38,255
2026-01-11 23:28:00,CPU,High,33,9,7,user,19,1,CPU-Node-10,48,200
2026-01-11 23:30:00,CPU,Medium,34,5,4,user,16,1,CPU-Node-44,48,188
2026-01-11 23:32:00,GPU,Medium,16,1,3,user,16,1,GPU-Node-30,20,146
2026-01-11 23:34:00,CPU,Medium,44,6,6,user,29,1,CPU-Node-17,59,206
2026-01-11 23:36:00,GPU,Medium,26,2,7,user,40,1,GPU-Node-48,45,197
2026-01-11 23:38:00,CPU,Low,33,8,3,user,30,1,CPU-Node-3,46,154
2026-01-11 23:40:00,GPU,Medium,39,3,8,user,29,1,GPU-Node-32,56,235
2026-01-11 23:42:00,CPU,Medium,42,7,10,user,48,1,CPU-Node-19,61,273
2026-01-11 23:44:00,GPU,Medium,30,1,4,admin,30,1,GPU-Node-5,39,178
2026-01-11 23:46:00,CPU,Low,47,8,11,admin,26,1,CPU-Node-8,63,297
2026-01-11 23:48:00,CPU,Low,29,3,8,user,22,1,CPU-Node-29,51,220
2026-01-11 23:50:00,CPU,High,28,7,8,user,27,1,CPU-Node-7,39,217
2026-01-11 23:52:00,GPU,Medium,35,1,5,admin,28,1,GPU-Node-6,44,179
2026-01-11 23:54:00,GPU,Medium,43,1,5,user,28,1,GPU-Node-45,50,210
2026-01-11 23:56:00,CPU,Medium,27,1,2,user,39,1,CPU-Node-15,40,171
2026-01-11 23:58:00,CPU,High,23,4,4,user,20,1,CPU-Node-2,35,134
2026-01-12 00:00:00,CPU,Low,34,8,1,admin,52,1,CPU-Node-48,32,151
2026-01-12 00:02:00,CPU,Low,28,8,5,admin,22,1,CPU-Node-9,38,137
2026-01-12 00:04:00,CPU,Medium,45,9,13,user,38,1,CPU-Node-50,77,349
2026-01-12 00:06:00,CPU,High,51,3,13,user,27,1,CPU-Node-28,83,360
2026-01-12 00:08:00,GPU,High,38,2,5,admin,30,1,GPU-Node-33,51,245
2026-01-12 00:10:00,CPU,High,38,13,9,user,46,1,CPU-Node-49,54,284
2026-01-12 00:12:00,CPU,Low,37,6,6,user,17,1,CPU-Node-39,40,194
2026-01-12 00:14:00,CPU,Low,28,13,5,admin,37,1,CPU-Node-22,32,149
2026-01-12 00:16:00,CPU,Medium,23,8,5,user,23,1,CPU-Node-44,33,172
2026-01-12 00:18:00,GPU,Medium,34,3,0,user,46,1,GPU-Node-13,33,124
2026-01-12 00:20:00,CPU,High,56,6,11,user,33,1,CPU-Node-31,80,315
2026-01-12 00:22:00,GPU,High,14,2,3,user,27,1,GPU-Node-23,13,97
2026-01-12 00:24:00,GPU,Low,29,3,9,user,43,1,GPU-Node-33,47,235
2026-01-12 00:26:00,CPU,Medium,28,6,11,admin,21,1,CPU-Node-44,51,269
2026-01-12 00:28:00,GPU,High,38,2,6,user,28,1,GPU-Node-33,56,211
2026-01-12 00:30:00,GPU,High,17,3,2,user,33,1,GPU-Node-11,22,106
2026-01-12 00:32:00,CPU,Medium,54,11,10,user,21,1,CPU-Node-27,71,290
2026-01-12 00:34:00,CPU,Medium,57,7,11,user,33,1,CPU-Node-19,83,328
2026-01-12 00:36:00,GPU,Medium,44,1,9,user,30,1,GPU-Node-1,59,298
2026-01-12 00:38:00,GPU,Medium,50,2,9,user,29,1,GPU-Node-34,67,268
2026-01-12 00:40:00,GPU,Medium,47,3,9,user,22,1,GPU-Node-25,67,263
2026-01-12 00:42:00,GPU,High,42,2,6,admin,9,1,GPU-Node-36,46,212
2026-01-12 00:44:00,GPU,Medium,29,2,6,user,38,1,GPU-Node-33,41,207
2026-01-12 00:46:00,GPU,High,32,1,9,user,20,1,GPU-Node-6,53,272
2026-01-12 00:48:00,CPU,Medium,29,11,9,user,30,1,CPU-Node-10,48,216
2026-01-12 00:50:00,GPU,Medium,30,0,9,admin,6,0,GPU-Node-35,55,239
2026-01-12 00:52:00,GPU,High,41,0,13,user,19,0,GPU-Node-37,71,345
2026-01-12 00:54:00,GPU,Low,27,2,7,user,23,1,GPU-Node-16,34,216
2026-01-12 00:56:00,CPU,High,36,10,6,user,24,1,CPU-Node-5,39,217
2026-01-12 00:58:00,CPU,Low,22,6,0,user,48,1,CPU-Node-25,20,83
2026-01-12 01:00:00,CPU,Low,28,13,4,user,32,1,CPU-Node-47,40,166
2026-01-12 01:02:00,CPU,High,17,13,0,user,35,1,CPU-Node-1,23,86
2026-01-12 01:04:00,GPU,Medium,51,1,8,user,7,1,GPU-Node-27,71,261
2026-01-12 01:06:00,GPU,Medium,22,2,6,user,29,1,GPU-Node-22,32,211
2026-01-12 01:08:00,CPU,High,36,7,10,admin,29,1,CPU-Node-26,53,282
2026-01-12 01:10:00,CPU,Medium,45,8,6,user,33,1,CPU-Node-50,58,227
2026-01-12 01:12:00,GPU,Low,39,1,8,user,22,1,GPU-Node-34,62,234
2026-01-12 01:14:00,CPU,Low,30,11,5,admin,23,1,CPU-Node-15,39,244
2026-01-12 01:16:00,CPU,Medium,16,2,0,user,21,1,CPU-Node-41,12,79
2026-01-12 01:18:00,CPU,Low,18,6,2,user,26,1,CPU-Node-50,24,106
2026-01-12 01:20:00,CPU,Low,26,8,4,user,38,1,CPU-Node-17,33,199
2026-01-12 01:22:00,CPU,High,44,9,8,user,28,1,CPU-Node-34,63,235
2026-01-12 01:24:00,CPU,High,52,11,8,user,35,1,CPU-Node-22,70,262
2026-01-12 01:26:00,CPU,Low,26,8,5,admin,34,1,CPU-Node-33,36,174
2026-01-12 01:28:00,GPU,Medium,26,3,3,user,51,1,GPU-Node-41,39,124
2026-01-12 01:30:00,CPU,High,41,3,8,user,43,1,CPU-Node-19,58,231
2026-01-12 01:32:00,GPU,Medium,14,2,3,user,34,1,GPU-Node-32,12,113
2026-01-12 01:34:00,GPU,High,41,2,3,admin,33,1,GPU-Node-13,46,151
2026-01-12 01:36:00,CPU,Medium,37,8,9,user,16,1,CPU-Node-48,56,273
2026-01-12 01:38:00,CPU,High,37,7,6,user,33,1,CPU-Node-9,51,242
2026-01-12 01:40:00,CPU,High,41,10,9,user,40,1,CPU-Node-8,56,256
2026-01-12 01:42:00,CPU,High,29,12,10,admin,30,1,CPU-Node-24,46,242
2026-01-12 01:44:00,GPU,Low,38,2,7,user,24,1,GPU-Node-9,48,214
2026-01-12 01:46:00,GPU,High,36,2,8,user,16,1,GPU-Node-32,53,228
2026-01-12 01:48:00,GPU,High,28,2,6,admin,26,1,GPU-Node-48,45,210
2026-01-12 01:50:00,CPU,Medium,30,4,11,user,31,1,CPU-Node-7,54,277
2026-01-12 01:52:00,CPU,Medium,31,12,3,user,37,1,CPU-Node-47,28,150
2026-01-12 01:54:00,GPU,High,29,0,5,admin,44,0,GPU-Node-42,37,221
2026-01-12 01:56:00,GPU,Medium,29,2,1,user,23,1,GPU-Node-12,20,136
2026-01-12 01:58:00,CPU,Low,37,7,5,user,34,1,CPU-Node-22,48,227
2026-01-12 02:00:00,CPU,High,33,5,10,user,35,1,CPU-Node-14,45,269
2026-01-12 02:02:00,GPU,High,22,2,8,user,30,1,GPU-Node-8,35,224
2026-01-12 02:04:00,CPU,Medium,26,9,2,admin,18,1,CPU-Node-34,42,88
2026-01-12 02:06:00,GPU,Low,41,4,9,user,21,1,GPU-Node-29,55,240
2026-01-12 02:08:00,GPU,Low,49,2,6,admin,31,1,GPU-Node-10,57,254
2026-01-12 02:10:00,CPU,Medium,15,5,0,user,21,1,CPU-Node-10,18,50
2026-01-12 02:12:00,CPU,Low,36,6,3,user,30,1,CPU-Node-43,39,186
2026-01-12 02:14:00,GPU,Medium,34,1,3,user,42,1,GPU-Node-14,47,166
2026-01-12 02:16:00,CPU,Low,43,10,11,admin,33,1,CPU-Node-36,71,366
2026-01-12 02:18:00,CPU,Medium,42,12,9,user,14,1,CPU-Node-3,68,279
2026-01-12 02:20:00,GPU,High,28,2,0,user,40,1,GPU-Node-12,30,56
2026-01-12 02:22:00,CPU,High,31,14,7,user,38,1,CPU-Node-48,45,192
2026-01-12 02:24:00,GPU,Medium,46,2,10,user,21,1,GPU-Node-34,64,283
2026-01-12 02:26:00,CPU,High,34,8,9,user,25,1,CPU-Node-18,57,288
2026-01-12 02:28:00,CPU,Low,34,8,4,user,30,1,CPU-Node-28,42,190
2026-01-12 02:30:00,CPU,Low,33,10,11,user,35,1,CPU-Node-48,73,288
2026-01-12 02:32:00,CPU,High,45,6,9,admin,37,1,CPU-Node-19,65,300
2026-01-12 02:34:00,GPU,High,36,2,5,user,40,1,GPU-Node-35,36,163
2026-01-12 02:36:00,CPU,Medium,32,2,5,user,28,1,CPU-Node-16,42,201
2026-01-12 02:38:00,GPU,Medium,38,0,8,user,31,0,GPU-Node-12,54,220
2026-01-12 02:40:00,GPU,Low,33,2,7,user,36,1,GPU-Node-11,53,210
2026-01-12 02:42:00,GPU,Low,41,2,4,user,28,1,GPU-Node-40,43,186
2026-01-12 02:44:00,CPU,High,10,5,4,user,37,1,CPU-Node-25,18,112
2026-01-12 02:46:00,CPU,Medium,32,10,5,user,21,1,CPU-Node-32,42,218
2026-01-12 02:48:00,GPU,Low,36,2,4,user,23,1,GPU-Node-40,44,168
2026-01-12 02:50:00,GPU,High,28,2,3,user,34,1,GPU-Node-47,34,142
2026-01-12 02:52:00,GPU,Low,45,2,9,admin,34,1,GPU-Node-18,57,283
2026-01-12 02:54:00,GPU,High,21,1,3,user,40,1,GPU-Node-34,30,110
2026-01-12 02:56:00,CPU,Low,25,10,10,user,25,1,CPU-Node-44,47,270
2026-01-12 02:58:00,GPU,Medium,58,1,14,user,29,1,GPU-Node-38,89,385
2026-01-12 03:00:00,CPU,Low,31,13,8,user,44,1,CPU-Node-2,47,256
2026-01-12 03:02:00,CPU,Low,47,8,9,user,24,1,CPU-Node-42,66,275
2026-01-12 03:04:00,CPU,Medium,30,12,6,user,44,1,CPU-Node-23,42,195
2026-01-12 03:06:00,CPU,Low,32,12,4,user,37,1,CPU-Node-25,38,192
2026-01-12 03:08:00,CPU,High,21,7,4,user,26,1,CPU-Node-49,25,147
2026-01-12 03:10:00,CPU,High,28,6,6,user,41,1,CPU-Node-14,35,188
2026-01-12 03:12:00,GPU,Medium,24,1,9,user,33,1,GPU-Node-13,45,259
2026-01-12 03:14:00,CPU,High,40,7,6,user,36,1,CPU-Node-29,47,200
2026-01-12 03:16:00,GPU,Medium,34,1,8,user,22,1,GPU-Node-1,55,265
2026-01-12 03:18:00,CPU,Medium,26,7,10,user,40,1,CPU-Node-47,50,221
2026-01-12 03:20:00,CPU,High,40,9,11,user,21,1,CPU-Node-41,57,281
2026-01-12 03:22:00,CPU,Medium,46,6,8,user,27,1,CPU-Node-43,66,250
2026-01-12 03:24:00,CPU,Medium,30,8,0,admin,16,1,CPU-Node-27,27,149
2026-01-12 03:26:00,GPU,Medium,34,1,8,user,24,1,GPU-Node-22,56,215
2026-01-12 03:28:00,CPU,Medium,21,11,4,user,29,1,CPU-Node-27,35,176
2026-01-12 03:30:00,GPU,Medium,52,2,11,user,25,1,GPU-Node-7,74,315
2026-01-12 03:32:00,CPU,Low,35,7,5,user,26,1,CPU-Node-39,49,219
2026-01-12 03:34:00,GPU,High,42,2,10,user,42,1,GPU-Node-2,61,255
2026-01-12 03:36:00,CPU,Medium,28,3,6,user,11,1,CPU-Node-43,49,151
2026-01-12 03:38:00,CPU,Medium,27,10,2,user,26,1,CPU-Node-19,31,180
2026-01-12 03:40:00,CPU,Low,34,2,7,user,28,1,CPU-Node-24,60,253
2026-01-12 03:42:00,GPU,High,36,1,9,user,25,1,GPU-Node-19,52,274
2026-01-12 03:44:00,GPU,Medium,23,1,9,user,12,1,GPU-Node-19,35,239
2026-01-12 03:46:00,GPU,Medium,61,2,6,user,26,1,GPU-Node-15,74,243
2026-01-12 03:48:00,CPU,Low,42,5,11,admin,42,1,CPU-Node-12,67,337
2026-01-12 03:50:00,GPU,High,30,0,1,user,43,0,GPU-Node-35,40,107
2026-01-12 03:52:00,CPU,Low,49,8,9,user,36,1,CPU-Node-21,66,250
2026-01-12 03:54:00,GPU,High,36,2,7,user,24,1,GPU-Node-21,47,243
2026-01-12 03:56:00,GPU,High,26,2,4,admin,36,1,GPU-Node-4,28,173
2026-01-12 03:58:00,CPU,Medium,29,9,7,user,53,1,CPU-Node-19,43,202
2026-01-12 04:00:00,GPU,Low,40,1,7,user,19,1,GPU-Node-36,54,224
2026-01-12 04:02:00,CPU,Medium,25,6,8,user,27,1,CPU-Node-27,42,240
2026-01-12 04:04:00,GPU,Medium,28,1,2,user,11,1,GPU-Node-3,19,160
2026-01-12 04:06:00,CPU,Medium,42,8,12,user,30,1,CPU-Node-48,62,291
2026-01-12 04:08:00,CPU,High,21,8,2,user,26,1,CPU-Node-7,22,157
2026-01-12 04:10:00,CPU,Low,26,10,15,user,36,1,CPU-Node-2,56,318
2026-01-12 04:12:00,GPU,Low,24,2,1,user,36,1,GPU-Node-27,37,130
2026-01-12 04:14:00,GPU,High,13,0,7,user,34,0,GPU-Node-42,22,166
2026-01-12 04:16:00,CPU,Medium,38,12,7,user,41,1,CPU-Node-19,53,238
2026-01-12 04:18:00,CPU,High,33,8,3,user,43,1,CPU-Node-20,36,169
2026-01-12 04:20:00,CPU,Low,25,9,6,user,38,1,CPU-Node-49,34,199
2026-01-12 04:22:00,CPU,Medium,48,11,5,admin,40,1,CPU-Node-26,53,192
2026-01-12 04:24:00,GPU,High,10,3,3,user,16,1,GPU-Node-23,15,129
2026-01-12 04:26:00,CPU,Low,24,10,9,user,42,1,CPU-Node-44,43,240
2026-01-12 04:28:00,GPU,High,22,3,4,user,20,1,GPU-Node-28,32,139
2026-01-12 04:30:00,CPU,High,22,8,5,user,32,1,CPU-Node-34,29,166
2026-01-12 04:32:00,CPU,Medium,49,11,12,user,22,1,CPU-Node-50,70,310
2026-01-12 04:34:00,CPU,High,38,10,11,user,17,1,CPU-Node-41,73,275
2026-01-12 04:36:00,GPU,High,27,1,1,user,37,1,GPU-Node-49,17,96
2026-01-12 04:38:00,GPU,Medium,24,2,6,user,39,1,GPU-Node-21,38,181
2026-01-12 04:40:00,CPU,Medium,20,1,5,user,27,1,CPU-Node-30,33,156
2026-01-12 04:42:00,CPU,Low,30,5,4,user,40,1,CPU-Node-48,41,181
2026-01-12 04:44:00,GPU,Low,51,1,10,user,30,1,GPU-Node-8,68,326
2026-01-12 04:46:00,CPU,Low,48,6,8,user,45,1,CPU-Node-48,60,246
2026-01-12 04:48:00,GPU,High,30,1,0,user,53,1,GPU-Node-8,30,107
2026-01-12 04:50:00,CPU,Medium,38,13,5,user,19,1,CPU-Node-15,51,183
2026-01-12 04:52:00,GPU,High,42,1,11,user,25,1,GPU-Node-17,63,294
2026-01-12 04:54:00,CPU,High,40,11,8,user,33,1,CPU-Node-28,52,244
2026-01-12 04:56:00,GPU,Medium,37,1,9,user,29,1,GPU-Node-13,56,281
2026-01-12 04:58:00,GPU,High,12,2,4,user,15,1,GPU-Node-34,12,104
2026-01-12 05:00:00,CPU,High,39,9,8,user,20,1,CPU-Node-45,50,251
2026-01-12 05:02:00,CPU,Medium,47,5,12,admin,24,1,CPU-Node-5,71,308
2026-01-12 05:04:00,CPU,Low,29,4,9,user,30,1,CPU-Node-1,55,224
2026-01-12 05:06:00,GPU,High,40,0,2,user,17,0,GPU-Node-29,41,169
2026-01-12 05:08:00,CPU,High,33,3,1,user,14,1,CPU-Node-19,36,150
2026-01-12 05:10:00,CPU,Medium,30,3,3,user,28,1,CPU-Node-8,37,174
2026-01-12 05:12:00,GPU,Low,40,2,14,user,22,1,GPU-Node-41,67,357
2026-01-12 05:14:00,GPU,Medium,37,2,7,user,38,1,GPU-Node-30,46,213
2026-01-12 05:16:00,CPU,Low,42,11,10,user,33,1,CPU-Node-39,65,265
2026-01-12 05:18:00,GPU,High,38,1,4,user,36,1,GPU-Node-20,49,172
2026-01-12 05:20:00,CPU,Medium,19,10,6,admin,30,1,CPU-Node-21,30,168
2026-01-12 05:22:00,GPU,Low,47,2,9,admin,30,1,GPU-Node-36,66,255
2026-01-12 05:24:00,CPU,Low,13,9,0,user,38,1,CPU-Node-22,18,52
2026-01-12 05:26:00,CPU,Medium,27,2,10,admin,46,1,CPU-Node-3,40,249
2026-01-12 05:28:00,CPU,Medium,33,14,5,user,26,1,CPU-Node-8,45,208
2026-01-12 05:30:00,CPU,High,26,7,8,user,33,1,CPU-Node-35,37,226
2026-01-12 05:32:00,GPU,Medium,39,0,13,user,33,0,GPU-Node-7,61,344
2026-01-12 05:34:00,GPU,Medium,31,1,4,user,25,1,GPU-Node-9,30,170
2026-01-12 05:36:00,GPU,Low,32,1,6,admin,23,1,GPU-Node-31,42,167
2026-01-12 05:38:00,CPU,Low,27,10,8,user,21,1,CPU-Node-47,41,226
2026-01-12 05:40:00,GPU,High,25,0,3,user,40,0,GPU-Node-49,31,145
2026-01-12 05:42:00,CPU,High,31,10,5,user,32,1,CPU-Node-26,39,201
2026-01-12 05:44:00,CPU,Low,47,8,11,user,43,1,CPU-Node-15,66,291
2026-01-12 05:46:00,CPU,Medium,10,12,0,user,37,1,CPU-Node-9,10,57
2026-01-12 05:48:00,CPU,Medium,31,12,8,admin,21,1,CPU-Node-18,32,205
2026-01-12 05:50:00,CPU,Low,43,13,12,user,26,1,CPU-Node-30,61,292
2026-01-12 05:52:00,CPU,High,20,5,3,user,37,1,CPU-Node-50,27,103
2026-01-12 05:54:00,CPU,Low,34,2,6,user,45,1,CPU-Node-11,43,156
2026-01-12 05:56:00,CPU,Medium,30,6,5,user,27,1,CPU-Node-14,40,181
2026-01-12 05:58:00,GPU,Low,40,2,7,user,33,1,GPU-Node-28,52,250
2026-01-12 06:00:00,GPU,Low,22,0,0,admin,25,0,GPU-Node-38,26,102
2026-01-12 06:02:00,CPU,Low,40,7,5,user,30,1,CPU-Node-28,52,225
2026-01-12 06:04:00,GPU,High,36,2,11,user,19,1,GPU-Node-36,48,271
2026-01-12 06:06:00,GPU,High,43,2,3,user,44,1,GPU-Node-18,47,168
2026-01-12 06:08:00,CPU,Medium,44,9,10,user,42,1,CPU-Node-6,63,285
2026-01-12 06:10:00,CPU,High,28,1,6,user,37,1,CPU-Node-47,43,179
2026-01-12 06:12:00,CPU,Medium,38,8,6,user,38,1,CPU-Node-6,48,231
2026-01-12 06:14:00,CPU,Medium,26,9,2,user,44,1,CPU-Node-40,30,91
2026-01-12 06:16:00,GPU,Low,27,0,1,user,44,0,GPU-Node-34,31,105
2026-01-12 06:18:00,GPU,High,30,1,3,admin,20,1,GPU-Node-11,43,159
2026-01-12 06:20:00,CPU,Medium,37,4,6,user,24,1,CPU-Node-19,52,233
2026-01-12 06:22:00,CPU,Medium,62,9,14,user,40,1,CPU-Node-30,90,361
2026-01-12 06:24:00,CPU,Low,39,4,7,user,23,1,CPU-Node-17,49,236
2026-01-12 06:26:00,CPU,Low,49,8,12,user,17,1,CPU-Node-17,61,292
2026-01-12 06:28:00,CPU,High,44,11,9,user,23,1,CPU-Node-19,64,301
2026-01-12 06:30:00,CPU,Low,33,11,8,user,38,1,CPU-Node-47,53,259
2026-01-12 06:32:00,CPU,High,18,7,1,admin,36,1,CPU-Node-31,18,66
2026-01-12 06:34:00,CPU,Medium,37,5,12,user,10,1,CPU-Node-40,61,309
2026-01-12 06:36:00,CPU,High,42,10,11,user,35,1,CPU-Node-4,56,309
2026-01-12 06:38:00,CPU,High,18,8,3,admin,41,1,CPU-Node-43,27,99
2026-01-12 06:40:00,CPU,Medium,30,7,8,user,31,1,CPU-Node-3,38,235
2026-01-12 06:42:00,GPU,High,29,1,6,user,25,1,GPU-Node-44,31,162
2026-01-12 06:44:00,CPU,Low,45,10,2,user,21,1,CPU-Node-33,53,179
2026-01-12 06:46:00,CPU,High,46,1,10,admin,28,1,CPU-Node-44,65,315
2026-01-12 06:48:00,CPU,Medium,59,8,10,user,19,1,CPU-Node-38,86,344
2026-01-12 06:50:00,GPU,High,22,3,4,user,24,1,GPU-Node-21,33,156
2026-01-12 06:52:00,CPU,Low,34,6,4,user,32,1,CPU-Node-16,36,189
2026-01-12 06:54:00,GPU,Medium,23,1,3,admin,14,1,GPU-Node-3,28,148
2026-01-12 06:56:00,GPU,High,29,2,0,user,29,1,GPU-Node-30,42,103
2026-01-12 06:58:00,CPU,High,34,9,2,admin,21,1,CPU-Node-49,38,141
2026-01-12 07:00:00,CPU,High,39,1,8,user,23,1,CPU-Node-11,58,237
2026-01-12 07:02:00,GPU,High,63,2,17,user,18,0,GPU-Node-25,91,398
2026-01-12 07:04:00,GPU,Low,27,1,4,user,36,1,GPU-Node-23,24,183
2026-01-12 07:06:00,CPU,Low,45,9,5,user,23,1,CPU-Node-17,58,201
2026-01-12 07:08:00,CPU,High,17,9,4,user,44,1,CPU-Node-47,18,83
2026-01-12 07:10:00,GPU,High,23,2,2,user,22,1,GPU-Node-10,36,101
2026-01-12 07:12:00,CPU,Low,33,9,7,user,39,1,CPU-Node-15,47,232
2026-01-12 07:14:00,CPU,High,38,12,8,user,41,1,CPU-Node-28,68,260
2026-01-12 07:16:00,CPU,Medium,38,3,3,user,34,1,CPU-Node-5,40,181
2026-01-12 07:18:00,GPU,Low,37,2,1,user,19,1,GPU-Node-48,36,147
2026-01-12 07:20:00,GPU,Low,44,2,11,user,31,1,GPU-Node-11,61,292
2026-01-12 07:22:00,CPU,High,26,10,2,user,30,1,CPU-Node-2,32,138
2026-01-12 07:24:00,GPU,Medium,32,2,3,user,30,1,GPU-Node-19,41,169
2026-01-12 07:26:00,CPU,Medium,17,15,0,user,26,1,CPU-Node-25,24,88
2026-01-12 07:28:00,GPU,Medium,41,1,8,user,38,1,GPU-Node-12,65,246
2026-01-12 07:30:00,CPU,Low,34,13,9,admin,24,1,CPU-Node-29,54,251
2026-01-12 07:32:00,CPU,Medium,37,12,4,user,43,1,CPU-Node-12,40,183
2026-01-12 07:34:00,CPU,High,59,9,7,user,16,1,CPU-Node-3,69,283
2026-01-12 07:36:00,GPU,Medium,20,2,3,user,14,1,GPU-Node-13,32,111
2026-01-12 07:38:00,GPU,High,44,2,8,user,41,1,GPU-Node-24,57,283
2026-01-12 07:40:00,CPU,High,26,8,7,user,31,1,CPU-Node-26,43,202
2026-01-12 07:42:00,GPU,Low,38,1,6,user,50,1,GPU-Node-39,46,239
2026-01-12 07:44:00,CPU,High,58,4,12,user,37,1,CPU-Node-35,81,344
2026-01-12 07:46:00,CPU,Medium,28,5,8,admin,29,1,CPU-Node-13,45,244
2026-01-12 07:48:00,GPU,Low,36,1,7,admin,45,1,GPU-Node-35,52,215
2026-01-12 07:50:00,GPU,High,42,3,13,user,24,1,GPU-Node-45,74,333
2026-01-12 07:52:00,CPU,Medium,38,7,9,user,32,1,CPU-Node-26,53,244
2026-01-12 07:54:00,GPU,High,26,1,4,user,18,1,GPU-Node-24,29,142
2026-01-12 07:56:00,CPU,Low,44,8,5,user,33,1,CPU-Node-49,59,222
2026-01-12 07:58:00,GPU,Medium,49,3,12,user,19,1,GPU-Node-5,83,326
2026-01-12 08:00:00,CPU,Low,52,5,12,admin,37,1,CPU-Node-39,70,365
2026-01-12 08:02:00,CPU,Low,42,9,11,user,29,1,CPU-Node-23,59,283
2026-01-12 08:04:00,CPU,High,44,7,5,admin,22,1,CPU-Node-20,52,226
2026-01-12 08:06:00,CPU,Low,38,5,7,admin,36,1,CPU-Node-34,48,230
2026-01-12 08:08:00,CPU,Medium,27,5,6,admin,25,1,CPU-Node-33,41,230
2026-01-12 08:10:00,GPU,Medium,38,2,3,admin,16,1,GPU-Node-21,55,186
2026-01-12 08:12:00,CPU,High,35,5,9,admin,31,1,CPU-Node-42,55,221
2026-01-12 08:14:00,CPU,High,34,10,5,user,37,1,CPU-Node-2,41,186
2026-01-12 08:16:00,GPU,High,50,1,9,user,38,1,GPU-Node-40,61,292
2026-01-12 08:18:00,CPU,Medium,31,7,4,user,34,1,CPU-Node-42,49,196
2026-01-12 08:20:00,GPU,High,13,2,0,user,30,1,GPU-Node-32,6,55
2026-01-12 08:22:00,GPU,High,32,0,5,user,41,0,GPU-Node-13,51,180
2026-01-12 08:24:00,CPU,Medium,33,9,1,user,36,1,CPU-Node-19,36,107
2026-01-12 08:26:00,CPU,High,41,1,8,user,28,1,CPU-Node-15,60,237
2026-01-12 08:28:00,CPU,Medium,27,1,3,user,27,1,CPU-Node-5,33,144
2026-01-12 08:30:00,CPU,Low,40,8,10,user,16,1,CPU-Node-23,60,285
2026-01-12 08:32:00,GPU,Low,62,0,11,user,27,0,GPU-Node-36,89,357
2026-01-12 08:34:00,CPU,Low,31,5,9,user,24,1,CPU-Node-28,45,237
2026-01-12 08:36:00,CPU,Medium,39,8,12,user,34,1,CPU-Node-16,63,330
2026-01-12 08:38:00,CPU,Low,20,9,4,user,22,1,CPU-Node-18,29,125
2026-01-12 08:40:00,GPU,Low,16,2,0,admin,20,1,GPU-Node-15,6,72
2026-01-12 08:42:00,CPU,Low,43,10,8,admin,31,1,CPU-Node-33,54,271
2026-01-12 08:44:00,CPU,Medium,14,9,5,user,33,1,CPU-Node-49,22,186
2026-01-12 08:46:00,CPU,Medium,34,10,6,user,28,1,CPU-Node-21,30,226
2026-01-12 08:48:00,CPU,Medium,45,11,7,admin,19,1,CPU-Node-40,54,254
2026-01-12 08:50:00,GPU,High,40,2,10,user,32,1,GPU-Node-16,59,278
2026-01-12 08:52:00,CPU,Low,42,8,11,user,36,1,CPU-Node-16,69,286
2026-01-12 08:54:00,CPU,Low,29,7,5,user,38,1,CPU-Node-12,41,195
2026-01-12 08:56:00,GPU,High,33,1,4,user,13,1,GPU-Node-22,41,179
2026-01-12 08:58:00,GPU,Medium,52,0,10,admin,12,0,GPU-Node-45,67,304
2026-01-12 09:00:00,GPU,Low,62,2,11,user,38,1,GPU-Node-7,87,364
2026-01-12 09:02:00,CPU,Medium,89,6,18,user,23,0,CPU-Node-37,100,479
2026-01-12 09:04:00,CPU,Medium,74,9,17,user,28,0,CPU-Node-17,100,453
2026-01-12 09:06:00,CPU,High,67,1,13,user,20,1,CPU-Node-48,96,384
2026-01-12 09:08:00,CPU,Low,78,9,15,user,18,1,CPU-Node-42,100,454
2026-01-12 09:10:00,CPU,Medium,85,11,20,user,40,0,CPU-Node-35,100,520
2026-01-12 09:12:00,CPU,Low,95,15,15,user,43,1,CPU-Node-4,100,455
2026-01-12 09:14:00,CPU,High,68,11,17,user,36,0,CPU-Node-35,100,429
2026-01-12 09:16:00,CPU,Low,83,7,16,user,30,0,CPU-Node-45,100,462
2026-01-12 09:18:00,GPU,Medium,77,0,18,user,41,0,GPU-Node-24,100,474
2026-01-12 09:20:00,CPU,Medium,73,8,17,user,26,0,CPU-Node-50,100,457
2026-01-12 09:22:00,CPU,High,74,11,15,admin,38,1,CPU-Node-50,100,386
2026-01-12 09:24:00,CPU,Medium,60,6,12,admin,35,1,CPU-Node-30,89,358
2026-01-12 09:26:00,CPU,Medium,60,10,9,admin,33,1,CPU-Node-13,71,307
2026-01-12 09:28:00,CPU,Medium,72,6,17,admin,37,0,CPU-Node-7,100,466
2026-01-12 09:30:00,GPU,High,81,0,13,admin,45,0,GPU-Node-13,100,431
2026-01-12 09:32:00,CPU,Low,77,5,17,user,5,0,CPU-Node-26,100,439
2026-01-12 09:34:00,CPU,Low,84,7,22,user,16,0,CPU-Node-16,100,566
2026-01-12 09:36:00,CPU,Low,74,8,15,admin,18,1,CPU-Node-2,99,429
2026-01-12 09:38:00,CPU,Low,72,9,15,user,21,1,CPU-Node-30,100,415
2026-01-12 09:40:00,GPU,Low,89,2,16,user,40,0,GPU-Node-28,100,439
2026-01-12 09:42:00,CPU,Low,63,8,14,user,28,1,CPU-Node-16,90,367
2026-01-12 09:44:00,GPU,Low,72,2,16,user,25,0,GPU-Node-46,100,422
2026-01-12 09:46:00,GPU,High,68,0,9,user,41,0,GPU-Node-44,87,318
2026-01-12 09:48:00,GPU,Low,80,0,15,user,39,0,GPU-Node-42,100,444
2026-01-12 09:50:00,GPU,Low,78,2,17,admin,28,0,GPU-Node-26,100,486
2026-01-12 09:52:00,GPU,High,81,0,15,user,31,0,GPU-Node-11,100,458
2026-01-12 09:54:00,GPU,Medium,56,2,12,user,16,1,GPU-Node-26,84,345
2026-01-12 09:56:00,CPU,High,77,9,11,user,17,1,CPU-Node-30,97,367
2026-01-12 09:58:00,CPU,High,69,5,13,user,40,1,CPU-Node-21,93,400
2026-01-12 10:00:00,CPU,Low,74,7,14,admin,21,1,CPU-Node-26,98,424
2026-01-12 10:02:00,CPU,Medium,86,8,14,admin,30,1,CPU-Node-27,100,429
2026-01-12 10:04:00,CPU,Low,80,9,17,user,28,0,CPU-Node-27,100,452
2026-01-12 10:06:00,CPU,Medium,82,7,16,user,34,0,CPU-Node-8,100,438
2026-01-12 10:08:00,CPU,Low,73,8,13,admin,23,1,CPU-Node-42,96,365
2026-01-12 10:10:00,GPU,High,85,1,18,user,5,0,GPU-Node-40,100,511
2026-01-12 10:12:00,CPU,High,67,8,13,user,56,1,CPU-Node-49,93,384
2026-01-12 10:14:00,GPU,High,79,1,13,user,18,1,GPU-Node-20,100,403
2026-01-12 10:16:00,GPU,High,74,1,13,user,65,1,GPU-Node-50,100,397
2026-01-12 10:18:00,CPU,Medium,60,8,13,user,29,1,CPU-Node-28,86,364
2026-01-12 10:20:00,CPU,High,59,1,11,user,40,1,CPU-Node-5,87,320
2026-01-12 10:22:00,CPU,High,81,9,16,user,37,0,CPU-Node-40,100,488
2026-01-12 10:24:00,GPU,High,56,2,12,admin,25,1,GPU-Node-8,79,342
2026-01-12 10:26:00,GPU,Low,70,2,9,user,39,1,GPU-Node-37,96,308
2026-01-12 10:28:00,CPU,High,85,8,15,user,21,1,CPU-Node-33,100,392
2026-01-12 10:30:00,CPU,Medium,83,10,14,user,42,1,CPU-Node-40,100,426
2026-01-12 10:32:00,GPU,Medium,64,4,16,user,30,0,GPU-Node-46,95,424
2026-01-12 10:34:00,CPU,High,68,7,13,user,29,1,CPU-Node-49,98,347
2026-01-12 10:36:00,GPU,High,73,2,15,user,40,1,GPU-Node-16,100,422
2026-01-12 10:38:00,CPU,Medium,77,7,19,user,14,0,CPU-Node-15,100,485
2026-01-12 10:40:00,CPU,High,57,5,17,user,46,0,CPU-Node-47,100,412
2026-01-12 10:42:00,GPU,Low,86,1,17,user,43,0,GPU-Node-40,100,456
2026-01-12 10:44:00,CPU,High,93,4,23,user,34,0,CPU-Node-26,100,571
2026-01-12 10:46:00,GPU,Medium,73,1,14,user,47,1,GPU-Node-25,100,425
2026-01-12 10:48:00,GPU,Low,73,2,11,user,50,1,GPU-Node-7,91,363
2026-01-12 10:50:00,CPU,High,66,11,8,admin,36,1,CPU-Node-9,86,296
2026-01-12 10:52:00,CPU,Low,64,6,13,user,47,1,CPU-Node-27,82,380
2026-01-12 10:54:00,GPU,Low,86,2,20,admin,37,0,GPU-Node-13,100,506
2026-01-12 10:56:00,CPU,Low,69,13,16,user,25,0,CPU-Node-41,100,393
2026-01-12 10:58:00,CPU,Medium,80,4,15,user,9,1,CPU-Node-22,100,430
2026-01-12 11:00:00,CPU,High,80,3,15,user,33,1,CPU-Node-18,100,413
2026-01-12 11:02:00,CPU,High,83,8,13,user,35,1,CPU-Node-23,100,428
2026-01-12 11:04:00,CPU,High,61,6,14,user,26,1,CPU-Node-36,91,415
2026-01-12 11:06:00,GPU,Low,95,2,19,user,23,0,GPU-Node-13,100,501
2026-01-12 11:08:00,GPU,Medium,86,0,17,admin,33,0,GPU-Node-29,100,457
2026-01-12 11:10:00,CPU,Medium,72,9,15,user,34,1,CPU-Node-3,95,429
2026-01-12 11:12:00,CPU,High,66,3,17,admin,27,1,CPU-Node-37,97,449
2026-01-12 11:14:00,GPU,Low,82,0,15,user,40,0,GPU-Node-41,100,449
2026-01-12 11:16:00,GPU,Medium,67,3,18,user,17,0,GPU-Node-36,100,462
2026-01-12 11:18:00,CPU,Low,80,8,19,admin,30,0,CPU-Node-28,100,495
2026-01-12 11:20:00,CPU,Medium,81,7,14,user,20,1,CPU-Node-43,99,408
2026-01-12 11:22:00,GPU,Medium,67,2,15,admin,38,1,GPU-Node-24,95,394
2026-01-12 11:24:00,GPU,High,70,2,18,user,35,0,GPU-Node-24,100,434
2026-01-12 11:26:00,GPU,High,76,3,15,user,35,1,GPU-Node-43,100,399
2026-01-12 11:28:00,CPU,Low,75,9,16,admin,19,0,CPU-Node-4,100,450
2026-01-12 11:30:00,CPU,Low,71,9,13,admin,35,1,CPU-Node-46,89,407
2026-01-12 11:32:00,CPU,Medium,95,6,25,user,28,0,CPU-Node-15,100,632
2026-01-12 11:34:00,GPU,Low,91,1,15,admin,40,0,GPU-Node-39,100,447
2026-01-12 11:36:00,CPU,High,68,11,11,user,33,1,CPU-Node-26,94,378
2026-01-12 11:38:00,CPU,Medium,71,9,15,user,30,1,CPU-Node-33,98,438
2026-01-12 11:40:00,GPU,Medium,79,2,13,user,20,1,GPU-Node-2,100,401
2026-01-12 11:42:00,GPU,Low,62,3,11,user,28,1,GPU-Node-13,79,351
2026-01-12 11:44:00,CPU,Low,65,7,4,user,31,1,CPU-Node-5,80,259
2026-01-12 11:46:00,CPU,Medium,71,7,19,user,21,0,CPU-Node-4,100,435
2026-01-12 11:48:00,CPU,Medium,84,8,17,admin,22,0,CPU-Node-14,100,456
2026-01-12 11:50:00,CPU,Low,82,8,14,user,36,1,CPU-Node-28,100,387
2026-01-12 11:52:00,GPU,Medium,60,1,12,admin,25,1,GPU-Node-47,85,375
2026-01-12 11:54:00,CPU,Low,69,5,10,user,47,1,CPU-Node-15,90,362
2026-01-12 11:56:00,GPU,Low,69,0,17,user,33,0,GPU-Node-21,100,484
2026-01-12 11:58:00,CPU,Low,61,1,10,user,39,1,CPU-Node-34,78,324
2026-01-12 12:00:00,GPU,Low,79,2,17,admin,18,0,GPU-Node-5,100,511
2026-01-12 12:02:00,CPU,Medium,70,5,6,user,25,1,CPU-Node-47,74,260
2026-01-12 12:04:00,CPU,Low,91,7,20,user,18,0,CPU-Node-34,100,530
2026-01-12 12:06:00,CPU,High,84,7,15,user,17,1,CPU-Node-42,100,449
2026-01-12 12:08:00,CPU,High,79,4,15,user,35,1,CPU-Node-50,100,431
2026-01-12 12:10:00,CPU,Low,61,12,12,user,24,1,CPU-Node-19,89,357
2026-01-12 12:12:00,GPU,High,70,2,15,user,31,1,GPU-Node-37,100,399
2026-01-12 12:14:00,GPU,Low,87,3,14,admin,23,1,GPU-Node-3,100,457
2026-01-12 12:16:00,CPU,Medium,64,7,10,admin,33,1,CPU-Node-50,86,304
2026-01-12 12:18:00,CPU,Medium,87,4,21,admin,16,0,CPU-Node-37,100,500
2026-01-12 12:20:00,GPU,High,59,1,13,user,22,1,GPU-Node-49,81,374
2026-01-12 12:22:00,CPU,High,73,4,16,user,36,0,CPU-Node-46,93,430
2026-01-12 12:24:00,GPU,Medium,67,1,10,user,28,1,GPU-Node-10,84,365
2026-01-12 12:26:00,GPU,Medium,80,1,16,user,20,0,GPU-Node-16,100,417
2026-01-12 12:28:00,CPU,Low,55,6,18,user,46,0,CPU-Node-1,96,395
2026-01-12 12:30:00,CPU,Medium,67,10,8,user,23,1,CPU-Node-18,83,312
2026-01-12 12:32:00,CPU,Medium,80,11,9,user,27,1,CPU-Node-46,99,348
2026-01-12 12:34:00,CPU,Medium,78,7,15,user,19,1,CPU-Node-19,100,426
2026-01-12 12:36:00,GPU,Medium,62,1,13,user,24,1,GPU-Node-37,82,392
2026-01-12 12:38:00,GPU,Medium,70,3,11,user,22,1,GPU-Node-26,91,334
2026-01-12 12:40:00,CPU,Medium,70,9,7,user,17,1,CPU-Node-26,79,283
2026-01-12 12:42:00,GPU,Low,92,1,23,user,28,0,GPU-Node-30,100,581
2026-01-12 12:44:00,GPU,Low,58,0,9,user,32,0,GPU-Node-5,75,297
2026-01-12 12:46:00,CPU,High,78,14,11,admin,39,1,CPU-Node-30,96,384
2026-01-12 12:48:00,GPU,Medium,70,3,14,user,39,1,GPU-Node-7,91,374
2026-01-12 12:50:00,CPU,Low,72,7,8,admin,38,1,CPU-Node-46,86,310
2026-01-12 12:52:00,GPU,Low,75,1,15,user,16,1,GPU-Node-42,97,427
2026-01-12 12:54:00,CPU,High,88,7,17,user,19,0,CPU-Node-2,100,502
2026-01-12 12:56:00,CPU,Low,84,8,16,user,36,0,CPU-Node-35,100,456
2026-01-12 12:58:00,CPU,Medium,54,5,15,admin,43,1,CPU-Node-9,82,368
2026-01-12 13:00:00,CPU,Medium,80,8,20,user,20,0,CPU-Node-25,100,506
2026-01-12 13:02:00,CPU,Medium,93,10,18,user,14,0,CPU-Node-5,100,503
2026-01-12 13:04:00,CPU,Medium,84,5,15,user,31,1,CPU-Node-7,100,445
2026-01-12 13:06:00,GPU,Low,69,1,13,user,24,1,GPU-Node-35,92,361
2026-01-12 13:08:00,CPU,Medium,65,6,13,user,19,1,CPU-Node-27,92,371
2026-01-12 13:10:00,GPU,Low,80,3,17,user,44,0,GPU-Node-4,100,465
2026-01-12 13:12:00,CPU,Low,84,7,16,user,29,0,CPU-Node-25,100,455
2026-01-12 13:14:00,CPU,High,65,11,11,user,13,1,CPU-Node-11,83,329
2026-01-12 13:16:00,CPU,High,74,6,20,user,27,0,CPU-Node-43,100,512
2026-01-12 13:18:00,CPU,High,90,7,19,user,17,0,CPU-Node-13,100,517
2026-01-12 13:20:00,GPU,Medium,77,1,18,user,39,0,GPU-Node-6,100,455
2026-01-12 13:22:00,CPU,Medium,64,2,15,admin,29,1,CPU-Node-11,97,418
2026-01-12 13:24:00,GPU,Low,95,1,20,user,42,0,GPU-Node-36,100,535
2026-01-12 13:26:00,CPU,High,86,6,16,user,18,0,CPU-Node-8,100,442
2026-01-12 13:28:00,CPU,High,67,7,19,user,47,0,CPU-Node-23,100,476
2026-01-12 13:30:00,CPU,High,81,7,14,user,37,1,CPU-Node-38,100,429
2026-01-12 13:32:00,CPU,Medium,66,6,9,user,7,1,CPU-Node-19,80,326
2026-01-12 13:34:00,CPU,Low,66,1,11,user,37,1,CPU-Node-23,91,322
2026-01-12 13:36:00,CPU,Medium,81,11,20,user,38,0,CPU-Node-39,100,526
2026-01-12 13:38:00,GPU,High,78,1,14,admin,45,1,GPU-Node-11,100,425
2026-01-12 13:40:00,GPU,Medium,66,0,15,user,8,0,GPU-Node-22,92,411
2026-01-12 13:42:00,CPU,Medium,62,10,13,user,38,1,CPU-Node-12,79,367
2026-01-12 13:44:00,CPU,Low,75,7,14,admin,17,1,CPU-Node-44,96,434
2026-01-12 13:46:00,GPU,Medium,81,2,20,user,20,0,GPU-Node-19,100,544
2026-01-12 13:48:00,GPU,Low,63,3,8,user,34,1,GPU-Node-10,79,287
2026-01-12 13:50:00,GPU,High,53,1,8,user,30,1,GPU-Node-15,69,284
2026-01-12 13:52:00,CPU,Medium,70,7,10,user,26,1,CPU-Node-17,94,353
2026-01-12 13:54:00,CPU,Low,76,6,17,user,24,0,CPU-Node-45,100,467
2026-01-12 13:56:00,GPU,High,72,1,12,admin,31,1,GPU-Node-32,91,396
2026-01-12 13:58:00,CPU,Medium,79,9,16,user,32,0,CPU-Node-15,100,444
2026-01-12 14:00:00,CPU,Low,74,13,11,admin,17,1,CPU-Node-45,98,393
2026-01-12 14:02:00,CPU,Low,80,8,23,user,41,0,CPU-Node-23,100,556
2026-01-12 14:04:00,CPU,Medium,66,5,11,user,47,1,CPU-Node-7,86,331
2026-01-12 14:06:00,GPU,Low,81,2,22,user,23,0,GPU-Node-18,100,515
2026-01-12 14:08:00,CPU,Medium,75,9,16,user,35,0,CPU-Node-16,100,460
2026-01-12 14:10:00,CPU,High,77,6,16,admin,20,1,CPU-Node-46,100,434
2026-01-12 14:12:00,CPU,Medium,88,12,21,user,25,0,CPU-Node-37,100,533
2026-01-12 14:14:00,CPU,Medium,74,7,15,user,23,1,CPU-Node-31,100,412
2026-01-12 14:16:00,CPU,Medium,76,7,14,user,33,1,CPU-Node-2,100,401
2026-01-12 14:18:00,GPU,High,76,2,13,user,19,1,GPU-Node-48,99,408
2026-01-12 14:20:00,CPU,High,84,9,20,admin,13,1,CPU-Node-15,100,536
2026-01-12 14:22:00,CPU,Medium,63,10,15,user,34,1,CPU-Node-37,91,381
2026-01-12 14:24:00,GPU,Medium,70,2,17,user,36,0,GPU-Node-27,100,439
2026-01-12 14:26:00,GPU,High,57,2,10,user,29,1,GPU-Node-32,87,300
2026-01-12 14:28:00,GPU,Medium,82,3,19,admin,35,0,GPU-Node-36,100,489
2026-01-12 14:30:00,CPU,Low,83,6,16,user,35,0,CPU-Node-10,100,416
2026-01-12 14:32:00,CPU,Low,85,1,17,user,33,0,CPU-Node-29,100,480
2026-01-12 14:34:00,GPU,Medium,65,2,15,user,34,1,GPU-Node-34,86,405
2026-01-12 14:36:00,GPU,High,76,2,10,admin,21,1,GPU-Node-30,100,327
2026-01-12 14:38:00,CPU,Medium,75,12,11,user,36,1,CPU-Node-26,93,410
2026-01-12 14:40:00,CPU,Medium,82,13,15,admin,25,1,CPU-Node-34,100,472
2026-01-12 14:42:00,CPU,High,86,9,16,user,25,0,CPU-Node-33,100,461
2026-01-12 14:44:00,GPU,Medium,75,0,18,user,31,0,GPU-Node-6,100,474
2026-01-12 14:46:00,GPU,Medium,58,1,14,user,30,1,GPU-Node-1,84,391
2026-01-12 14:48:00,CPU,Low,65,5,13,user,30,1,CPU-Node-22,90,374
2026-01-12 14:50:00,CPU,High,73,7,15,admin,18,1,CPU-Node-34,100,399
2026-01-12 14:52:00,CPU,Low,74,8,14,user,15,1,CPU-Node-41,100,404
2026-01-12 14:54:00,CPU,Medium,76,10,18,admin,14,0,CPU-Node-43,100,476
2026-01-12 14:56:00,CPU,High,54,10,7,user,41,1,CPU-Node-27,66,205
2026-01-12 14:58:00,CPU,Low,81,7,11,user,47,1,CPU-Node-44,100,347
2026-01-12 15:00:00,GPU,Medium,60,0,14,user,41,0,GPU-Node-24,89,396
2026-01-12 15:02:00,CPU,Medium,64,7,14,user,27,1,CPU-Node-26,94,385
2026-01-12 15:04:00,CPU,High,84,6,12,user,43,1,CPU-Node-45,100,398
2026-01-12 15:06:00,CPU,Medium,76,9,18,user,42,0,CPU-Node-27,100,484
2026-01-12 15:08:00,CPU,Low,77,8,14,admin,22,1,CPU-Node-20,100,448
2026-01-12 15:10:00,CPU,Medium,76,13,19,user,17,0,CPU-Node-11,100,489
2026-01-12 15:12:00,CPU,Medium,76,3,10,user,42,1,CPU-Node-39,95,378
2026-01-12 15:14:00,GPU,Medium,81,2,17,user,17,0,GPU-Node-48,100,454
2026-01-12 15:16:00,CPU,Medium,72,13,5,user,40,1,CPU-Node-11,78,252
2026-01-12 15:18:00,GPU,Medium,70,2,15,user,25,1,GPU-Node-26,99,396
2026-01-12 15:20:00,GPU,High,74,1,16,user,36,0,GPU-Node-16,100,438
2026-01-12 15:22:00,CPU,Medium,78,5,11,user,21,1,CPU-Node-32,97,364
2026-01-12 15:24:00,GPU,Low,82,1,10,user,29,1,GPU-Node-10,100,376
2026-01-12 15:26:00,GPU,High,56,2,10,user,13,1,GPU-Node-8,71,290
2026-01-12 15:28:00,CPU,Low,81,8,14,user,42,1,CPU-Node-16,100,445
2026-01-12 15:30:00,CPU,Low,63,7,4,user,32,1,CPU-Node-45,70,242
2026-01-12 15:32:00,GPU,Medium,84,1,17,user,48,0,GPU-Node-7,100,442
2026-01-12 15:34:00,CPU,Medium,78,6,16,admin,37,0,CPU-Node-46,100,449
2026-01-12 15:36:00,CPU,Low,73,13,16,user,36,0,CPU-Node-33,100,451
2026-01-12 15:38:00,CPU,High,73,6,10,admin,39,1,CPU-Node-44,95,366
2026-01-12 15:40:00,CPU,Medium,76,12,22,user,24,0,CPU-Node-43,100,518
2026-01-12 15:42:00,CPU,Medium,70,10,14,user,25,1,CPU-Node-2,97,401
2026-01-12 15:44:00,CPU,High,78,10,19,user,37,0,CPU-Node-48,100,482
2026-01-12 15:46:00,CPU,Low,83,10,21,user,33,0,CPU-Node-2,100,566
2026-01-12 15:48:00,CPU,High,65,4,11,user,24,1,CPU-Node-34,92,340
2026-01-12 15:50:00,GPU,Medium,66,1,14,admin,5,1,GPU-Node-25,89,370
2026-01-12 15:52:00,GPU,Medium,78,1,15,user,45,1,GPU-Node-34,100,453
2026-01-12 15:54:00,CPU,High,71,16,15,user,21,1,CPU-Node-34,99,434
2026-01-12 15:56:00,CPU,Medium,80,9,17,user,9,0,CPU-Node-4,100,454
2026-01-12 15:58:00,CPU,Low,73,10,15,user,23,1,CPU-Node-24,100,446
2026-01-12 16:00:00,CPU,Low,65,10,13,user,14,1,CPU-Node-39,94,375
2026-01-12 16:02:00,CPU,Medium,61,3,9,user,40,1,CPU-Node-34,82,332
2026-01-12 16:04:00,CPU,Low,63,8,13,user,40,1,CPU-Node-10,85,373
2026-01-12 16:06:00,GPU,Medium,63,3,9,user,28,1,GPU-Node-15,84,319
2026-01-12 16:08:00,GPU,Low,98,3,14,user,41,1,GPU-Node-47,100,444
2026-01-12 16:10:00,GPU,Low,85,1,16,user,13,0,GPU-Node-6,100,479
2026-01-12 16:12:00,GPU,High,98,2,18,user,20,0,GPU-Node-37,100,479
2026-01-12 16:14:00,CPU,Medium,77,10,21,user,24,0,CPU-Node-33,100,532
2026-01-12 16:16:00,GPU,Medium,65,1,11,user,39,1,GPU-Node-48,98,370
2026-01-12 16:18:00,CPU,Medium,93,10,19,user,32,0,CPU-Node-14,100,513
2026-01-12 16:20:00,GPU,Medium,75,1,16,user,29,0,GPU-Node-19,100,482
2026-01-12 16:22:00,CPU,High,73,7,14,user,33,1,CPU-Node-23,100,404
2026-01-12 16:24:00,GPU,Medium,78,1,14,user,28,1,GPU-Node-42,100,430
2026-01-12 16:26:00,GPU,Medium,75,1,14,user,5,1,GPU-Node-36,94,369
2026-01-12 16:28:00,CPU,Medium,96,8,13,user,32,1,CPU-Node-48,100,397
2026-01-12 16:30:00,CPU,Medium,71,9,12,user,32,1,CPU-Node-43,99,357
2026-01-12 16:32:00,CPU,Low,61,6,9,user,34,1,CPU-Node-29,75,331
2026-01-12 16:34:00,GPU,High,80,1,19,user,14,0,GPU-Node-21,100,528
2026-01-12 16:36:00,CPU,Medium,60,9,13,user,26,1,CPU-Node-9,87,351
2026-01-12 16:38:00,GPU,Medium,73,1,12,user,24,1,GPU-Node-6,96,363
2026-01-12 16:40:00,CPU,High,74,1,9,admin,44,1,CPU-Node-9,88,323
2026-01-12 16:42:00,GPU,Low,73,1,8,user,36,1,GPU-Node-16,91,293
2026-01-12 16:44:00,CPU,High,84,5,20,user,21,0,CPU-Node-20,100,534
2026-01-12 16:46:00,CPU,Low,68,7,10,admin,36,1,CPU-Node-47,92,350
2026-01-12 16:48:00,CPU,Medium,79,11,15,user,10,1,CPU-Node-5,100,406
2026-01-12 16:50:00,GPU,Medium,81,4,18,user,35,0,GPU-Node-9,100,500
2026-01-12 16:52:00,GPU,Low,63,1,20,user,19,0,GPU-Node-11,100,482
2026-01-12 16:54:00,GPU,Low,63,2,14,user,9,1,GPU-Node-39,93,378
2026-01-12 16:56:00,CPU,Medium,84,12,18,user,18,0,CPU-Node-28,100,513
2026-01-12 16:58:00,GPU,Low,68,3,13,user,40,1,GPU-Node-29,87,340
2026-01-12 17:00:00,GPU,Low,72,1,10,user,30,1,GPU-Node-38,88,314
2026-01-12 17:02:00,CPU,Low,76,7,19,user,33,0,CPU-Node-43,100,498
2026-01-12 17:04:00,CPU,High,73,6,17,user,35,0,CPU-Node-15,100,460
2026-01-12 17:06:00,GPU,Medium,81,1,15,admin,28,1,GPU-Node-17,100,496
2026-01-12 17:08:00,GPU,High,79,2,14,user,20,1,GPU-Node-20,93,432
2026-01-12 17:10:00,GPU,High,89,1,11,admin,21,1,GPU-Node-19,100,366
2026-01-12 17:12:00,CPU,Low,64,6,10,user,34,1,CPU-Node-14,87,326
2026-01-12 17:14:00,GPU,Medium,79,1,14,user,17,1,GPU-Node-14,100,442
2026-01-12 17:16:00,CPU,Low,73,9,14,admin,39,1,CPU-Node-33,100,406
2026-01-12 17:18:00,CPU,Medium,82,11,17,user,23,0,CPU-Node-31,100,456
2026-01-12 17:20:00,CPU,High,67,8,14,user,32,1,CPU-Node-40,97,382
2026-01-12 17:22:00,GPU,Medium,84,1,19,user,21,0,GPU-Node-32,100,456
2026-01-12 17:24:00,CPU,Low,74,6,15,user,16,1,CPU-Node-33,100,439
2026-01-12 17:26:00,CPU,Medium,86,6,17,user,30,0,CPU-Node-50,100,473
2026-01-12 17:28:00,GPU,Low,78,0,16,user,44,0,GPU-Node-47,100,457
2026-01-12 17:30:00,CPU,Low,92,13,17,user,24,0,CPU-Node-31,100,441
2026-01-12 17:32:00,CPU,High,72,10,17,user,25,0,CPU-Node-5,100,440
2026-01-12 17:34:00,CPU,High,58,7,19,user,33,0,CPU-Node-37,99,417
2026-01-12 17:36:00,CPU,Medium,88,2,11,user,24,1,CPU-Node-2,100,393
2026-01-12 17:38:00,GPU,High,53,2,17,admin,22,1,GPU-Node-46,87,411
2026-01-12 17:40:00,CPU,High,79,7,17,user,13,0,CPU-Node-12,100,463
2026-01-12 17:42:00,GPU,Medium,87,1,12,user,16,0,GPU-Node-33,100,397
2026-01-12 17:44:00,GPU,Medium,76,2,22,admin,36,0,GPU-Node-48,100,533
2026-01-12 17:46:00,CPU,High,75,5,15,user,22,1,CPU-Node-43,100,409
2026-01-12 17:48:00,GPU,High,71,2,15,user,35,1,GPU-Node-19,100,425
2026-01-12 17:50:00,CPU,Medium,71,4,14,user,24,1,CPU-Node-17,100,429
2026-01-12 17:52:00,CPU,Medium,86,4,19,user,28,0,CPU-Node-20,100,475
2026-01-12 17:54:00,GPU,High,77,1,18,user,32,0,GPU-Node-14,100,448
2026-01-12 17:56:00,CPU,Low,64,5,14,admin,13,1,CPU-Node-30,89,365
2026-01-12 17:58:00,GPU,Medium,66,0,12,admin,29,0,GPU-Node-32,93,373
2026-01-12 18:00:00,CPU,Low,60,7,7,admin,22,1,CPU-Node-43,69,243
2026-01-12 18:02:00,GPU,Low,70,1,11,user,11,1,GPU-Node-13,93,361
2026-01-12 18:04:00,CPU,Low,71,9,13,user,35,1,CPU-Node-18,94,346
2026-01-12 18:06:00,GPU,Medium,69,1,10,user,22,1,GPU-Node-6,86,334
2026-01-12 18:08:00,GPU,High,100,3,21,user,31,0,GPU-Node-39,100,575
2026-01-12 18:10:00,GPU,Low,69,1,11,user,18,1,GPU-Node-6,92,379
2026-01-12 18:12:00,CPU,High,73,10,10,user,36,1,CPU-Node-39,100,315
2026-01-12 18:14:00,CPU,High,79,7,13,user,32,1,CPU-Node-6,100,377
2026-01-12 18:16:00,CPU,High,65,8,8,user,29,1,CPU-Node-24,83,314
2026-01-12 18:18:00,GPU,Medium,76,2,16,user,32,0,GPU-Node-39,100,451
2026-01-12 18:20:00,CPU,Low,99,7,17,admin,33,0,CPU-Node-5,100,505
2026-01-12 18:22:00,CPU,Medium,64,6,7,user,27,1,CPU-Node-9,81,285
2026-01-12 18:24:00,CPU,Medium,73,3,13,user,13,1,CPU-Node-1,87,376
2026-01-12 18:26:00,CPU,Medium,84,13,12,admin,39,1,CPU-Node-24,100,400
2026-01-12 18:28:00,CPU,Medium,69,7,11,admin,45,1,CPU-Node-10,94,383
2026-01-12 18:30:00,GPU,Medium,61,2,8,user,34,1,GPU-Node-46,77,288
2026-01-12 18:32:00,CPU,High,68,9,13,user,26,1,CPU-Node-39,99,364
2026-01-12 18:34:00,CPU,High,78,11,13,user,34,1,CPU-Node-48,100,423
2026-01-12 18:36:00,GPU,Low,67,1,15,user,26,1,GPU-Node-46,100,403
2026-01-12 18:38:00,GPU,Low,92,2,15,user,33,1,GPU-Node-45,100,440
2026-01-12 18:40:00,CPU,Low,76,12,15,user,35,1,CPU-Node-47,100,445
2026-01-12 18:42:00,CPU,Medium,73,7,17,user,32,0,CPU-Node-14,100,433
2026-01-12 18:44:00,GPU,Low,75,1,16,admin,52,0,GPU-Node-20,100,428
2026-01-12 18:46:00,CPU,Low,69,12,9,user,34,1,CPU-Node-8,88,304
2026-01-12 18:48:00,CPU,Medium,69,5,11,user,46,1,CPU-Node-14,89,367
2026-01-12 18:50:00,CPU,Medium,82,9,15,user,27,1,CPU-Node-8,100,433
2026-01-12 18:52:00,GPU,Medium,86,2,13,user,21,1,GPU-Node-41,100,407
2026-01-12 18:54:00,GPU,Low,90,1,18,user,23,0,GPU-Node-28,100,506
2026-01-12 18:56:00,CPU,Medium,74,9,13,user,27,1,CPU-Node-31,97,425
2026-01-12 18:58:00,GPU,Low,78,3,11,admin,42,1,GPU-Node-10,99,383
2026-01-12 19:00:00,CPU,Medium,33,6,7,user,31,1,CPU-Node-49,46,213
2026-01-12 19:02:00,CPU,High,38,7,10,user,19,1,CPU-Node-28,51,335
2026-01-12 19:04:00,CPU,High,30,8,6,user,44,1,CPU-Node-17,29,222
2026-01-12 19:06:00,CPU,High,31,10,4,user,30,1,CPU-Node-48,44,172
2026-01-12 19:08:00,CPU,High,38,12,4,user,21,1,CPU-Node-26,50,175
2026-01-12 19:10:00,CPU,Low,45,12,12,user,32,1,CPU-Node-2,75,353
2026-01-12 19:12:00,CPU,Medium,40,5,10,user,30,1,CPU-Node-42,59,289
2026-01-12 19:14:00,GPU,Low,34,2,5,user,20,1,GPU-Node-18,35,189
2026-01-12 19:16:00,GPU,Low,39,1,2,user,25,1,GPU-Node-8,46,91
2026-01-12 19:18:00,GPU,Low,28,2,9,user,34,1,GPU-Node-7,45,239
2026-01-12 19:20:00,CPU,Low,34,7,9,user,24,1,CPU-Node-14,58,254
2026-01-12 19:22:00,CPU,High,43,8,9,user,44,1,CPU-Node-28,72,299
2026-01-12 19:24:00,GPU,High,46,1,8,user,39,1,GPU-Node-48,60,283
2026-01-12 19:26:00,GPU,Medium,37,2,8,user,18,1,GPU-Node-35,51,243
2026-01-12 19:28:00,GPU,Medium,21,1,4,user,26,1,GPU-Node-40,23,132
2026-01-12 19:30:00,CPU,Medium,52,4,8,admin,53,1,CPU-Node-11,68,257
2026-01-12 19:32:00,CPU,Low,28,10,4,user,41,1,CPU-Node-36,34,171
2026-01-12 19:34:00,CPU,Low,29,8,3,admin,15,1,CPU-Node-40,44,104
2026-01-12 19:36:00,CPU,High,42,6,10,user,26,1,CPU-Node-12,63,273
2026-01-12 19:38:00,CPU,Low,23,9,3,user,13,1,CPU-Node-13,30,132
2026-01-12 19:40:00,GPU,High,50,2,12,user,42,1,GPU-Node-37,73,316
2026-01-12 19:42:00,CPU,Medium,26,6,0,user,30,1,CPU-Node-36,14,123
2026-01-12 19:44:00,GPU,High,48,1,13,user,18,1,GPU-Node-14,75,352
2026-01-12 19:46:00,CPU,Medium,43,10,11,user,52,1,CPU-Node-11,65,297
2026-01-12 19:48:00,CPU,High,44,7,2,user,13,1,CPU-Node-47,48,181
2026-01-12 19:50:00,GPU,Medium,23,2,3,user,20,1,GPU-Node-44,22,141
2026-01-12 19:52:00,GPU,Low,41,3,9,user,32,1,GPU-Node-12,64,258
2026-01-12 19:54:00,CPU,Medium,31,7,5,user,16,1,CPU-Node-9,47,200
2026-01-12 19:56:00,GPU,Low,31,1,7,admin,40,1,GPU-Node-30,46,223
2026-01-12 19:58:00,CPU,Medium,12,6,5,user,24,1,CPU-Node-33,26,134
2026-01-12 20:00:00,GPU,High,34,2,9,admin,24,1,GPU-Node-47,38,241
2026-01-12 20:02:00,CPU,Medium,47,1,9,user,44,1,CPU-Node-34,66,263
2026-01-12 20:04:00,GPU,High,34,0,5,user,30,0,GPU-Node-3,46,187
2026-01-12 20:06:00,CPU,Low,43,10,14,user,52,1,CPU-Node-46,77,366
2026-01-12 20:08:00,GPU,Medium,35,3,3,user,9,1,GPU-Node-49,40,155
2026-01-12 20:10:00,CPU,Low,41,6,6,user,24,1,CPU-Node-45,64,260
2026-01-12 20:12:00,CPU,Medium,34,11,6,user,31,1,CPU-Node-17,42,205
2026-01-12 20:14:00,CPU,Medium,29,11,5,user,21,1,CPU-Node-27,36,189
2026-01-12 20:16:00,GPU,Medium,34,3,10,user,26,1,GPU-Node-16,59,282
2026-01-12 20:18:00,CPU,High,20,7,2,user,18,1,CPU-Node-41,21,127
2026-01-12 20:20:00,CPU,Low,22,4,0,user,26,1,CPU-Node-1,34,99
2026-01-12 20:22:00,CPU,Low,35,7,8,user,38,1,CPU-Node-26,44,236
2026-01-12 20:24:00,CPU,Medium,52,10,6,user,30,1,CPU-Node-25,67,257
2026-01-12 20:26:00,CPU,Medium,49,3,11,user,27,1,CPU-Node-48,69,320
2026-01-12 20:28:00,GPU,High,29,2,10,user,16,1,GPU-Node-28,54,298
2026-01-12 20:30:00,GPU,High,22,1,2,user,17,1,GPU-Node-8,26,142
2026-01-12 20:32:00,CPU,Low,21,4,2,user,40,1,CPU-Node-48,31,147
2026-01-12 20:34:00,CPU,Low,47,8,12,user,34,1,CPU-Node-35,69,313
2026-01-12 20:36:00,CPU,Low,19,6,0,user,38,1,CPU-Node-14,18,90
2026-01-12 20:38:00,CPU,Low,35,10,3,user,5,1,CPU-Node-38,36,173
2026-01-12 20:40:00,GPU,High,66,1,13,user,52,1,GPU-Node-1,92,356
2026-01-12 20:42:00,CPU,Low,28,12,9,user,43,1,CPU-Node-33,39,218
2026-01-12 20:44:00,GPU,Medium,35,2,4,user,27,1,GPU-Node-19,52,166
2026-01-12 20:46:00,GPU,Medium,39,2,10,user,27,1,GPU-Node-21,49,261
2026-01-12 20:48:00,GPU,Low,31,2,6,user,44,1,GPU-Node-32,36,227
2026-01-12 20:50:00,GPU,Low,28,3,5,user,43,1,GPU-Node-24,37,158
2026-01-12 20:52:00,CPU,High,23,10,3,user,34,1,CPU-Node-50,37,145
2026-01-12 20:54:00,GPU,Low,48,2,8,user,32,1,GPU-Node-17,62,263
2026-01-12 20:56:00,CPU,Medium,35,8,9,user,24,1,CPU-Node-33,60,276
2026-01-12 20:58:00,CPU,Low,42,7,7,user,37,1,CPU-Node-27,59,249
2026-01-12 21:00:00,GPU,Medium,52,1,12,user,18,1,GPU-Node-21,76,337
2026-01-12 21:02:00,CPU,Low,39,6,8,user,27,1,CPU-Node-20,48,264
2026-01-12 21:04:00,CPU,Medium,17,7,2,admin,30,1,CPU-Node-28,23,124
2026-01-12 21:06:00,CPU,Medium,22,8,0,admin,33,1,CPU-Node-35,18,101
2026-01-12 21:08:00,GPU,Medium,37,2,4,user,43,1,GPU-Node-26,37,207
2026-01-12 21:10:00,GPU,High,29,2,5,user,34,1,GPU-Node-7,46,191
2026-01-12 21:12:00,CPU,High,39,5,11,user,31,1,CPU-Node-5,62,280
2026-01-12 21:14:00,CPU,Medium,30,9,4,user,33,1,CPU-Node-45,39,179
2026-01-12 21:16:00,CPU,Medium,29,13,6,user,7,1,CPU-Node-13,39,163
2026-01-12 21:18:00,CPU,Low,35,1,7,admin,28,1,CPU-Node-11,48,235
2026-01-12 21:20:00,GPU,High,21,1,7,user,22,1,GPU-Node-48,41,210
2026-01-12 21:22:00,CPU,High,32,6,2,user,24,1,CPU-Node-50,40,148
2026-01-12 21:24:00,GPU,High,22,2,4,user,19,1,GPU-Node-9,27,121
2026-01-12 21:26:00,GPU,Low,36,2,8,user,25,1,GPU-Node-19,56,237
2026-01-12 21:28:00,CPU,High,28,10,7,user,30,1,CPU-Node-16,41,211
2026-01-12 21:30:00,CPU,Medium,19,8,2,user,29,1,CPU-Node-2,16,139
2026-01-12 21:32:00,GPU,High,33,2,7,user,26,1,GPU-Node-48,46,226
2026-01-12 21:34:00,CPU,Low,26,7,6,user,28,1,CPU-Node-21,41,219
2026-01-12 21:36:00,CPU,Medium,41,8,4,user,23,1,CPU-Node-4,40,207
2026-01-12 21:38:00,GPU,Medium,42,0,9,user,20,0,GPU-Node-16,57,277
2026-01-12 21:40:00,GPU,Medium,36,2,6,user,31,1,GPU-Node-50,43,202
2026-01-12 21:42:00,CPU,Low,36,11,3,user,17,1,CPU-Node-32,40,165
2026-01-12 21:44:00,GPU,High,33,1,10,user,41,1,GPU-Node-39,56,251
2026-01-12 21:46:00,GPU,High,42,2,10,user,16,1,GPU-Node-49,63,290
2026-01-12 21:48:00,GPU,High,32,0,10,user,30,0,GPU-Node-46,53,222
2026-01-12 21:50:00,GPU,High,23,2,9,user,49,1,GPU-Node-16,36,204
2026-01-12 21:52:00,GPU,Medium,30,2,1,user,48,1,GPU-Node-39,28,147
2026-01-12 21:54:00,CPU,High,30,5,8,user,31,1,CPU-Node-49,45,206
2026-01-12 21:56:00,CPU,Low,52,2,10,user,28,1,CPU-Node-44,79,281
2026-01-12 21:58:00,GPU,Low,38,2,11,user,44,1,GPU-Node-21,58,283
2026-01-12 22:00:00,CPU,High,42,3,10,user,40,1,CPU-Node-8,60,289
2026-01-12 22:02:00,CPU,Medium,17,9,9,user,34,1,CPU-Node-41,38,201
2026-01-12 22:04:00,CPU,Low,31,12,3,user,26,1,CPU-Node-25,38,191
2026-01-12 22:06:00,GPU,Low,31,1,3,user,39,1,GPU-Node-35,36,172
2026-01-12 22:08:00,GPU,High,64,2,10,user,25,1,GPU-Node-24,85,339
2026-01-12 22:10:00,GPU,High,36,2,6,user,24,1,GPU-Node-20,40,222
2026-01-12 22:12:00,GPU,Low,46,3,9,user,30,1,GPU-Node-13,68,269
2026-01-12 22:14:00,CPU,Low,13,7,0,user,33,1,CPU-Node-3,12,50
2026-01-12 22:16:00,CPU,Low,47,9,4,admin,26,1,CPU-Node-14,52,204
2026-01-12 22:18:00,CPU,High,24,11,7,user,34,1,CPU-Node-15,36,199
2026-01-12 22:20:00,CPU,High,42,6,8,user,26,1,CPU-Node-30,66,245
2026-01-12 22:22:00,CPU,High,26,10,5,user,25,1,CPU-Node-28,43,199
2026-01-12 22:24:00,GPU,Low,42,1,12,admin,5,1,GPU-Node-25,62,307
2026-01-12 22:26:00,GPU,High,30,0,9,admin,22,0,GPU-Node-46,49,242
2026-01-12 22:28:00,GPU,Medium,35,1,5,user,45,1,GPU-Node-26,38,209
2026-01-12 22:30:00,CPU,Medium,26,14,9,user,36,1,CPU-Node-43,31,232
2026-01-12 22:32:00,CPU,High,11,9,3,user,30,1,CPU-Node-48,13,94
2026-01-12 22:34:00,GPU,Low,50,3,11,user,17,1,GPU-Node-15,70,305
2026-01-12 22:36:00,GPU,High,56,2,11,user,26,1,GPU-Node-31,71,291
2026-01-12 22:38:00,CPU,Medium,24,8,9,user,36,1,CPU-Node-37,45,260
2026-01-12 22:40:00,GPU,Low,10,3,4,user,28,1,GPU-Node-5,18,106
2026-01-12 22:42:00,CPU,Low,26,4,3,user,39,1,CPU-Node-17,33,179
2026-01-12 22:44:00,CPU,Low,46,13,10,user,30,1,CPU-Node-1,66,286
2026-01-12 22:46:00,GPU,High,40,2,8,user,37,1,GPU-Node-29,58,282
2026-01-12 22:48:00,CPU,High,12,8,0,admin,42,1,CPU-Node-50,9,91
2026-01-12 22:50:00,CPU,Low,36,8,6,user,24,1,CPU-Node-1,48,195
2026-01-12 22:52:00,GPU,Low,37,1,8,user,43,1,GPU-Node-46,55,266
2026-01-12 22:54:00,GPU,Low,50,3,12,user,23,1,GPU-Node-23,82,313
2026-01-12 22:56:00,GPU,High,49,1,10,user,31,1,GPU-Node-26,67,291
2026-01-12 22:58:00,CPU,High,39,10,9,user,27,1,CPU-Node-2,52,302
2026-01-12 23:00:00,CPU,Low,32,5,6,admin,27,1,CPU-Node-48,40,197
2026-01-12 23:02:00,CPU,Low,42,6,2,user,37,1,CPU-Node-34,47,165
2026-01-12 23:04:00,GPU,High,48,2,10,user,22,1,GPU-Node-47,66,299
2026-01-12 23:06:00,GPU,Medium,36,1,10,user,41,1,GPU-Node-38,56,264
2026-01-12 23:08:00,CPU,Low,34,11,6,user,18,1,CPU-Node-23,48,165
2026-01-12 23:10:00,GPU,Low,58,2,9,user,17,1,GPU-Node-39,67,310
2026-01-12 23:12:00,GPU,Medium,36,2,7,admin,27,1,GPU-Node-25,54,222
2026-01-12 23:14:00,GPU,High,28,2,6,user,29,1,GPU-Node-34,39,207
2026-01-12 23:16:00,CPU,Medium,36,7,10,user,26,1,CPU-Node-23,62,297
2026-01-12 23:18:00,GPU,Medium,33,1,1,user,24,1,GPU-Node-8,46,142
2026-01-12 23:20:00,GPU,Low,42,0,4,user,31,0,GPU-Node-37,53,200
2026-01-12 23:22:00,CPU,High,56,9,15,admin,41,1,CPU-Node-4,76,386
2026-01-12 23:24:00,CPU,High,35,7,8,user,40,1,CPU-Node-49,53,257
2026-01-12 23:26:00,GPU,High,17,3,4,user,37,1,GPU-Node-22,22,186
2026-01-12 23:28:00,CPU,Low,26,8,3,user,32,1,CPU-Node-1,34,135
2026-01-12 23:30:00,GPU,High,36,2,6,user,32,1,GPU-Node-47,45,228
2026-01-12 23:32:00,GPU,Medium,31,2,7,admin,27,1,GPU-Node-13,42,168
2026-01-12 23:34:00,CPU,Medium,41,6,10,user,37,1,CPU-Node-21,53,277
2026-01-12 23:36:00,GPU,High,44,0,7,user,28,0,GPU-Node-8,57,237
2026-01-12 23:38:00,CPU,Medium,34,4,10,user,33,1,CPU-Node-31,50,230
2026-01-12 23:40:00,CPU,Medium,36,14,6,user,34,1,CPU-Node-43,53,225
2026-01-12 23:42:00,GPU,Low,47,3,10,user,39,1,GPU-Node-15,67,323
2026-01-12 23:44:00,CPU,High,33,10,5,user,29,1,CPU-Node-45,45,152
2026-01-12 23:46:00,CPU,High,28,6,2,admin,18,1,CPU-Node-32,33,121
2026-01-12 23:48:00,CPU,Medium,26,13,5,admin,28,1,CPU-Node-14,33,145
2026-01-12 23:50:00,CPU,High,52,4,12,user,22,1,CPU-Node-12,76,328
2026-01-12 23:52:00,CPU,High,31,1,5,user,31,1,CPU-Node-31,36,172
2026-01-12 23:54:00,GPU,Medium,33,3,5,user,27,1,GPU-Node-39,36,222
2026-01-12 23:56:00,CPU,Medium,37,2,8,user,39,1,CPU-Node-12,47,224
2026-01-12 23:58:00,GPU,Low,24,0,3,user,35,0,GPU-Node-15,33,99
2026-01-13 00:00:00,CPU,Low,35,4,7,user,37,1,CPU-Node-39,44,226
2026-01-13 00:02:00,GPU,Low,27,1,10,user,37,1,GPU-Node-2,46,234
2026-01-13 00:04:00,CPU,Low,24,5,2,user,44,1,CPU-Node-36,33,123
2026-01-13 00:06:00,GPU,Medium,29,2,3,admin,37,1,GPU-Node-27,37,194
2026-01-13 00:08:00,GPU,High,39,4,7,user,21,1,GPU-Node-15,55,202
2026-01-13 00:10:00,CPU,High,40,11,9,user,38,1,CPU-Node-45,62,288
2026-01-13 00:12:00,CPU,Medium,47,10,5,user,36,1,CPU-Node-29,51,190
2026-01-13 00:14:00,CPU,High,29,12,5,user,32,1,CPU-Node-32,36,210
2026-01-13 00:16:00,CPU,Medium,32,4,9,user,32,1,CPU-Node-7,54,258
2026-01-13 00:18:00,CPU,Low,56,8,8,user,30,1,CPU-Node-18,70,284
2026-01-13 00:20:00,CPU,Medium,46,7,15,user,24,1,CPU-Node-40,76,331
2026-01-13 00:22:00,CPU,Medium,21,6,7,user,32,1,CPU-Node-14,37,199
2026-01-13 00:24:00,CPU,Medium,40,9,9,admin,40,1,CPU-Node-30,61,240
2026-01-13 00:26:00,CPU,Medium,17,10,6,admin,35,1,CPU-Node-11,25,122
2026-01-13 00:28:00,CPU,Medium,45,5,7,user,25,1,CPU-Node-2,52,211
2026-01-13 00:30:00,CPU,Medium,45,6,9,user,22,1,CPU-Node-23,64,269
2026-01-13 00:32:00,GPU,High,25,2,6,user,19,1,GPU-Node-23,34,170
2026-01-13 00:34:00,CPU,Low,34,8,7,user,40,1,CPU-Node-10,36,180
2026-01-13 00:36:00,CPU,High,35,6,4,user,40,1,CPU-Node-26,45,182
2026-01-13 00:38:00,CPU,High,25,8,0,user,22,1,CPU-Node-38,26,101
2026-01-13 00:40:00,CPU,Medium,49,12,9,admin,24,1,CPU-Node-35,66,243
2026-01-13 00:42:00,CPU,Medium,49,5,7,user,38,1,CPU-Node-16,63,242
2026-01-13 00:44:00,GPU,Medium,46,1,5,user,15,1,GPU-Node-12,60,226
2026-01-13 00:46:00,CPU,Medium,34,3,7,user,24,1,CPU-Node-27,43,210
2026-01-13 00:48:00,CPU,Medium,33,2,7,user,26,1,CPU-Node-21,48,218
2026-01-13 00:50:00,CPU,High,35,10,3,user,23,1,CPU-Node-40,33,176
2026-01-13 00:52:00,CPU,High,12,7,0,user,23,1,CPU-Node-9,5,67
2026-01-13 00:54:00,GPU,Low,39,2,10,user,40,1,GPU-Node-9,62,268
2026-01-13 00:56:00,CPU,Low,30,9,1,user,40,1,CPU-Node-4,32,148
2026-01-13 00:58:00,CPU,Low,57,9,14,user,25,1,CPU-Node-28,83,344
2026-01-13 01:00:00,CPU,High,24,4,1,user,18,1,CPU-Node-16,27,102
2026-01-13 01:02:00,CPU,Medium,41,7,8,admin,39,1,CPU-Node-32,55,258
2026-01-13 01:04:00,CPU,Low,31,6,13,user,40,1,CPU-Node-45,61,294
2026-01-13 01:06:00,GPU,High,47,1,10,user,38,1,GPU-Node-48,69,270
2026-01-13 01:08:00,CPU,Low,44,3,5,user,50,1,CPU-Node-45,54,198
2026-01-13 01:10:00,GPU,High,28,1,13,admin,46,1,GPU-Node-17,48,290
2026-01-13 01:12:00,CPU,High,49,3,9,user,20,1,CPU-Node-18,59,305
2026-01-13 01:14:00,CPU,High,35,3,6,user,27,1,CPU-Node-30,42,179
2026-01-13 01:16:00,CPU,Low,29,10,5,user,39,1,CPU-Node-11,32,198
2026-01-13 01:18:00,CPU,Low,41,9,8,user,41,1,CPU-Node-17,58,277
2026-01-13 01:20:00,CPU,Medium,38,8,7,user,27,1,CPU-Node-12,51,238
2026-01-13 01:22:00,CPU,Low,38,5,16,user,23,0,CPU-Node-26,72,361
2026-01-13 01:24:00,GPU,Low,35,3,9,user,21,1,GPU-Node-49,49,268
2026-01-13 01:26:00,GPU,High,40,2,4,user,43,1,GPU-Node-7,52,173
2026-01-13 01:28:00,CPU,Medium,39,8,6,user,31,1,CPU-Node-28,48,237
2026-01-13 01:30:00,GPU,Medium,31,3,8,user,35,1,GPU-Node-1,46,213
2026-01-13 01:32:00,CPU,Low,36,10,8,admin,9,1,CPU-Node-41,53,264
2026-01-13 01:34:00,CPU,Medium,40,4,8,admin,35,1,CPU-Node-10,59,242
2026-01-13 01:36:00,CPU,Low,44,11,13,user,34,1,CPU-Node-18,65,330
2026-01-13 01:38:00,CPU,Low,35,10,13,user,45,1,CPU-Node-17,68,289
2026-01-13 01:40:00,CPU,Medium,29,12,7,user,34,1,CPU-Node-50,45,196
2026-01-13 01:42:00,GPU,High,30,1,10,user,30,1,GPU-Node-11,46,254
2026-01-13 01:44:00,CPU,Low,38,6,6,user,47,1,CPU-Node-26,52,190
2026-01-13 01:46:00,CPU,High,33,10,5,user,38,1,CPU-Node-25,39,147
2026-01-13 01:48:00,GPU,Medium,50,2,8,admin,32,1,GPU-Node-35,67,237
2026-01-13 01:50:00,GPU,Low,33,1,4,admin,21,1,GPU-Node-40,46,166
2026-01-13 01:52:00,CPU,Medium,35,10,6,user,32,1,CPU-Node-10,37,203
2026-01-13 01:54:00,CPU,Medium,17,6,3,user,23,1,CPU-Node-9,22,136
2026-01-13 01:56:00,CPU,Medium,31,3,6,user,31,1,CPU-Node-15,37,205
2026-01-13 01:58:00,CPU,Low,28,2,9,user,20,1,CPU-Node-35,50,219
2026-01-13 02:00:00,GPU,High,17,0,2,user,25,0,GPU-Node-27,27,124
2026-01-13 02:02:00,CPU,Low,33,5,5,user,31,1,CPU-Node-24,42,177
2026-01-13 02:04:00,GPU,Medium,44,3,3,admin,23,1,GPU-Node-12,45,155
2026-01-13 02:06:00,GPU,Medium,28,0,2,user,45,0,GPU-Node-31,31,145
2026-01-13 02:08:00,CPU,Medium,41,10,9,user,28,1,CPU-Node-12,55,263
2026-01-13 02:10:00,CPU,Medium,38,6,11,admin,27,1,CPU-Node-43,51,243
2026-01-13 02:12:00,CPU,High,20,5,2,user,33,1,CPU-Node-20,28,98
2026-01-13 02:14:00,CPU,Medium,50,6,10,user,43,1,CPU-Node-12,73,322
2026-01-13 02:16:00,CPU,Medium,28,5,2,admin,29,1,CPU-Node-50,22,139
2026-01-13 02:18:00,CPU,Low,23,8,6,user,39,1,CPU-Node-30,37,179
2026-01-13 02:20:00,GPU,Medium,38,0,10,user,31,0,GPU-Node-49,58,271
2026-01-13 02:22:00,CPU,Low,28,11,2,user,27,1,CPU-Node-49,31,135
2026-01-13 02:24:00,GPU,High,50,2,9,user,36,1,GPU-Node-32,63,256
2026-01-13 02:26:00,CPU,Low,31,6,10,user,18,1,CPU-Node-28,52,240
2026-01-13 02:28:00,CPU,Low,28,6,6,user,32,1,CPU-Node-2,46,207
2026-01-13 02:30:00,CPU,Low,39,7,10,user,32,1,CPU-Node-7,59,284
2026-01-13 02:32:00,CPU,High,49,9,10,user,30,1,CPU-Node-44,61,296
2026-01-13 02:34:00,CPU,Low,32,6,0,user,18,1,CPU-Node-12,34,123
2026-01-13 02:36:00,GPU,Medium,23,1,5,user,24,1,GPU-Node-28,41,185
2026-01-13 02:38:00,GPU,High,33,1,5,user,26,1,GPU-Node-30,43,179
2026-01-13 02:40:00,GPU,Low,44,2,6,user,17,1,GPU-Node-2,61,228
2026-01-13 02:42:00,CPU,Medium,10,4,0,admin,29,1,CPU-Node-40,7,76
2026-01-13 02:44:00,CPU,Medium,37,5,9,user,37,1,CPU-Node-43,57,254
2026-01-13 02:46:00,GPU,High,22,1,2,admin,12,1,GPU-Node-29,23,140
2026-01-13 02:48:00,CPU,Low,35,7,7,admin,34,1,CPU-Node-21,56,257
2026-01-13 02:50:00,GPU,Medium,53,1,4,user,26,1,GPU-Node-4,63,227
2026-01-13 02:52:00,CPU,Medium,41,2,12,user,44,1,CPU-Node-37,68,319
2026-01-13 02:54:00,CPU,Low,45,4,10,user,26,1,CPU-Node-20,63,317
2026-01-13 02:56:00,CPU,Low,28,6,3,user,30,1,CPU-Node-9,27,157
2026-01-13 02:58:00,GPU,Medium,32,4,11,user,21,1,GPU-Node-46,68,263
2026-01-13 03:00:00,CPU,High,32,7,4,user,28,1,CPU-Node-6,38,153
2026-01-13 03:02:00,GPU,High,19,0,0,user,22,0,GPU-Node-17,26,95
2026-01-13 03:04:00,GPU,High,25,3,3,user,23,1,GPU-Node-50,25,143
2026-01-13 03:06:00,CPU,Low,35,5,8,user,26,1,CPU-Node-15,46,228
2026-01-13 03:08:00,CPU,Medium,27,2,6,admin,38,1,CPU-Node-21,37,177
2026-01-13 03:10:00,GPU,Low,32,1,8,user,34,1,GPU-Node-15,37,246
2026-01-13 03:12:00,GPU,High,52,0,15,admin,40,0,GPU-Node-17,80,385
2026-01-13 03:14:00,CPU,Low,59,4,14,user,20,1,CPU-Node-44,85,349
2026-01-13 03:16:00,GPU,Low,44,2,9,user,38,1,GPU-Node-21,58,272
2026-01-13 03:18:00,CPU,Low,10,9,6,user,37,1,CPU-Node-33,12,143
2026-01-13 03:20:00,CPU,Low,38,10,6,user,41,1,CPU-Node-22,49,216
2026-01-13 03:22:00,GPU,High,36,1,9,user,26,1,GPU-Node-44,60,250
2026-01-13 03:24:00,CPU,High,18,8,3,user,23,1,CPU-Node-17,29,142
2026-01-13 03:26:00,CPU,Medium,26,4,5,user,39,1,CPU-Node-47,44,190
2026-01-13 03:28:00,GPU,Low,29,1,6,user,21,1,GPU-Node-12,43,193
2026-01-13 03:30:00,CPU,High,19,9,5,user,42,1,CPU-Node-30,33,153
2026-01-13 03:32:00,CPU,Medium,20,12,5,user,23,1,CPU-Node-9,27,176
2026-01-13 03:34:00,CPU,High,53,7,12,user,29,1,CPU-Node-30,70,370
2026-01-13 03:36:00,GPU,High,15,0,2,user,58,0,GPU-Node-7,16,130
2026-01-13 03:38:00,CPU,Medium,27,7,3,user,31,1,CPU-Node-25,29,164
2026-01-13 03:40:00,GPU,Medium,17,0,3,user,32,0,GPU-Node-15,19,110
2026-01-13 03:42:00,CPU,Medium,31,12,5,user,42,1,CPU-Node-25,47,171
2026-01-13 03:44:00,GPU,Medium,23,1,2,user,37,1,GPU-Node-23,28,109
2026-01-13 03:46:00,CPU,Low,48,9,11,admin,25,1,CPU-Node-31,68,300
2026-01-13 03:48:00,CPU,High,35,9,9,user,26,1,CPU-Node-47,51,304
2026-01-13 03:50:00,CPU,Medium,52,6,9,user,25,1,CPU-Node-25,65,305
2026-01-13 03:52:00,GPU,Low,26,0,7,user,43,0,GPU-Node-31,45,251
2026-01-13 03:54:00,CPU,Low,38,9,10,user,21,1,CPU-Node-5,49,270
2026-01-13 03:56:00,CPU,High,41,13,4,user,44,1,CPU-Node-20,46,214
2026-01-13 03:58:00,CPU,Medium,58,8,14,user,33,1,CPU-Node-1,89,347
2026-01-13 04:00:00,CPU,High,51,9,9,user,29,1,CPU-Node-22,56,282
2026-01-13 04:02:00,GPU,Low,32,1,10,user,39,1,GPU-Node-50,54,266
2026-01-13 04:04:00,CPU,Low,19,10,4,admin,34,1,CPU-Node-37,27,134
2026-01-13 04:06:00,CPU,High,14,7,5,user,28,1,CPU-Node-13,20,103
2026-01-13 04:08:00,CPU,Medium,55,8,4,user,28,1,CPU-Node-7,65,215
2026-01-13 04:10:00,CPU,High,29,2,11,user,35,1,CPU-Node-6,41,259
2026-01-13 04:12:00,CPU,Medium,37,9,3,user,22,1,CPU-Node-36,42,191
2026-01-13 04:14:00,CPU,Low,58,12,13,user,39,1,CPU-Node-25,91,356
2026-01-13 04:16:00,GPU,High,42,1,11,user,33,1,GPU-Node-10,68,311
2026-01-13 04:18:00,CPU,High,19,1,8,user,42,1,CPU-Node-25,28,222
2026-01-13 04:20:00,CPU,Medium,52,5,13,user,35,1,CPU-Node-18,73,330
2026-01-13 04:22:00,CPU,Medium,43,9,15,user,15,1,CPU-Node-16,70,345
2026-01-13 04:24:00,CPU,Low,33,9,11,admin,35,1,CPU-Node-49,61,276
2026-01-13 04:26:00,CPU,High,53,9,14,user,27,1,CPU-Node-40,79,349
2026-01-13 04:28:00,CPU,Medium,30,8,3,user,41,1,CPU-Node-17,31,183
2026-01-13 04:30:00,CPU,High,37,13,8,user,16,1,CPU-Node-40,44,236
2026-01-13 04:32:00,CPU,Medium,13,12,2,user,14,1,CPU-Node-6,15,102
2026-01-13 04:34:00,GPU,Medium,42,0,12,user,26,0,GPU-Node-4,69,303
2026-01-13 04:36:00,GPU,Medium,36,2,8,user,39,1,GPU-Node-39,47,248
2026-01-13 04:38:00,GPU,Low,28,1,7,user,46,1,GPU-Node-29,46,234
2026-01-13 04:40:00,GPU,High,27,1,6,user,23,1,GPU-Node-3,36,167
2026-01-13 04:42:00,GPU,Medium,40,2,9,admin,23,1,GPU-Node-28,52,296
2026-01-13 04:44:00,CPU,Medium,61,9,13,user,33,1,CPU-Node-43,98,342
2026-01-13 04:46:00,GPU,High,30,1,9,user,19,1,GPU-Node-28,49,229
2026-01-13 04:48:00,GPU,Medium,43,1,6,user,25,1,GPU-Node-44,51,251
2026-01-13 04:50:00,GPU,Medium,26,1,3,user,32,1,GPU-Node-8,29,114
2026-01-13 04:52:00,CPU,Medium,51,5,10,user,29,1,CPU-Node-33,65,299
2026-01-13 04:54:00,CPU,Medium,18,13,5,user,36,1,CPU-Node-39,28,170
2026-01-13 04:56:00,CPU,Low,35,10,11,user,34,1,CPU-Node-40,62,281
2026-01-13 04:58:00,GPU,Medium,40,0,9,user,41,0,GPU-Node-44,62,222
2026-01-13 05:00:00,CPU,High,33,9,0,user,17,1,CPU-Node-4,33,99
2026-01-13 05:02:00,GPU,High,49,0,13,admin,27,0,GPU-Node-34,83,321
2026-01-13 05:04:00,GPU,Low,38,2,0,user,37,1,GPU-Node-28,36,114
2026-01-13 05:06:00,GPU,Medium,33,2,5,user,25,1,GPU-Node-21,42,193
2026-01-13 05:08:00,CPU,Low,56,6,13,user,24,1,CPU-Node-9,82,362
2026-01-13 05:10:00,CPU,Medium,22,4,2,user,38,1,CPU-Node-5,29,156
2026-01-13 05:12:00,CPU,High,34,9,6,admin,35,1,CPU-Node-47,42,214
2026-01-13 05:14:00,CPU,Medium,18,6,6,user,29,1,CPU-Node-50,29,167
2026-01-13 05:16:00,GPU,Medium,15,4,0,user,23,1,GPU-Node-29,16,88
2026-01-13 05:18:00,GPU,High,37,0,6,admin,29,0,GPU-Node-46,52,216
2026-01-13 05:20:00,GPU,Low,29,0,7,user,46,0,GPU-Node-43,33,219
2026-01-13 05:22:00,GPU,High,27,2,5,admin,40,1,GPU-Node-49,37,162
2026-01-13 05:24:00,GPU,High,17,1,5,user,26,1,GPU-Node-49,29,164
2026-01-13 05:26:00,CPU,Low,33,7,5,user,31,1,CPU-Node-48,41,194
2026-01-13 05:28:00,CPU,Medium,43,4,7,user,17,1,CPU-Node-8,56,265
2026-01-13 05:30:00,CPU,Medium,37,9,5,user,29,1,CPU-Node-7,52,194
2026-01-13 05:32:00,CPU,Medium,15,11,0,admin,18,1,CPU-Node-18,12,117
2026-01-13 05:34:00,CPU,High,37,11,5,user,26,1,CPU-Node-28,43,156
2026-01-13 05:36:00,GPU,Low,30,2,5,user,11,1,GPU-Node-45,49,179
2026-01-13 05:38:00,GPU,High,43,3,4,user,22,1,GPU-Node-13,51,140
2026-01-13 05:40:00,GPU,Medium,33,0,0,user,26,0,GPU-Node-14,31,92
2026-01-13 05:42:00,CPU,Medium,31,3,5,user,20,1,CPU-Node-31,33,171
2026-01-13 05:44:00,GPU,Low,30,0,5,user,37,0,GPU-Node-18,37,149
2026-01-13 05:46:00,GPU,High,32,1,7,user,21,1,GPU-Node-45,50,208
2026-01-13 05:48:00,CPU,Medium,48,2,9,user,24,1,CPU-Node-22,65,313
2026-01-13 05:50:00,GPU,Medium,28,1,5,user,26,1,GPU-Node-2,32,175
2026-01-13 05:52:00,GPU,Medium,35,1,2,user,26,1,GPU-Node-32,38,169
2026-01-13 05:54:00,GPU,Medium,28,2,4,user,31,1,GPU-Node-42,38,184
2026-01-13 05:56:00,CPU,Low,34,10,7,admin,28,1,CPU-Node-17,39,217
2026-01-13 05:58:00,CPU,Medium,33,8,5,user,40,1,CPU-Node-22,51,205
2026-01-13 06:00:00,CPU,High,37,9,11,admin,29,1,CPU-Node-10,64,315
2026-01-13 06:02:00,GPU,Medium,28,3,9,user,37,1,GPU-Node-42,47,234
2026-01-13 06:04:00,GPU,Low,45,2,5,user,41,1,GPU-Node-27,56,217
2026-01-13 06:06:00,GPU,Medium,30,2,0,user,13,1,GPU-Node-1,34,151
2026-01-13 06:08:00,CPU,High,38,14,10,user,42,1,CPU-Node-49,55,332
2026-01-13 06:10:00,CPU,Medium,31,8,4,user,28,1,CPU-Node-23,41,176
2026-01-13 06:12:00,GPU,Low,41,1,8,user,32,1,GPU-Node-37,46,243
2026-01-13 06:14:00,GPU,Low,40,1,14,user,25,1,GPU-Node-10,71,350
2026-01-13 06:16:00,CPU,Medium,40,5,4,admin,20,1,CPU-Node-8,59,185
2026-01-13 06:18:00,CPU,Low,38,5,2,user,28,1,CPU-Node-16,39,146
2026-01-13 06:20:00,GPU,Low,23,1,4,user,10,1,GPU-Node-37,38,156
2026-01-13 06:22:00,CPU,Medium,30,7,2,admin,28,1,CPU-Node-12,38,185
2026-01-13 06:24:00,CPU,Medium,27,5,9,user,33,1,CPU-Node-4,41,242
2026-01-13 06:26:00,CPU,Low,46,7,7,user,19,1,CPU-Node-27,66,265
2026-01-13 06:28:00,GPU,Medium,31,1,7,user,28,1,GPU-Node-25,41,196
2026-01-13 06:30:00,GPU,Low,44,1,8,user,31,1,GPU-Node-32,60,246
2026-01-13 06:32:00,CPU,Low,38,9,8,user,48,1,CPU-Node-29,50,217
2026-01-13 06:34:00,CPU,High,31,7,11,admin,47,1,CPU-Node-44,55,246
2026-01-13 06:36:00,GPU,High,53,1,10,user,30,1,GPU-Node-2,72,287
2026-01-13 06:38:00,CPU,High,30,4,4,user,23,1,CPU-Node-17,41,146
2026-01-13 06:40:00,CPU,Medium,41,8,4,user,35,1,CPU-Node-41,49,182
2026-01-13 06:42:00,CPU,Medium,36,7,10,admin,35,1,CPU-Node-42,56,280
2026-01-13 06:44:00,CPU,Medium,31,9,10,admin,24,1,CPU-Node-37,52,226
2026-01-13 06:46:00,CPU,Medium,30,8,6,user,39,1,CPU-Node-1,43,192
2026-01-13 06:48:00,CPU,High,45,8,6,user,40,1,CPU-Node-28,50,219
2026-01-13 06:50:00,GPU,High,62,2,7,user,22,1,GPU-Node-48,73,268
2026-01-13 06:52:00,GPU,High,43,2,9,user,22,1,GPU-Node-5,58,289
2026-01-13 06:54:00,CPU,Medium,42,9,5,user,30,1,CPU-Node-48,49,194
2026-01-13 06:56:00,GPU,High,40,3,7,user,35,1,GPU-Node-44,59,217
2026-01-13 06:58:00,CPU,Medium,42,13,10,user,31,1,CPU-Node-50,65,257
2026-01-13 07:00:00,CPU,Medium,35,4,10,user,38,1,CPU-Node-31,54,245
2026-01-13 07:02:00,CPU,Low,65,5,15,user,36,1,CPU-Node-14,96,382
2026-01-13 07:04:00,CPU,Medium,29,8,8,user,35,1,CPU-Node-33,45,236
2026-01-13 07:06:00,GPU,Medium,40,2,10,admin,44,1,GPU-Node-12,66,274
2026-01-13 07:08:00,CPU,High,34,13,8,user,20,1,CPU-Node-2,50,247
2026-01-13 07:10:00,CPU,Medium,27,9,3,user,52,1,CPU-Node-48,35,126
2026-01-13 07:12:00,GPU,Low,25,0,7,user,28,0,GPU-Node-14,32,237
2026-01-13 07:14:00,GPU,High,36,1,1,user,53,1,GPU-Node-6,41,112
2026-01-13 07:16:00,GPU,High,34,4,6,user,52,1,GPU-Node-34,44,186
2026-01-13 07:18:00,GPU,Medium,35,0,9,user,23,0,GPU-Node-29,40,233
2026-01-13 07:20:00,CPU,High,29,6,3,user,36,1,CPU-Node-12,33,135
2026-01-13 07:22:00,GPU,High,33,1,9,user,40,1,GPU-Node-22,52,254
2026-01-13 07:24:00,CPU,Low,54,11,9,user,23,1,CPU-Node-1,67,285
2026-01-13 07:26:00,CPU,Medium,30,9,6,user,16,1,CPU-Node-44,40,204
2026-01-13 07:28:00,CPU,Low,37,8,9,user,31,1,CPU-Node-6,58,274
2026-01-13 07:30:00,GPU,Low,45,2,12,user,33,1,GPU-Node-26,60,312
2026-01-13 07:32:00,CPU,Medium,27,12,6,user,21,1,CPU-Node-43,42,213
2026-01-13 07:34:00,GPU,Low,18,1,5,user,27,1,GPU-Node-40,27,142
2026-01-13 07:36:00,CPU,High,31,6,6,user,25,1,CPU-Node-49,46,171
2026-01-13 07:38:00,GPU,High,37,1,9,user,34,1,GPU-Node-6,59,286
2026-01-13 07:40:00,GPU,High,39,1,12,admin,25,1,GPU-Node-41,54,312
2026-01-13 07:42:00,CPU,Medium,28,6,5,user,25,1,CPU-Node-46,33,167
2026-01-13 07:44:00,CPU,Low,23,9,3,user,27,1,CPU-Node-1,27,144
2026-01-13 07:46:00,CPU,Low,24,8,3,user,34,1,CPU-Node-9,26,140
2026-01-13 07:48:00,GPU,Medium,42,1,10,user,39,1,GPU-Node-5,61,286
2026-01-13 07:50:00,CPU,Medium,51,8,7,user,28,1,CPU-Node-22,59,285
2026-01-13 07:52:00,CPU,Medium,45,10,5,user,24,1,CPU-Node-26,54,216
2026-01-13 07:54:00,CPU,Medium,29,6,10,user,34,1,CPU-Node-12,50,273
2026-01-13 07:56:00,CPU,Low,35,8,6,user,36,1,CPU-Node-48,51,218
2026-01-13 07:58:00,CPU,High,31,4,5,user,33,1,CPU-Node-37,38,187
2026-01-13 08:00:00,CPU,Medium,26,8,8,user,35,1,CPU-Node-28,37,244
2026-01-13 08:02:00,CPU,Medium,37,5,8,user,30,1,CPU-Node-46,51,239
2026-01-13 08:04:00,CPU,Medium,26,10,1,user,38,1,CPU-Node-29,31,50
2026-01-13 08:06:00,GPU,Medium,36,0,10,user,34,0,GPU-Node-17,59,266
2026-01-13 08:08:00,CPU,Medium,37,7,6,user,10,1,CPU-Node-44,51,254
2026-01-13 08:10:00,CPU,Medium,51,1,5,user,46,1,CPU-Node-44,59,222
2026-01-13 08:12:00,GPU,Medium,30,1,2,user,44,1,GPU-Node-23,33,155
2026-01-13 08:14:00,CPU,Low,34,12,3,user,12,1,CPU-Node-45,38,164
2026-01-13 08:16:00,CPU,Medium,34,6,6,user,19,1,CPU-Node-16,47,202
2026-01-13 08:18:00,GPU,Low,27,4,3,user,34,1,GPU-Node-42,20,142
2026-01-13 08:20:00,CPU,High,35,10,6,user,44,1,CPU-Node-15,42,233
2026-01-13 08:22:00,GPU,High,44,3,12,user,35,1,GPU-Node-45,72,341
2026-01-13 08:24:00,GPU,Medium,40,1,12,user,30,1,GPU-Node-4,61,328
2026-01-13 08:26:00,GPU,Low,37,2,4,admin,24,1,GPU-Node-33,33,176
2026-01-13 08:28:00,CPU,Low,39,10,8,user,38,1,CPU-Node-13,61,221
2026-01-13 08:30:00,CPU,Medium,43,8,12,user,38,1,CPU-Node-18,69,348
2026-01-13 08:32:00,CPU,Medium,21,9,3,admin,44,1,CPU-Node-38,20,115
2026-01-13 08:34:00,CPU,Low,44,12,12,admin,40,1,CPU-Node-43,62,302
2026-01-13 08:36:00,GPU,Medium,39,1,9,admin,44,1,GPU-Node-6,47,285
2026-01-13 08:38:00,CPU,Medium,35,7,2,user,39,1,CPU-Node-41,37,188
2026-01-13 08:40:00,CPU,Medium,30,8,1,user,45,1,CPU-Node-20,28,118
2026-01-13 08:42:00,GPU,Medium,39,0,10,user,33,0,GPU-Node-29,55,250
2026-01-13 08:44:00,GPU,Low,34,3,3,user,29,1,GPU-Node-21,37,175
2026-01-13 08:46:00,GPU,Low,48,1,10,user,31,1,GPU-Node-1,67,309
2026-01-13 08:48:00,GPU,Medium,29,1,7,user,33,1,GPU-Node-18,34,220
2026-01-13 08:50:00,GPU,High,53,2,10,user,41,1,GPU-Node-3,75,323
2026-01-13 08:52:00,GPU,Low,47,1,8,user,15,1,GPU-Node-13,65,281
2026-01-13 08:54:00,GPU,Medium,52,2,12,user,36,1,GPU-Node-38,69,288
2026-01-13 08:56:00,GPU,High,44,0,4,user,45,0,GPU-Node-24,59,222
2026-01-13 08:58:00,GPU,Medium,51,2,9,user,27,1,GPU-Node-43,66,264
2026-01-13 09:00:00,CPU,High,85,12,22,user,33,0,CPU-Node-33,100,545
2026-01-13 09:02:00,CPU,Low,76,9,15,user,22,1,CPU-Node-27,97,388
2026-01-13 09:04:00,CPU,Low,67,7,16,user,38,0,CPU-Node-22,95,438
2026-01-13 09:06:00,GPU,Low,81,1,20,admin,31,0,GPU-Node-4,100,534
2026-01-13 09:08:00,CPU,Medium,87,12,21,admin,29,0,CPU-Node-14,100,550
2026-01-13 09:10:00,GPU,Low,75,1,14,admin,20,1,GPU-Node-7,99,422
2026-01-13 09:12:00,CPU,Low,77,4,10,user,24,1,CPU-Node-45,93,362
2026-01-13 09:14:00,GPU,Medium,69,2,15,admin,27,1,GPU-Node-5,100,401
2026-01-13 09:16:00,GPU,Low,83,2,18,user,21,0,GPU-Node-39,100,500
2026-01-13 09:18:00,GPU,Low,77,2,12,user,25,1,GPU-Node-44,97,399
2026-01-13 09:20:00,CPU,High,74,5,12,user,32,1,CPU-Node-33,100,394
2026-01-13 09:22:00,CPU,High,68,7,12,user,30,1,CPU-Node-49,95,408
2026-01-13 09:24:00,GPU,Low,82,0,19,user,23,0,GPU-Node-27,100,480
2026-01-13 09:26:00,GPU,High,61,1,7,user,36,1,GPU-Node-6,70,284
2026-01-13 09:28:00,GPU,Medium,75,2,18,user,21,0,GPU-Node-10,100,433
2026-01-13 09:30:00,GPU,Low,79,1,16,user,28,0,GPU-Node-42,100,441
2026-01-13 09:32:00,GPU,Medium,84,2,16,user,32,0,GPU-Node-11,100,479
2026-01-13 09:34:00,GPU,Medium,55,2,7,admin,43,1,GPU-Node-49,61,279
2026-01-13 09:36:00,CPU,Medium,55,7,12,user,45,1,CPU-Node-8,72,323
2026-01-13 09:38:00,GPU,Low,72,2,14,user,27,1,GPU-Node-14,100,405
2026-01-13 09:40:00,GPU,High,75,2,15,user,22,1,GPU-Node-34,100,403
2026-01-13 09:42:00,CPU,Low,71,12,12,user,39,1,CPU-Node-12,89,383
2026-01-13 09:44:00,CPU,Medium,53,7,9,admin,26,1,CPU-Node-41,73,315
2026-01-13 09:46:00,GPU,Low,66,2,11,admin,16,1,GPU-Node-14,83,338
2026-01-13 09:48:00,CPU,Low,85,6,24,admin,23,0,CPU-Node-39,100,633
2026-01-13 09:50:00,CPU,Low,65,12,14,user,12,1,CPU-Node-1,90,386
2026-01-13 09:52:00,GPU,High,84,2,20,admin,45,1,GPU-Node-33,100,565
2026-01-13 09:54:00,GPU,Medium,81,3,13,user,32,1,GPU-Node-20,100,442
2026-01-13 09:56:00,CPU,Medium,57,10,12,user,5,1,CPU-Node-27,79,323
2026-01-13 09:58:00,CPU,Medium,81,4,18,user,30,0,CPU-Node-22,100,493
2026-01-13 10:00:00,GPU,Low,73,3,11,user,26,1,GPU-Node-6,99,359
2026-01-13 10:02:00,GPU,High,46,3,4,user,12,1,GPU-Node-7,45,191
2026-01-13 10:04:00,GPU,Medium,84,4,16,user,29,0,GPU-Node-17,100,467
2026-01-13 10:06:00,CPU,High,67,10,17,user,45,0,CPU-Node-50,100,397
2026-01-13 10:08:00,GPU,Medium,63,1,9,user,27,1,GPU-Node-13,76,313
2026-01-13 10:10:00,GPU,High,90,3,24,user,27,0,GPU-Node-20,100,591
2026-01-13 10:12:00,GPU,High,87,3,17,admin,32,1,GPU-Node-2,100,496
2026-01-13 10:14:00,CPU,High,80,5,11,user,41,1,CPU-Node-44,99,381
2026-01-13 10:16:00,CPU,Low,82,10,11,user,41,1,CPU-Node-19,100,409
2026-01-13 10:18:00,CPU,Medium,61,9,14,user,24,1,CPU-Node-17,96,353
2026-01-13 10:20:00,CPU,Medium,81,1,19,user,21,0,CPU-Node-1,100,492
2026-01-13 10:22:00,CPU,Low,79,12,14,user,33,1,CPU-Node-28,100,393
2026-01-13 10:24:00,CPU,Low,79,4,20,user,42,0,CPU-Node-15,100,511
2026-01-13 10:26:00,CPU,Medium,63,8,14,user,32,1,CPU-Node-28,89,387
2026-01-13 10:28:00,CPU,High,88,7,22,user,23,0,CPU-Node-28,100,551
2026-01-13 10:30:00,GPU,High,71,1,20,user,51,0,GPU-Node-13,100,484
2026-01-13 10:32:00,GPU,Low,75,2,12,user,16,1,GPU-Node-34,97,383
2026-01-13 10:34:00,CPU,High,74,7,11,user,31,1,CPU-Node-36,86,325
2026-01-13 10:36:00,CPU,Medium,75,8,17,user,19,0,CPU-Node-11,100,474
2026-01-13 10:38:00,CPU,Medium,78,9,19,admin,45,0,CPU-Node-6,100,481
2026-01-13 10:40:00,GPU,Medium,70,0,18,user,42,0,GPU-Node-15,100,452
2026-01-13 10:42:00,GPU,Medium,66,2,15,user,27,1,GPU-Node-14,95,401
2026-01-13 10:44:00,CPU,Low,60,7,14,user,47,1,CPU-Node-8,79,376
2026-01-13 10:46:00,CPU,Medium,69,7,16,user,14,0,CPU-Node-16,99,452
2026-01-13 10:48:00,CPU,Medium,79,6,17,user,41,0,CPU-Node-28,100,420
2026-01-13 10:50:00,CPU,Medium,69,8,12,user,22,1,CPU-Node-31,94,403
2026-01-13 10:52:00,CPU,Low,74,11,15,user,38,1,CPU-Node-24,100,406
2026-01-13 10:54:00,GPU,High,66,0,7,user,24,0,GPU-Node-24,72,286
2026-01-13 10:56:00,CPU,Low,78,4,15,user,34,1,CPU-Node-25,100,413
2026-01-13 10:58:00,CPU,Low,76,4,19,user,28,0,CPU-Node-4,100,479
2026-01-13 11:00:00,CPU,High,88,9,14,user,55,1,CPU-Node-38,100,452
2026-01-13 11:02:00,CPU,Low,78,8,21,user,40,0,CPU-Node-17,100,546
2026-01-13 11:04:00,GPU,High,92,2,20,user,35,0,GPU-Node-1,100,516
2026-01-13 11:06:00,GPU,Low,63,0,12,admin,36,0,GPU-Node-2,84,338
2026-01-13 11:08:00,CPU,High,62,8,14,user,40,1,CPU-Node-10,85,410
2026-01-13 11:10:00,CPU,Medium,60,8,6,user,7,1,CPU-Node-44,58,242
2026-01-13 11:12:00,CPU,High,76,7,16,user,19,0,CPU-Node-4,100,437
2026-01-13 11:14:00,CPU,Medium,79,11,14,user,28,1,CPU-Node-44,100,435
2026-01-13 11:16:00,CPU,Medium,71,2,11,user,25,1,CPU-Node-9,98,366
2026-01-13 11:18:00,CPU,Medium,78,2,15,admin,32,1,CPU-Node-3,100,441
2026-01-13 11:20:00,GPU,Low,56,2,13,user,23,1,GPU-Node-47,95,339
2026-01-13 11:22:00,CPU,Low,88,12,16,user,28,0,CPU-Node-6,100,458
2026-01-13 11:24:00,CPU,Medium,75,4,14,user,36,1,CPU-Node-41,99,403
2026-01-13 11:26:00,CPU,Low,70,6,16,admin,7,0,CPU-Node-46,100,411
2026-01-13 11:28:00,CPU,Medium,95,5,18,user,55,0,CPU-Node-50,100,509
2026-01-13 11:30:00,GPU,Medium,65,1,8,user,26,1,GPU-Node-17,80,252
2026-01-13 11:32:00,GPU,Low,74,1,12,user,23,1,GPU-Node-12,96,384
2026-01-13 11:34:00,CPU,Medium,87,7,15,user,33,1,CPU-Node-14,100,485
2026-01-13 11:36:00,CPU,Medium,73,7,13,user,40,1,CPU-Node-28,100,380
2026-01-13 11:38:00,CPU,Medium,58,3,15,user,15,1,CPU-Node-30,95,421
2026-01-13 11:40:00,GPU,Medium,69,2,8,admin,24,1,GPU-Node-20,92,318
2026-01-13 11:42:00,CPU,Medium,59,8,14,user,47,1,CPU-Node-45,81,395
2026-01-13 11:44:00,GPU,Low,78,1,17,user,21,0,GPU-Node-28,100,494
2026-01-13 11:46:00,CPU,Medium,61,8,8,user,19,1,CPU-Node-43,78,306
2026-01-13 11:48:00,CPU,Low,58,9,6,user,32,1,CPU-Node-36,64,242
2026-01-13 11:50:00,GPU,Low,83,2,12,user,23,1,GPU-Node-31,100,398
2026-01-13 11:52:00,GPU,Low,71,1,13,user,40,1,GPU-Node-6,99,406
2026-01-13 11:54:00,CPU,Low,84,6,15,user,33,1,CPU-Node-24,100,453
2026-01-13 11:56:00,CPU,Low,75,11,17,user,13,0,CPU-Node-17,100,452
2026-01-13 11:58:00,GPU,Low,68,2,16,user,43,0,GPU-Node-31,100,446
2026-01-13 12:00:00,CPU,Low,79,5,16,user,27,0,CPU-Node-22,100,472
2026-01-13 12:02:00,CPU,Low,63,9,9,admin,37,1,CPU-Node-42,88,306
2026-01-13 12:04:00,CPU,High,77,14,16,user,12,0,CPU-Node-40,100,441
2026-01-13 12:06:00,CPU,Medium,79,6,15,user,42,1,CPU-Node-34,100,412
2026-01-13 12:08:00,GPU,Medium,66,2,11,user,25,1,GPU-Node-18,93,336
2026-01-13 12:10:00,CPU,Medium,63,10,8,user,27,1,CPU-Node-12,72,284
2026-01-13 12:12:00,GPU,High,86,3,16,user,44,0,GPU-Node-33,100,446
2026-01-13 12:14:00,GPU,High,82,3,18,user,30,0,GPU-Node-25,100,486
2026-01-13 12:16:00,CPU,Medium,78,6,13,admin,7,1,CPU-Node-30,100,385
2026-01-13 12:18:00,CPU,High,94,8,15,user,39,1,CPU-Node-41,100,485
2026-01-13 12:20:00,CPU,Low,73,8,15,user,39,1,CPU-Node-23,100,457
2026-01-13 12:22:00,CPU,Medium,68,8,12,user,18,1,CPU-Node-10,98,365
2026-01-13 12:24:00,GPU,Low,89,2,15,user,17,1,GPU-Node-32,100,470
2026-01-13 12:26:00,CPU,Low,63,10,15,user,33,1,CPU-Node-34,95,406
2026-01-13 12:28:00,CPU,High,82,2,14,user,22,1,CPU-Node-1,100,416
2026-01-13 12:30:00,GPU,Low,78,3,12,user,19,1,GPU-Node-7,100,369
2026-01-13 12:32:00,CPU,Medium,56,6,7,user,35,1,CPU-Node-2,67,288
2026-01-13 12:34:00,CPU,Low,86,5,19,user,33,0,CPU-Node-23,100,439
2026-01-13 12:36:00,CPU,Medium,71,4,21,user,28,0,CPU-Node-18,100,527
2026-01-13 12:38:00,GPU,High,85,1,22,admin,38,1,GPU-Node-1,100,558
2026-01-13 12:40:00,GPU,Medium,85,0,20,user,21,0,GPU-Node-11,100,517
2026-01-13 12:42:00,CPU,Medium,100,8,23,user,24,0,CPU-Node-4,100,627
2026-01-13 12:44:00,CPU,Low,66,8,9,user,33,1,CPU-Node-16,81,292
2026-01-13 12:46:00,CPU,Medium,87,13,17,user,33,0,CPU-Node-28,100,475
2026-01-13 12:48:00,GPU,Medium,73,2,19,user,33,0,GPU-Node-16,100,468
2026-01-13 12:50:00,GPU,Low,52,1,18,user,28,0,GPU-Node-13,96,442
2026-01-13 12:52:00,CPU,High,62,2,17,admin,17,1,CPU-Node-17,96,443
2026-01-13 12:54:00,GPU,Low,79,0,13,user,36,0,GPU-Node-42,100,375
2026-01-13 12:56:00,GPU,Low,42,3,12,user,44,1,GPU-Node-14,61,302
2026-01-13 12:58:00,GPU,Low,81,2,14,admin,39,1,GPU-Node-16,100,461
2026-01-13 13:00:00,CPU,Low,72,9,10,admin,11,1,CPU-Node-2,83,359
2026-01-13 13:02:00,CPU,Medium,76,10,13,user,33,1,CPU-Node-31,100,388
2026-01-13 13:04:00,GPU,High,73,1,17,admin,30,1,GPU-Node-9,100,431
2026-01-13 13:06:00,CPU,Low,76,5,11,user,24,1,CPU-Node-15,98,340
2026-01-13 13:08:00,CPU,Medium,62,7,14,user,35,1,CPU-Node-31,90,405
2026-01-13 13:10:00,CPU,Medium,71,7,13,admin,34,1,CPU-Node-21,95,374
2026-01-13 13:12:00,CPU,Medium,71,8,11,user,49,1,CPU-Node-9,84,324
2026-01-13 13:14:00,CPU,Medium,68,3,16,admin,34,0,CPU-Node-15,100,394
2026-01-13 13:16:00,CPU,High,73,10,11,user,5,1,CPU-Node-45,92,341
2026-01-13 13:18:00,GPU,High,79,1,14,user,36,1,GPU-Node-43,100,430
2026-01-13 13:20:00,GPU,Low,66,2,15,admin,35,1,GPU-Node-13,100,407
2026-01-13 13:22:00,CPU,Low,72,9,14,user,21,1,CPU-Node-19,98,400
2026-01-13 13:24:00,GPU,Medium,61,2,14,user,42,1,GPU-Node-49,90,386
2026-01-13 13:26:00,GPU,Low,68,3,15,user,22,1,GPU-Node-2,100,415
2026-01-13 13:28:00,GPU,High,57,2,9,user,29,1,GPU-Node-30,68,281
2026-01-13 13:30:00,GPU,Medium,64,3,9,admin,25,1,GPU-Node-10,83,306
2026-01-13 13:32:00,GPU,Low,83,1,16,user,26,0,GPU-Node-35,100,458
2026-01-13 13:34:00,GPU,Low,56,0,12,user,45,0,GPU-Node-43,80,350
2026-01-13 13:36:00,GPU,Low,79,1,17,user,28,0,GPU-Node-49,100,486
2026-01-13 13:38:00,GPU,Medium,78,2,16,user,36,0,GPU-Node-2,100,462
2026-01-13 13:40:00,CPU,High,88,5,16,user,48,0,CPU-Node-34,100,475
2026-01-13 13:42:00,GPU,High,56,3,14,admin,36,1,GPU-Node-21,84,394
2026-01-13 13:44:00,CPU,Medium,85,9,19,user,38,0,CPU-Node-5,100,486
2026-01-13 13:46:00,CPU,Low,83,3,17,admin,35,0,CPU-Node-49,100,511
2026-01-13 13:48:00,CPU,Low,62,8,10,user,27,1,CPU-Node-7,89,335
2026-01-13 13:50:00,GPU,High,70,2,13,admin,5,1,GPU-Node-5,90,365
2026-01-13 13:52:00,GPU,Medium,57,1,5,user,43,1,GPU-Node-46,72,232
2026-01-13 13:54:00,CPU,Low,78,9,15,user,23,1,CPU-Node-15,99,442
2026-01-13 13:56:00,CPU,Medium,67,3,12,admin,22,1,CPU-Node-37,92,357
2026-01-13 13:58:00,CPU,High,69,7,15,admin,16,1,CPU-Node-14,96,386
2026-01-13 14:00:00,GPU,High,71,2,11,user,30,1,GPU-Node-38,97,345
2026-01-13 14:02:00,CPU,Medium,72,9,14,admin,31,1,CPU-Node-38,99,443
2026-01-13 14:04:00,GPU,Low,76,1,12,user,20,1,GPU-Node-9,100,425
2026-01-13 14:06:00,GPU,Low,67,2,8,admin,28,1,GPU-Node-46,77,333
2026-01-13 14:08:00,GPU,Medium,91,0,14,user,39,0,GPU-Node-9,100,413
2026-01-13 14:10:00,CPU,Low,77,8,15,user,17,1,CPU-Node-7,99,419
2026-01-13 14:12:00,CPU,Medium,87,7,23,user,27,0,CPU-Node-17,100,579
2026-01-13 14:14:00,CPU,Medium,65,6,12,user,30,1,CPU-Node-39,79,339
2026-01-13 14:16:00,CPU,Low,100,10,18,user,8,0,CPU-Node-42,100,521
2026-01-13 14:18:00,CPU,Medium,81,9,14,user,56,1,CPU-Node-11,100,409
2026-01-13 14:20:00,GPU,High,71,3,14,admin,36,1,GPU-Node-41,100,428
2026-01-13 14:22:00,GPU,Low,80,1,15,user,26,1,GPU-Node-17,100,412
2026-01-13 14:24:00,CPU,Medium,78,1,21,user,22,0,CPU-Node-45,100,508
2026-01-13 14:26:00,GPU,Medium,100,2,22,user,34,0,GPU-Node-37,100,599
2026-01-13 14:28:00,GPU,Low,68,2,15,user,24,1,GPU-Node-13,99,432
2026-01-13 14:30:00,CPU,High,74,6,10,user,25,1,CPU-Node-34,95,363
2026-01-13 14:32:00,GPU,Medium,72,1,13,user,45,1,GPU-Node-46,93,415
2026-01-13 14:34:00,GPU,Medium,74,3,12,user,43,1,GPU-Node-37,97,362
2026-01-13 14:36:00,GPU,High,68,3,16,user,31,0,GPU-Node-47,99,408
2026-01-13 14:38:00,GPU,Low,59,2,13,user,19,1,GPU-Node-47,89,369
2026-01-13 14:40:00,GPU,Medium,71,2,14,user,42,1,GPU-Node-1,100,399
2026-01-13 14:42:00,CPU,Medium,65,10,11,user,40,1,CPU-Node-49,91,345
2026-01-13 14:44:00,GPU,High,72,3,15,user,18,1,GPU-Node-13,100,424
2026-01-13 14:46:00,CPU,Medium,84,12,18,user,10,0,CPU-Node-48,100,441
2026-01-13 14:48:00,CPU,Medium,74,11,15,user,34,1,CPU-Node-34,100,429
2026-01-13 14:50:00,CPU,Low,78,7,15,user,34,1,CPU-Node-13,100,465
2026-01-13 14:52:00,CPU,Low,65,10,15,user,41,1,CPU-Node-44,99,373
2026-01-13 14:54:00,GPU,High,73,3,15,user,42,1,GPU-Node-22,100,425
2026-01-13 14:56:00,GPU,Medium,64,2,11,user,34,1,GPU-Node-29,92,315
2026-01-13 14:58:00,CPU,High,59,9,10,user,27,1,CPU-Node-19,73,298
2026-01-13 15:00:00,GPU,Medium,77,1,12,user,35,1,GPU-Node-9,93,357
2026-01-13 15:02:00,CPU,Medium,59,10,12,user,17,1,CPU-Node-30,80,315
2026-01-13 15:04:00,CPU,Low,67,6,18,user,49,0,CPU-Node-28,100,471
2026-01-13 15:06:00,GPU,High,82,1,19,user,38,0,GPU-Node-40,100,498
2026-01-13 15:08:00,GPU,Medium,73,0,15,user,39,0,GPU-Node-28,100,430
2026-01-13 15:10:00,CPU,Medium,76,10,9,user,26,1,CPU-Node-39,96,319
2026-01-13 15:12:00,GPU,Medium,82,1,16,admin,31,0,GPU-Node-17,100,448
2026-01-13 15:14:00,GPU,High,77,1,12,admin,37,1,GPU-Node-44,100,380
2026-01-13 15:16:00,GPU,High,76,2,12,admin,29,1,GPU-Node-5,97,413
2026-01-13 15:18:00,GPU,Medium,80,2,12,user,62,1,GPU-Node-28,100,392
2026-01-13 15:20:00,GPU,Low,67,3,10,user,31,1,GPU-Node-20,85,298
2026-01-13 15:22:00,CPU,High,78,4,18,user,29,0,CPU-Node-8,100,470
2026-01-13 15:24:00,GPU,Low,62,2,8,user,42,1,GPU-Node-32,76,296
2026-01-13 15:26:00,GPU,Low,88,0,17,user,42,0,GPU-Node-21,100,499
2026-01-13 15:28:00,CPU,High,81,10,18,user,33,0,CPU-Node-28,100,482
2026-01-13 15:30:00,GPU,Medium,75,2,6,user,56,1,GPU-Node-19,78,272
2026-01-13 15:32:00,CPU,High,73,3,8,user,41,1,CPU-Node-15,86,313
2026-01-13 15:34:00,CPU,High,75,7,13,user,35,1,CPU-Node-24,100,377
2026-01-13 15:36:00,CPU,Medium,71,7,15,user,21,1,CPU-Node-45,100,427
2026-01-13 15:38:00,GPU,High,93,0,18,user,26,0,GPU-Node-14,100,525
2026-01-13 15:40:00,CPU,Medium,91,1,18,user,36,0,CPU-Node-29,100,495
2026-01-13 15:42:00,GPU,Medium,79,0,18,user,19,0,GPU-Node-19,100,491
2026-01-13 15:44:00,GPU,Medium,66,0,10,user,26,0,GPU-Node-38,83,344
2026-01-13 15:46:00,CPU,Low,72,10,15,user,33,1,CPU-Node-23,100,431
2026-01-13 15:48:00,GPU,Low,70,0,17,user,20,0,GPU-Node-2,98,458
2026-01-13 15:50:00,GPU,High,70,1,14,user,37,1,GPU-Node-47,100,388
2026-01-13 15:52:00,GPU,High,78,2,15,user,36,1,GPU-Node-46,100,432
2026-01-13 15:54:00,GPU,Medium,81,3,14,user,32,1,GPU-Node-8,98,423
2026-01-13 15:56:00,GPU,Medium,84,2,17,user,44,0,GPU-Node-17,100,478
2026-01-13 15:58:00,CPU,Medium,70,8,11,user,27,1,CPU-Node-15,92,363
2026-01-13 16:00:00,GPU,Low,88,0,16,user,5,0,GPU-Node-24,100,473
2026-01-13 16:02:00,CPU,High,79,9,19,user,27,0,CPU-Node-28,100,521
2026-01-13 16:04:00,GPU,Medium,70,1,12,user,19,1,GPU-Node-33,96,351
2026-01-13 16:06:00,GPU,Low,89,1,20,user,22,0,GPU-Node-16,100,549
2026-01-13 16:08:00,CPU,High,71,8,18,admin,33,1,CPU-Node-43,100,439
2026-01-13 16:10:00,GPU,Low,80,2,16,admin,18,0,GPU-Node-3,100,438
2026-01-13 16:12:00,CPU,High,77,6,20,user,49,0,CPU-Node-25,100,455
2026-01-13 16:14:00,GPU,Low,73,0,18,user,17,0,GPU-Node-10,100,456
2026-01-13 16:16:00,CPU,Medium,67,5,11,user,31,1,CPU-Node-17,94,357
2026-01-13 16:18:00,CPU,Low,72,5,15,user,32,1,CPU-Node-14,100,427
2026-01-13 16:20:00,GPU,Low,76,3,12,user,32,1,GPU-Node-44,100,408
2026-01-13 16:22:00,GPU,Medium,66,1,11,user,47,1,GPU-Node-34,93,290
2026-01-13 16:24:00,GPU,Medium,78,2,12,admin,23,1,GPU-Node-46,99,367
2026-01-13 16:26:00,CPU,Low,68,8,14,user,41,1,CPU-Node-37,100,387
2026-01-13 16:28:00,CPU,Low,75,10,7,user,38,1,CPU-Node-31,88,311
2026-01-13 16:30:00,CPU,High,67,10,14,admin,47,1,CPU-Node-42,93,389
2026-01-13 16:32:00,GPU,Medium,86,2,13,user,25,1,GPU-Node-6,100,397
2026-01-13 16:34:00,GPU,High,52,0,11,user,11,0,GPU-Node-25,73,324
2026-01-13 16:36:00,CPU,Medium,94,1,23,user,28,0,CPU-Node-44,100,592
2026-01-13 16:38:00,CPU,High,88,6,14,user,21,1,CPU-Node-34,100,472
2026-01-13 16:40:00,GPU,Low,59,3,5,user,45,1,GPU-Node-11,70,243
2026-01-13 16:42:00,GPU,High,88,1,19,admin,38,1,GPU-Node-24,100,492
2026-01-13 16:44:00,CPU,Medium,69,4,15,user,43,1,CPU-Node-1,100,398
2026-01-13 16:46:00,GPU,Medium,77,1,22,user,50,0,GPU-Node-17,100,527
2026-01-13 16:48:00,CPU,Medium,82,6,21,user,29,0,CPU-Node-14,100,505
2026-01-13 16:50:00,GPU,High,71,2,16,user,33,0,GPU-Node-49,100,410
2026-01-13 16:52:00,CPU,High,71,11,11,user,25,1,CPU-Node-11,83,385
2026-01-13 16:54:00,GPU,Medium,79,2,14,user,24,1,GPU-Node-39,100,436
2026-01-13 16:56:00,GPU,High,78,2,15,admin,35,1,GPU-Node-32,100,424
2026-01-13 16:58:00,GPU,High,88,1,19,user,20,0,GPU-Node-2,100,492
2026-01-13 17:00:00,GPU,Low,73,3,13,user,42,1,GPU-Node-10,90,381
2026-01-13 17:02:00,CPU,Low,85,7,18,user,32,0,CPU-Node-9,100,464
2026-01-13 17:04:00,CPU,Medium,54,9,16,user,23,0,CPU-Node-37,87,413
2026-01-13 17:06:00,CPU,Medium,74,6,16,user,37,0,CPU-Node-40,100,434
2026-01-13 17:08:00,CPU,Low,72,7,16,admin,16,0,CPU-Node-20,100,476
2026-01-13 17:10:00,CPU,Medium,76,10,14,user,27,1,CPU-Node-49,100,415
2026-01-13 17:12:00,GPU,High,71,2,17,user,25,0,GPU-Node-4,95,447
2026-01-13 17:14:00,CPU,High,78,9,12,user,13,1,CPU-Node-29,100,383
2026-01-13 17:16:00,GPU,High,64,2,6,admin,38,1,GPU-Node-29,82,254
2026-01-13 17:18:00,CPU,Low,70,5,14,user,33,1,CPU-Node-45,92,371
2026-01-13 17:20:00,CPU,Medium,91,10,21,user,34,0,CPU-Node-12,100,499
2026-01-13 17:22:00,CPU,High,79,6,9,user,16,1,CPU-Node-3,98,338
2026-01-13 17:24:00,GPU,Medium,83,2,17,user,36,0,GPU-Node-4,100,478
2026-01-13 17:26:00,CPU,Medium,75,10,13,admin,34,1,CPU-Node-18,100,389
2026-01-13 17:28:00,CPU,Low,69,11,10,user,44,1,CPU-Node-50,93,301
2026-01-13 17:30:00,GPU,Low,77,1,22,user,24,0,GPU-Node-46,100,545
2026-01-13 17:32:00,CPU,Low,78,8,12,user,31,1,CPU-Node-21,100,392
2026-01-13 17:34:00,CPU,Medium,91,6,15,admin,19,1,CPU-Node-44,100,467
2026-01-13 17:36:00,GPU,Low,63,1,10,user,40,1,GPU-Node-17,83,301
2026-01-13 17:38:00,GPU,High,80,2,19,admin,23,1,GPU-Node-20,100,488
2026-01-13 17:40:00,CPU,High,88,5,19,user,27,0,CPU-Node-32,100,480
2026-01-13 17:42:00,CPU,High,81,9,17,user,29,0,CPU-Node-20,100,479
2026-01-13 17:44:00,CPU,Medium,87,5,17,user,31,0,CPU-Node-12,100,451
2026-01-13 17:46:00,CPU,Low,79,4,15,user,47,1,CPU-Node-21,100,386
2026-01-13 17:48:00,CPU,High,80,5,16,user,43,0,CPU-Node-48,100,444
2026-01-13 17:50:00,GPU,Low,75,3,13,user,15,1,GPU-Node-3,100,401
2026-01-13 17:52:00,GPU,Medium,68,2,11,user,51,1,GPU-Node-49,87,333
2026-01-13 17:54:00,GPU,Low,76,2,20,admin,44,0,GPU-Node-24,100,494
2026-01-13 17:56:00,GPU,Medium,76,1,17,user,29,0,GPU-Node-5,100,446
2026-01-13 17:58:00,CPU,High,62,2,14,user,21,1,CPU-Node-8,83,414
2026-01-13 18:00:00,CPU,Medium,69,8,15,user,5,1,CPU-Node-25,100,400
2026-01-13 18:02:00,CPU,Medium,74,6,13,user,9,1,CPU-Node-44,100,387
2026-01-13 18:04:00,CPU,High,89,5,19,user,26,0,CPU-Node-17,100,483
2026-01-13 18:06:00,GPU,High,57,1,12,user,33,1,GPU-Node-49,87,356
2026-01-13 18:08:00,CPU,Medium,94,11,15,admin,26,1,CPU-Node-33,100,439
2026-01-13 18:10:00,CPU,Medium,82,1,18,user,37,0,CPU-Node-7,100,462
2026-01-13 18:12:00,CPU,High,77,3,18,user,31,0,CPU-Node-47,100,459
2026-01-13 18:14:00,GPU,Low,88,2,14,user,37,1,GPU-Node-41,100,477
2026-01-13 18:16:00,GPU,Low,99,3,22,user,34,0,GPU-Node-50,100,616
2026-01-13 18:18:00,GPU,Low,91,1,16,user,31,0,GPU-Node-36,100,459
2026-01-13 18:20:00,GPU,Medium,73,1,9,admin,41,1,GPU-Node-33,95,366
2026-01-13 18:22:00,GPU,High,60,2,8,user,26,1,GPU-Node-21,75,309
2026-01-13 18:24:00,GPU,High,66,1,19,admin,38,1,GPU-Node-38,100,467
2026-01-13 18:26:00,CPU,Medium,89,11,17,admin,37,0,CPU-Node-21,100,457
2026-01-13 18:28:00,GPU,Medium,100,2,20,admin,29,0,GPU-Node-45,100,560
2026-01-13 18:30:00,CPU,High,86,3,15,user,36,1,CPU-Node-48,100,447
2026-01-13 18:32:00,GPU,Low,68,1,9,user,24,1,GPU-Node-4,80,322
2026-01-13 18:34:00,CPU,Medium,81,5,11,user,24,1,CPU-Node-45,100,397
2026-01-13 18:36:00,GPU,Low,62,2,10,user,31,1,GPU-Node-47,83,344
2026-01-13 18:38:00,CPU,Low,58,13,9,user,32,1,CPU-Node-36,71,348
2026-01-13 18:40:00,CPU,Low,53,4,14,user,26,1,CPU-Node-14,80,348
2026-01-13 18:42:00,CPU,Low,73,7,18,user,26,0,CPU-Node-38,100,466
2026-01-13 18:44:00,GPU,High,40,1,2,user,20,1,GPU-Node-34,42,155
2026-01-13 18:46:00,CPU,Low,71,7,14,user,35,1,CPU-Node-8,100,408
2026-01-13 18:48:00,CPU,High,57,6,9,user,31,1,CPU-Node-1,78,295
2026-01-13 18:50:00,CPU,Low,56,3,10,user,35,1,CPU-Node-20,77,300
2026-01-13 18:52:00,CPU,High,76,10,8,admin,20,1,CPU-Node-32,92,307
2026-01-13 18:54:00,GPU,Medium,69,2,10,user,33,1,GPU-Node-5,77,326
2026-01-13 18:56:00,CPU,High,76,1,7,user,21,1,CPU-Node-39,83,338
2026-01-13 18:58:00,CPU,High,77,7,16,user,22,0,CPU-Node-27,100,474
2026-01-13 19:00:00,CPU,Low,30,6,9,user,34,1,CPU-Node-25,50,266
2026-01-13 19:02:00,GPU,Medium,38,0,6,user,25,0,GPU-Node-14,47,208
2026-01-13 19:04:00,GPU,Low,24,1,6,admin,33,1,GPU-Node-9,36,172
2026-01-13 19:06:00,CPU,High,29,5,5,user,31,1,CPU-Node-31,32,138
2026-01-13 19:08:00,GPU,High,31,0,7,user,13,0,GPU-Node-38,42,201
2026-01-13 19:10:00,CPU,Low,25,3,2,user,26,1,CPU-Node-31,29,130
2026-01-13 19:12:00,CPU,Medium,53,8,12,user,25,1,CPU-Node-41,74,304
2026-01-13 19:14:00,CPU,Low,40,14,11,user,30,1,CPU-Node-1,66,281
2026-01-13 19:16:00,CPU,Medium,43,5,11,user,34,1,CPU-Node-22,62,313
2026-01-13 19:18:00,CPU,Low,44,6,9,user,23,1,CPU-Node-48,67,281
2026-01-13 19:20:00,CPU,High,34,10,9,user,37,1,CPU-Node-39,53,223
2026-01-13 19:22:00,CPU,Low,40,9,7,user,40,1,CPU-Node-6,58,215
2026-01-13 19:24:00,GPU,High,32,2,11,user,29,1,GPU-Node-44,48,247
2026-01-13 19:26:00,CPU,Low,42,10,9,user,48,1,CPU-Node-26,53,255
2026-01-13 19:28:00,CPU,High,16,7,1,user,32,1,CPU-Node-39,16,85
2026-01-13 19:30:00,GPU,High,39,2,6,user,35,1,GPU-Node-13,51,281
2026-01-13 19:32:00,CPU,High,30,5,3,user,9,1,CPU-Node-44,28,151
2026-01-13 19:34:00,CPU,Medium,49,6,9,user,38,1,CPU-Node-25,61,281
2026-01-13 19:36:00,CPU,High,46,7,9,user,18,1,CPU-Node-31,58,302
2026-01-13 19:38:00,CPU,High,15,9,0,user,31,1,CPU-Node-22,14,85
2026-01-13 19:40:00,GPU,Medium,51,3,12,user,34,1,GPU-Node-42,70,320
2026-01-13 19:42:00,CPU,Medium,53,5,13,admin,32,1,CPU-Node-50,83,331
2026-01-13 19:44:00,GPU,High,52,1,9,user,29,1,GPU-Node-44,73,306
2026-01-13 19:46:00,CPU,High,34,8,7,user,25,1,CPU-Node-37,45,236
2026-01-13 19:48:00,GPU,Low,30,1,8,user,21,1,GPU-Node-41,45,233
2026-01-13 19:50:00,CPU,Medium,38,6,5,user,5,1,CPU-Node-15,54,173
2026-01-13 19:52:00,GPU,High,41,0,11,user,27,0,GPU-Node-6,57,262
2026-01-13 19:54:00,GPU,High,44,0,9,user,41,0,GPU-Node-17,64,300
2026-01-13 19:56:00,CPU,Low,45,4,11,admin,18,1,CPU-Node-9,52,294
2026-01-13 19:58:00,CPU,High,17,6,6,user,38,1,CPU-Node-14,35,143
2026-01-13 20:00:00,GPU,Medium,27,0,4,admin,8,0,GPU-Node-36,37,152
2026-01-13 20:02:00,CPU,High,15,8,0,admin,26,1,CPU-Node-37,13,71
2026-01-13 20:04:00,GPU,High,34,3,7,user,36,1,GPU-Node-41,44,213
2026-01-13 20:06:00,GPU,Medium,30,2,6,user,18,1,GPU-Node-41,34,190
2026-01-13 20:08:00,CPU,Low,22,5,10,user,36,1,CPU-Node-27,42,255
2026-01-13 20:10:00,GPU,Medium,25,3,8,user,26,1,GPU-Node-37,44,203
2026-01-13 20:12:00,GPU,Low,23,2,1,admin,38,1,GPU-Node-19,16,102
2026-01-13 20:14:00,CPU,Medium,40,8,5,user,44,1,CPU-Node-9,53,213
2026-01-13 20:16:00,CPU,Medium,24,7,0,user,19,1,CPU-Node-3,28,119
2026-01-13 20:18:00,GPU,High,19,1,5,user,30,1,GPU-Node-45,24,206
2026-01-13 20:20:00,CPU,Medium,35,7,5,user,41,1,CPU-Node-44,49,191
2026-01-13 20:22:00,CPU,High,42,4,8,user,32,1,CPU-Node-28,69,254
2026-01-13 20:24:00,CPU,High,25,3,5,user,28,1,CPU-Node-37,37,162
2026-01-13 20:26:00,CPU,High,31,9,6,user,39,1,CPU-Node-26,37,199
2026-01-13 20:28:00,CPU,Medium,21,5,6,user,42,1,CPU-Node-3,30,172
2026-01-13 20:30:00,CPU,Medium,56,14,11,admin,24,1,CPU-Node-16,76,334
2026-01-13 20:32:00,CPU,High,26,8,7,user,23,1,CPU-Node-12,43,230
2026-01-13 20:34:00,CPU,Low,35,8,2,user,29,1,CPU-Node-15,45,129
2026-01-13 20:36:00,GPU,Medium,23,1,5,user,22,1,GPU-Node-19,32,168
2026-01-13 20:38:00,CPU,High,15,9,0,user,32,1,CPU-Node-47,19,67
2026-01-13 20:40:00,CPU,Medium,34,8,3,user,10,1,CPU-Node-36,38,132
2026-01-13 20:42:00,CPU,Medium,28,6,8,user,23,1,CPU-Node-21,52,230
2026-01-13 20:44:00,CPU,High,45,15,6,user,47,1,CPU-Node-34,55,237
2026-01-13 20:46:00,CPU,High,27,10,2,admin,27,1,CPU-Node-10,27,142
2026-01-13 20:48:00,CPU,High,28,5,7,user,40,1,CPU-Node-11,41,198
2026-01-13 20:50:00,GPU,High,33,1,1,user,33,1,GPU-Node-32,35,155
2026-01-13 20:52:00,CPU,Medium,43,1,9,user,23,1,CPU-Node-7,62,256
2026-01-13 20:54:00,CPU,High,46,10,8,user,20,1,CPU-Node-36,63,254
2026-01-13 20:56:00,GPU,High,26,1,4,user,32,1,GPU-Node-32,32,160
2026-01-13 20:58:00,CPU,Medium,16,14,1,user,27,1,CPU-Node-10,19,93
2026-01-13 21:00:00,GPU,Medium,16,1,6,user,19,1,GPU-Node-47,28,157
2026-01-13 21:02:00,GPU,Low,17,0,2,user,30,0,GPU-Node-13,23,114
2026-01-13 21:04:00,CPU,Medium,29,8,3,user,21,1,CPU-Node-7,40,132
2026-01-13 21:06:00,CPU,High,26,9,0,admin,28,1,CPU-Node-29,23,121
2026-01-13 21:08:00,GPU,Low,33,1,6,user,42,1,GPU-Node-31,47,191
2026-01-13 21:10:00,GPU,Low,35,0,7,user,45,0,GPU-Node-49,42,226
2026-01-13 21:12:00,GPU,Medium,44,2,7,user,29,1,GPU-Node-38,55,242
2026-01-13 21:14:00,CPU,Low,44,4,11,user,24,1,CPU-Node-43,69,299
2026-01-13 21:16:00,GPU,Medium,40,2,7,admin,16,1,GPU-Node-20,56,254
2026-01-13 21:18:00,GPU,Low,42,0,5,user,33,0,GPU-Node-37,55,199
2026-01-13 21:20:00,CPU,Low,21,8,10,user,20,1,CPU-Node-40,38,273
2026-01-13 21:22:00,CPU,Medium,37,10,11,admin,29,1,CPU-Node-10,59,310
2026-01-13 21:24:00,CPU,Low,39,7,11,user,32,1,CPU-Node-47,56,308
2026-01-13 21:26:00,GPU,Medium,24,2,0,admin,27,1,GPU-Node-10,13,90
2026-01-13 21:28:00,GPU,Medium,10,2,5,user,27,1,GPU-Node-41,21,116
2026-01-13 21:30:00,CPU,Medium,32,12,7,user,26,1,CPU-Node-18,38,211
2026-01-13 21:32:00,GPU,Medium,21,2,5,user,43,1,GPU-Node-19,33,148
2026-01-13 21:34:00,CPU,Medium,61,7,9,user,38,1,CPU-Node-30,83,316
2026-01-13 21:36:00,CPU,Medium,37,8,7,admin,44,1,CPU-Node-18,58,256
2026-01-13 21:38:00,GPU,Medium,40,0,8,user,22,0,GPU-Node-27,55,263
2026-01-13 21:40:00,CPU,High,44,5,4,user,26,1,CPU-Node-5,52,173
2026-01-13 21:42:00,GPU,High,25,2,4,user,16,1,GPU-Node-47,27,199
2026-01-13 21:44:00,GPU,Medium,18,1,0,user,31,1,GPU-Node-13,9,67
2026-01-13 21:46:00,CPU,Low,27,10,3,user,19,1,CPU-Node-3,29,103
2026-01-13 21:48:00,GPU,High,22,1,2,user,27,1,GPU-Node-4,32,151
2026-01-13 21:50:00,GPU,High,13,4,3,user,44,1,GPU-Node-17,15,95
2026-01-13 21:52:00,GPU,Medium,31,1,5,user,22,1,GPU-Node-48,44,181
2026-01-13 21:54:00,CPU,High,26,5,2,user,21,1,CPU-Node-37,32,138
2026-01-13 21:56:00,CPU,Medium,63,4,11,user,24,1,CPU-Node-3,86,318
2026-01-13 21:58:00,GPU,Medium,21,1,5,user,36,1,GPU-Node-30,24,212
2026-01-13 22:00:00,CPU,High,39,9,9,admin,28,1,CPU-Node-42,54,308
2026-01-13 22:02:00,CPU,Low,27,8,0,admin,36,1,CPU-Node-43,24,68
2026-01-13 22:04:00,CPU,Low,37,9,11,user,19,1,CPU-Node-45,50,304
2026-01-13 22:06:00,GPU,High,28,4,4,user,44,1,GPU-Node-27,40,172
2026-01-13 22:08:00,CPU,Medium,24,1,3,user,25,1,CPU-Node-43,27,147
2026-01-13 22:10:00,CPU,Low,23,7,3,user,31,1,CPU-Node-32,32,122
2026-01-13 22:12:00,GPU,High,27,2,4,user,23,1,GPU-Node-16,24,175
2026-01-13 22:14:00,CPU,Medium,45,12,15,admin,31,1,CPU-Node-27,80,361
2026-01-13 22:16:00,GPU,High,37,1,5,user,43,1,GPU-Node-39,38,180
2026-01-13 22:18:00,GPU,Low,25,0,8,user,26,0,GPU-Node-11,38,193
2026-01-13 22:20:00,CPU,Medium,26,10,3,user,41,1,CPU-Node-14,31,157
2026-01-13 22:22:00,CPU,Medium,33,6,4,user,18,1,CPU-Node-31,38,189
2026-01-13 22:24:00,CPU,Medium,43,9,12,user,49,1,CPU-Node-29,62,350
2026-01-13 22:26:00,CPU,Medium,60,7,14,user,47,1,CPU-Node-25,89,390
2026-01-13 22:28:00,GPU,Medium,47,2,9,user,41,1,GPU-Node-30,64,255
2026-01-13 22:30:00,CPU,Medium,39,10,3,user,42,1,CPU-Node-24,49,178
2026-01-13 22:32:00,CPU,Medium,34,6,6,user,24,1,CPU-Node-22,52,201
2026-01-13 22:34:00,CPU,Low,46,6,11,user,23,1,CPU-Node-30,67,334
2026-01-13 22:36:00,CPU,Medium,28,4,12,admin,35,1,CPU-Node-28,58,288
2026-01-13 22:38:00,CPU,High,26,8,6,user,31,1,CPU-Node-6,33,175
2026-01-13 22:40:00,GPU,Medium,24,1,1,user,29,1,GPU-Node-12,35,113
2026-01-13 22:42:00,GPU,Medium,41,3,8,user,38,1,GPU-Node-13,63,231
2026-01-13 22:44:00,GPU,High,22,0,6,user,18,0,GPU-Node-5,31,177
2026-01-13 22:46:00,CPU,High,38,8,8,user,26,1,CPU-Node-32,49,233
2026-01-13 22:48:00,CPU,Low,27,6,15,user,43,1,CPU-Node-33,60,326
2026-01-13 22:50:00,CPU,Low,28,11,0,user,20,1,CPU-Node-37,10,124
2026-01-13 22:52:00,GPU,Low,44,1,7,admin,43,1,GPU-Node-2,60,275
2026-01-13 22:54:00,CPU,Low,24,12,4,user,26,1,CPU-Node-18,35,150
2026-01-13 22:56:00,CPU,High,37,9,7,user,36,1,CPU-Node-45,59,195
2026-01-13 22:58:00,CPU,High,43,6,8,user,22,1,CPU-Node-32,57,240
2026-01-13 23:00:00,CPU,Medium,37,4,5,user,28,1,CPU-Node-7,45,194
2026-01-13 23:02:00,CPU,Low,29,3,6,user,24,1,CPU-Node-8,36,195
2026-01-13 23:04:00,CPU,Low,40,5,10,user,39,1,CPU-Node-39,56,298
2026-01-13 23:06:00,CPU,Medium,37,5,3,user,33,1,CPU-Node-44,42,189
2026-01-13 23:08:00,CPU,Medium,48,10,6,admin,38,1,CPU-Node-20,56,228
2026-01-13 23:10:00,CPU,Medium,32,11,11,user,40,1,CPU-Node-28,53,267
2026-01-13 23:12:00,CPU,Medium,29,11,9,user,34,1,CPU-Node-25,53,222
2026-01-13 23:14:00,CPU,Medium,39,7,4,user,37,1,CPU-Node-12,40,228
2026-01-13 23:16:00,CPU,Low,26,10,5,user,19,1,CPU-Node-40,43,138
2026-01-13 23:18:00,GPU,Medium,45,1,8,user,28,1,GPU-Node-15,66,262
2026-01-13 23:20:00,CPU,Low,45,2,11,user,34,1,CPU-Node-9,63,309
2026-01-13 23:22:00,GPU,Medium,32,2,7,user,13,1,GPU-Node-45,41,239
2026-01-13 23:24:00,CPU,High,40,10,8,user,45,1,CPU-Node-3,54,227
2026-01-13 23:26:00,CPU,High,23,4,5,user,21,1,CPU-Node-47,33,165
2026-01-13 23:28:00,CPU,Medium,42,2,6,user,27,1,CPU-Node-9,55,222
2026-01-13 23:30:00,GPU,High,37,2,7,user,27,1,GPU-Node-15,50,210
2026-01-13 23:32:00,CPU,Medium,30,2,7,user,5,1,CPU-Node-20,47,206
2026-01-13 23:34:00,CPU,High,39,10,13,user,36,1,CPU-Node-36,69,327
2026-01-13 23:36:00,CPU,Low,21,11,4,user,33,1,CPU-Node-14,30,113
2026-01-13 23:38:00,CPU,Medium,44,16,4,user,24,1,CPU-Node-8,56,190
2026-01-13 23:40:00,GPU,Low,39,0,10,user,54,0,GPU-Node-21,58,273
2026-01-13 23:42:00,GPU,High,13,3,6,user,13,1,GPU-Node-23,22,168
2026-01-13 23:44:00,GPU,Medium,48,2,13,user,16,1,GPU-Node-33,75,324
2026-01-13 23:46:00,CPU,Low,38,12,9,user,44,1,CPU-Node-35,50,294
2026-01-13 23:48:00,CPU,Low,38,7,8,admin,12,1,CPU-Node-47,60,247
2026-01-13 23:50:00,CPU,High,27,5,7,user,35,1,CPU-Node-45,38,194
2026-01-13 23:52:00,GPU,High,39,3,8,user,28,1,GPU-Node-48,52,235
2026-01-13 23:54:00,CPU,Low,39,8,7,admin,40,1,CPU-Node-38,54,214
2026-01-13 23:56:00,CPU,Medium,43,6,14,user,36,1,CPU-Node-46,68,360
2026-01-13 23:58:00,GPU,Medium,27,2,5,user,36,1,GPU-Node-38,40,199
2026-01-14 00:00:00,CPU,High,28,1,8,admin,29,1,CPU-Node-14,50,219
2026-01-14 00:02:00,CPU,Medium,33,10,6,user,41,1,CPU-Node-47,40,208
2026-01-14 00:04:00,GPU,Medium,66,1,13,user,25,1,GPU-Node-42,93,331
2026-01-14 00:06:00,CPU,Low,49,8,15,admin,50,1,CPU-Node-35,76,374
2026-01-14 00:08:00,GPU,Medium,56,2,10,user,38,1,GPU-Node-26,70,298
2026-01-14 00:10:00,CPU,High,31,4,3,admin,27,1,CPU-Node-27,36,166
2026-01-14 00:12:00,GPU,Medium,36,3,5,user,57,1,GPU-Node-30,41,210
2026-01-14 00:14:00,CPU,Medium,48,12,11,user,24,1,CPU-Node-23,71,306
2026-01-14 00:16:00,CPU,Medium,44,11,12,user,41,1,CPU-Node-44,74,287
2026-01-14 00:18:00,CPU,High,42,6,6,user,34,1,CPU-Node-10,51,242
2026-01-14 00:20:00,CPU,High,26,11,2,user,11,1,CPU-Node-46,25,130
2026-01-14 00:22:00,CPU,High,31,11,6,user,32,1,CPU-Node-39,40,197
2026-01-14 00:24:00,CPU,High,52,8,11,user,15,1,CPU-Node-8,75,345
2026-01-14 00:26:00,CPU,Medium,43,13,2,user,22,1,CPU-Node-39,48,171
2026-01-14 00:28:00,CPU,Low,47,10,12,user,52,1,CPU-Node-40,63,290
2026-01-14 00:30:00,CPU,High,34,11,9,user,23,1,CPU-Node-33,51,258
2026-01-14 00:32:00,GPU,Medium,45,0,7,user,16,0,GPU-Node-2,61,292
2026-01-14 00:34:00,GPU,Low,44,2,13,user,42,1,GPU-Node-36,66,321
2026-01-14 00:36:00,GPU,Medium,31,1,4,user,35,1,GPU-Node-24,37,181
2026-01-14 00:38:00,CPU,Low,41,5,9,user,33,1,CPU-Node-43,57,265
2026-01-14 00:40:00,GPU,Low,52,0,10,user,27,0,GPU-Node-43,70,317
2026-01-14 00:42:00,CPU,Medium,15,4,0,user,10,1,CPU-Node-23,20,104
2026-01-14 00:44:00,CPU,High,10,7,1,admin,31,1,CPU-Node-50,10,92
2026-01-14 00:46:00,CPU,Medium,15,14,6,admin,25,1,CPU-Node-10,30,192
2026-01-14 00:48:00,GPU,Medium,17,2,5,user,28,1,GPU-Node-37,26,119
2026-01-14 00:50:00,CPU,Medium,37,4,2,user,13,1,CPU-Node-42,43,156
2026-01-14 00:52:00,CPU,High,41,6,3,user,35,1,CPU-Node-15,37,169
2026-01-14 00:54:00,CPU,High,27,8,6,user,33,1,CPU-Node-21,44,171
2026-01-14 00:56:00,CPU,High,33,6,6,user,12,1,CPU-Node-41,41,246
2026-01-14 00:58:00,CPU,Low,35,8,11,user,35,1,CPU-Node-45,48,270
2026-01-14 01:00:00,GPU,High,48,1,12,admin,35,1,GPU-Node-26,70,331
2026-01-14 01:02:00,GPU,Low,38,2,6,user,38,1,GPU-Node-26,41,188
2026-01-14 01:04:00,GPU,Low,36,4,5,user,27,1,GPU-Node-48,46,176
2026-01-14 01:06:00,GPU,Medium,23,4,7,user,11,1,GPU-Node-36,26,202
2026-01-14 01:08:00,GPU,Medium,36,3,8,user,34,1,GPU-Node-13,57,219
2026-01-14 01:10:00,CPU,High,29,4,8,user,24,1,CPU-Node-11,50,216
2026-01-14 01:12:00,CPU,High,23,10,1,user,23,1,CPU-Node-27,25,63
2026-01-14 01:14:00,GPU,Medium,35,1,10,admin,33,1,GPU-Node-49,50,248
2026-01-14 01:16:00,GPU,Low,44,3,9,user,32,1,GPU-Node-17,62,252
2026-01-14 01:18:00,GPU,Low,42,1,0,user,16,1,GPU-Node-46,55,124
2026-01-14 01:20:00,GPU,Medium,38,2,10,user,26,1,GPU-Node-41,59,312
2026-01-14 01:22:00,CPU,Medium,33,10,6,admin,31,1,CPU-Node-46,47,192
2026-01-14 01:24:00,CPU,Low,34,7,4,user,32,1,CPU-Node-7,42,168
2026-01-14 01:26:00,CPU,Medium,29,4,4,user,16,1,CPU-Node-39,37,195
2026-01-14 01:28:00,CPU,Medium,48,7,5,admin,43,1,CPU-Node-35,55,211
2026-01-14 01:30:00,GPU,Low,34,2,7,user,30,1,GPU-Node-24,54,191
2026-01-14 01:32:00,GPU,Medium,48,3,12,user,32,1,GPU-Node-11,72,312
2026-01-14 01:34:00,CPU,Medium,25,6,1,user,29,1,CPU-Node-30,27,102
2026-01-14 01:36:00,GPU,High,20,2,6,user,30,1,GPU-Node-35,23,215
2026-01-14 01:38:00,GPU,Medium,26,1,5,user,40,1,GPU-Node-47,51,177
2026-01-14 01:40:00,CPU,Medium,26,5,8,user,42,1,CPU-Node-2,36,232
2026-01-14 01:42:00,GPU,High,61,0,12,user,24,0,GPU-Node-21,92,347
2026-01-14 01:44:00,CPU,High,10,5,1,admin,31,1,CPU-Node-16,6,91
2026-01-14 01:46:00,GPU,High,33,0,6,user,21,0,GPU-Node-14,43,197
2026-01-14 01:48:00,CPU,Medium,31,3,7,user,33,1,CPU-Node-15,43,204
2026-01-14 01:50:00,GPU,Medium,42,1,11,admin,23,1,GPU-Node-23,65,297
2026-01-14 01:52:00,CPU,High,30,5,5,user,30,1,CPU-Node-7,44,229
2026-01-14 01:54:00,GPU,Medium,39,1,3,user,22,1,GPU-Node-17,47,182
2026-01-14 01:56:00,CPU,High,41,9,8,user,21,1,CPU-Node-9,70,239
2026-01-14 01:58:00,CPU,Low,30,11,9,user,19,1,CPU-Node-29,36,251
2026-01-14 02:00:00,GPU,High,35,0,5,user,35,0,GPU-Node-1,46,225
2026-01-14 02:02:00,CPU,Low,26,8,6,user,38,1,CPU-Node-12,46,219
2026-01-14 02:04:00,CPU,High,40,12,9,user,24,1,CPU-Node-26,56,252
2026-01-14 02:06:00,CPU,Medium,31,9,9,user,32,1,CPU-Node-25,52,256
2026-01-14 02:08:00,CPU,High,35,4,5,user,20,1,CPU-Node-26,42,216
2026-01-14 02:10:00,GPU,Medium,33,1,4,user,35,1,GPU-Node-12,41,204
2026-01-14 02:12:00,GPU,Low,50,2,8,user,40,1,GPU-Node-6,70,278
2026-01-14 02:14:00,GPU,Medium,19,2,4,admin,38,1,GPU-Node-50,21,142
2026-01-14 02:16:00,GPU,Low,34,0,0,user,21,0,GPU-Node-8,30,148
2026-01-14 02:18:00,CPU,Medium,36,8,2,user,28,1,CPU-Node-16,35,158
2026-01-14 02:20:00,GPU,Medium,35,2,7,user,11,1,GPU-Node-18,41,236
2026-01-14 02:22:00,GPU,High,24,3,10,user,25,1,GPU-Node-5,51,264
2026-01-14 02:24:00,CPU,Medium,41,9,4,user,25,1,CPU-Node-43,44,159
2026-01-14 02:26:00,CPU,Low,42,7,8,user,36,1,CPU-Node-46,61,255
2026-01-14 02:28:00,GPU,Medium,36,2,3,user,34,1,GPU-Node-8,45,197
2026-01-14 02:30:00,CPU,Medium,35,7,7,user,32,1,CPU-Node-8,51,198
2026-01-14 02:32:00,CPU,Low,37,4,8,user,24,1,CPU-Node-7,60,253
2026-01-14 02:34:00,CPU,Low,14,12,4,user,33,1,CPU-Node-49,24,175
2026-01-14 02:36:00,GPU,Low,42,1,12,user,25,1,GPU-Node-47,61,321
2026-01-14 02:38:00,CPU,Low,41,12,6,admin,18,1,CPU-Node-34,56,224
2026-01-14 02:40:00,CPU,Low,42,8,10,user,29,1,CPU-Node-42,62,299
2026-01-14 02:42:00,GPU,High,24,3,2,user,29,1,GPU-Node-17,26,129
2026-01-14 02:44:00,GPU,High,43,1,11,user,26,1,GPU-Node-4,68,316
2026-01-14 02:46:00,GPU,Low,37,1,8,user,27,1,GPU-Node-49,53,251
2026-01-14 02:48:00,CPU,High,20,10,1,admin,28,1,CPU-Node-41,13,124
2026-01-14 02:50:00,GPU,High,37,0,10,admin,39,0,GPU-Node-33,60,256
2026-01-14 02:52:00,CPU,Medium,33,7,6,user,40,1,CPU-Node-25,52,225
2026-01-14 02:54:00,CPU,High,40,3,5,user,34,1,CPU-Node-26,47,208
2026-01-14 02:56:00,CPU,Low,22,5,1,admin,22,1,CPU-Node-14,22,136
2026-01-14 02:58:00,GPU,Low,32,1,8,user,18,1,GPU-Node-14,40,235
2026-01-14 03:00:00,CPU,Medium,45,6,4,admin,38,1,CPU-Node-31,48,193
2026-01-14 03:02:00,CPU,High,37,10,6,user,32,1,CPU-Node-18,55,226
2026-01-14 03:04:00,GPU,Medium,35,3,8,user,20,1,GPU-Node-48,65,259
2026-01-14 03:06:00,CPU,High,49,6,13,admin,32,1,CPU-Node-36,77,335
2026-01-14 03:08:00,GPU,Medium,41,3,7,user,21,1,GPU-Node-10,60,245
2026-01-14 03:10:00,GPU,Medium,32,2,9,user,18,1,GPU-Node-35,49,217
2026-01-14 03:12:00,GPU,Medium,28,1,3,user,28,1,GPU-Node-17,31,168
2026-01-14 03:14:00,CPU,High,28,5,7,user,38,1,CPU-Node-44,44,180
2026-01-14 03:16:00,CPU,Low,26,13,3,user,12,1,CPU-Node-35,28,158
2026-01-14 03:18:00,GPU,High,23,2,1,user,18,1,GPU-Node-26,31,117
2026-01-14 03:20:00,CPU,Medium,37,8,7,admin,37,1,CPU-Node-42,49,248
2026-01-14 03:22:00,GPU,High,41,2,11,user,34,1,GPU-Node-31,65,295
2026-01-14 03:24:00,CPU,Low,23,1,2,user,20,1,CPU-Node-25,18,111
2026-01-14 03:26:00,CPU,High,49,5,7,user,12,1,CPU-Node-24,53,256
2026-01-14 03:28:00,CPU,High,33,5,6,user,41,1,CPU-Node-22,45,195
2026-01-14 03:30:00,GPU,High,30,1,8,user,34,1,GPU-Node-42,45,247
2026-01-14 03:32:00,CPU,Low,27,7,4,user,36,1,CPU-Node-40,37,136
2026-01-14 03:34:00,CPU,High,42,10,4,user,20,1,CPU-Node-34,49,213
2026-01-14 03:36:00,GPU,High,35,2,10,user,30,1,GPU-Node-7,51,240
2026-01-14 03:38:00,CPU,Low,33,7,2,user,25,1,CPU-Node-42,39,144
2026-01-14 03:40:00,CPU,Low,32,4,0,user,29,1,CPU-Node-26,33,86
2026-01-14 03:42:00,CPU,Medium,31,10,0,user,37,1,CPU-Node-39,33,122
2026-01-14 03:44:00,GPU,High,12,4,0,user,36,1,GPU-Node-43,9,50
2026-01-14 03:46:00,CPU,Low,31,3,3,user,29,1,CPU-Node-29,32,153
2026-01-14 03:48:00,GPU,Medium,44,2,10,user,44,1,GPU-Node-25,67,266
2026-01-14 03:50:00,CPU,Medium,29,6,3,admin,24,1,CPU-Node-30,47,158
2026-01-14 03:52:00,CPU,Medium,10,1,5,user,21,1,CPU-Node-39,16,130
2026-01-14 03:54:00,GPU,High,49,5,5,user,25,1,GPU-Node-11,65,220
2026-01-14 03:56:00,CPU,High,45,9,6,user,35,1,CPU-Node-5,52,253
2026-01-14 03:58:00,GPU,Medium,44,2,11,user,12,1,GPU-Node-29,69,275
2026-01-14 04:00:00,CPU,High,14,3,0,user,21,1,CPU-Node-44,9,54
2026-01-14 04:02:00,CPU,Medium,26,8,5,user,35,1,CPU-Node-23,33,205
2026-01-14 04:04:00,GPU,High,41,1,11,user,33,1,GPU-Node-1,60,300
2026-01-14 04:06:00,CPU,Medium,39,12,9,user,19,1,CPU-Node-13,62,284
2026-01-14 04:08:00,CPU,Medium,25,6,2,user,30,1,CPU-Node-28,33,141
2026-01-14 04:10:00,CPU,High,17,5,2,admin,12,1,CPU-Node-2,28,110
2026-01-14 04:12:00,CPU,Medium,31,10,7,user,15,1,CPU-Node-35,43,242
2026-01-14 04:14:00,CPU,Medium,20,14,0,user,40,1,CPU-Node-18,14,74
2026-01-14 04:16:00,CPU,Medium,37,6,8,admin,15,1,CPU-Node-41,52,240
2026-01-14 04:18:00,GPU,Medium,37,2,8,user,20,1,GPU-Node-31,56,269
2026-01-14 04:20:00,GPU,Low,52,0,15,user,32,0,GPU-Node-8,84,357
2026-01-14 04:22:00,GPU,Low,34,1,5,admin,36,1,GPU-Node-27,44,172
2026-01-14 04:24:00,CPU,Low,44,17,11,admin,28,1,CPU-Node-31,67,320
2026-01-14 04:26:00,GPU,Medium,14,2,3,user,35,1,GPU-Node-33,19,109
2026-01-14 04:28:00,CPU,High,30,8,5,user,29,1,CPU-Node-12,36,191
2026-01-14 04:30:00,GPU,High,24,3,4,user,50,1,GPU-Node-45,32,153
2026-01-14 04:32:00,CPU,High,40,13,5,user,5,1,CPU-Node-23,45,208
2026-01-14 04:34:00,GPU,Medium,36,0,6,user,34,0,GPU-Node-36,47,199
2026-01-14 04:36:00,CPU,Medium,34,6,11,user,15,1,CPU-Node-41,44,275
2026-01-14 04:38:00,CPU,Low,51,10,11,user,5,1,CPU-Node-32,70,312
2026-01-14 04:40:00,GPU,High,25,2,2,user,26,1,GPU-Node-38,29,110
2026-01-14 04:42:00,GPU,High,46,2,6,admin,36,1,GPU-Node-33,51,238
2026-01-14 04:44:00,GPU,High,25,2,2,user,24,1,GPU-Node-47,14,130
2026-01-14 04:46:00,CPU,High,46,2,11,user,46,1,CPU-Node-46,58,299
2026-01-14 04:48:00,CPU,Medium,26,12,4,user,25,1,CPU-Node-16,32,179
2026-01-14 04:50:00,GPU,High,42,1,9,user,36,1,GPU-Node-40,56,281
2026-01-14 04:52:00,CPU,High,30,6,10,user,23,1,CPU-Node-6,50,242
2026-01-14 04:54:00,GPU,Low,41,3,10,user,32,1,GPU-Node-47,67,298
2026-01-14 04:56:00,CPU,Low,22,8,4,user,43,1,CPU-Node-47,22,159
2026-01-14 04:58:00,CPU,Medium,24,3,2,user,28,1,CPU-Node-2,22,130
2026-01-14 05:00:00,GPU,Medium,49,1,13,user,22,1,GPU-Node-20,78,323
2026-01-14 05:02:00,CPU,High,31,4,2,user,34,1,CPU-Node-38,39,118
2026-01-14 05:04:00,GPU,Low,25,2,0,user,46,1,GPU-Node-40,10,104
2026-01-14 05:06:00,CPU,High,48,11,7,user,21,1,CPU-Node-19,65,271
2026-01-14 05:08:00,CPU,Low,32,6,6,user,40,1,CPU-Node-48,47,195
2026-01-14 05:10:00,CPU,High,47,1,12,user,11,1,CPU-Node-16,70,300
2026-01-14 05:12:00,GPU,Medium,29,1,6,admin,22,1,GPU-Node-44,44,261
2026-01-14 05:14:00,CPU,High,34,6,6,user,24,1,CPU-Node-23,43,182
2026-01-14 05:16:00,CPU,Medium,35,5,8,user,20,1,CPU-Node-22,52,236
2026-01-14 05:18:00,GPU,High,10,1,0,user,12,1,GPU-Node-45,8,50
2026-01-14 05:20:00,CPU,Low,38,9,8,admin,34,1,CPU-Node-17,55,225
2026-01-14 05:22:00,CPU,Medium,15,10,5,user,39,1,CPU-Node-3,29,137
2026-01-14 05:24:00,GPU,Medium,35,3,11,admin,35,1,GPU-Node-17,56,284
2026-01-14 05:26:00,GPU,Medium,48,1,12,user,38,1,GPU-Node-3,73,333
2026-01-14 05:28:00,GPU,Medium,23,2,3,user,32,1,GPU-Node-37,32,128
2026-01-14 05:30:00,CPU,Low,27,7,0,admin,33,1,CPU-Node-9,19,131
2026-01-14 05:32:00,CPU,High,27,6,6,user,15,1,CPU-Node-33,41,184
2026-01-14 05:34:00,CPU,Medium,29,2,5,user,34,1,CPU-Node-5,39,166
2026-01-14 05:36:00,GPU,Medium,39,2,16,user,33,0,GPU-Node-38,73,342
2026-01-14 05:38:00,GPU,Medium,41,0,10,user,23,0,GPU-Node-43,64,298
2026-01-14 05:40:00,GPU,Medium,13,1,4,user,41,1,GPU-Node-44,24,121
2026-01-14 05:42:00,CPU,Low,38,6,2,user,18,1,CPU-Node-21,43,171
2026-01-14 05:44:00,CPU,Low,38,6,4,admin,26,1,CPU-Node-2,45,157
2026-01-14 05:46:00,CPU,Low,28,5,3,user,33,1,CPU-Node-46,41,146
2026-01-14 05:48:00,GPU,Medium,25,2,4,user,38,1,GPU-Node-42,42,144
2026-01-14 05:50:00,GPU,High,33,0,7,user,52,0,GPU-Node-15,50,208
2026-01-14 05:52:00,GPU,High,22,3,2,user,24,1,GPU-Node-33,26,139
2026-01-14 05:54:00,CPU,High,37,15,12,user,38,1,CPU-Node-13,68,323
2026-01-14 05:56:00,CPU,Medium,25,8,4,user,31,1,CPU-Node-9,24,126
2026-01-14 05:58:00,CPU,Low,36,5,7,user,39,1,CPU-Node-29,51,242
2026-01-14 06:00:00,CPU,Low,38,7,13,user,37,1,CPU-Node-29,64,294
2026-01-14 06:02:00,CPU,Medium,31,7,9,user,32,1,CPU-Node-50,57,220
2026-01-14 06:04:00,CPU,High,20,3,0,admin,33,1,CPU-Node-46,10,51
2026-01-14 06:06:00,GPU,High,30,1,6,user,20,1,GPU-Node-14,44,194
2026-01-14 06:08:00,GPU,Medium,46,3,7,user,16,1,GPU-Node-35,62,274
2026-01-14 06:10:00,GPU,High,31,1,3,user,37,1,GPU-Node-21,29,152
2026-01-14 06:12:00,CPU,Low,51,10,3,user,29,1,CPU-Node-28,48,166
2026-01-14 06:14:00,CPU,Medium,35,10,4,user,48,1,CPU-Node-47,34,181
2026-01-14 06:16:00,GPU,High,21,2,2,user,37,1,GPU-Node-32,28,113
2026-01-14 06:18:00,CPU,Medium,17,6,5,admin,36,1,CPU-Node-49,28,197
2026-01-14 06:20:00,CPU,High,30,6,8,user,35,1,CPU-Node-47,47,202
2026-01-14 06:22:00,GPU,High,38,2,8,user,21,1,GPU-Node-23,62,260
2026-01-14 06:24:00,GPU,Low,39,1,4,user,21,1,GPU-Node-37,53,169
2026-01-14 06:26:00,CPU,High,28,13,6,user,46,1,CPU-Node-2,44,190
2026-01-14 06:28:00,CPU,High,45,8,7,user,21,1,CPU-Node-4,65,215
2026-01-14 06:30:00,CPU,Medium,58,9,5,admin,34,1,CPU-Node-38,68,238
2026-01-14 06:32:00,GPU,Medium,32,2,5,user,30,1,GPU-Node-9,38,187
2026-01-14 06:34:00,GPU,Medium,30,0,4,user,31,0,GPU-Node-8,30,170
2026-01-14 06:36:00,CPU,Low,38,8,14,admin,27,1,CPU-Node-33,60,325
2026-01-14 06:38:00,GPU,High,38,2,14,user,19,1,GPU-Node-12,61,291
2026-01-14 06:40:00,CPU,Low,23,12,7,user,21,1,CPU-Node-27,36,194
2026-01-14 06:42:00,GPU,High,39,2,9,user,36,1,GPU-Node-3,49,258
2026-01-14 06:44:00,CPU,Low,50,5,10,user,32,1,CPU-Node-27,74,325
2026-01-14 06:46:00,CPU,Medium,15,2,6,user,8,1,CPU-Node-39,34,163
2026-01-14 06:48:00,CPU,Low,35,11,11,admin,20,1,CPU-Node-47,57,277
2026-01-14 06:50:00,GPU,Low,41,1,13,user,30,1,GPU-Node-28,60,347
2026-01-14 06:52:00,CPU,Low,25,9,0,user,27,1,CPU-Node-23,29,128
2026-01-14 06:54:00,CPU,Medium,25,7,4,admin,29,1,CPU-Node-25,36,166
2026-01-14 06:56:00,CPU,Medium,54,10,7,user,5,1,CPU-Node-6,67,302
2026-01-14 06:58:00,CPU,Low,49,9,12,user,34,1,CPU-Node-4,73,303
2026-01-14 07:00:00,CPU,High,42,2,9,admin,37,1,CPU-Node-34,63,253
2026-01-14 07:02:00,CPU,Medium,28,5,5,user,17,1,CPU-Node-4,38,167
2026-01-14 07:04:00,CPU,High,31,12,5,user,31,1,CPU-Node-37,39,171
2026-01-14 07:06:00,CPU,Low,18,9,6,user,39,1,CPU-Node-40,28,133
2026-01-14 07:08:00,GPU,Low,31,3,1,user,22,1,GPU-Node-31,28,100
2026-01-14 07:10:00,GPU,Low,22,2,5,user,21,1,GPU-Node-17,32,145
2026-01-14 07:12:00,GPU,Low,29,1,4,user,21,1,GPU-Node-6,42,141
2026-01-14 07:14:00,CPU,Low,38,12,8,user,7,1,CPU-Node-35,48,235
2026-01-14 07:16:00,CPU,Medium,27,7,5,user,42,1,CPU-Node-36,35,205
2026-01-14 07:18:00,CPU,Medium,23,4,6,user,36,1,CPU-Node-33,30,191
2026-01-14 07:20:00,CPU,High,27,8,2,user,36,1,CPU-Node-16,33,110
2026-01-14 07:22:00,CPU,Low,47,1,5,user,50,1,CPU-Node-41,65,221
2026-01-14 07:24:00,GPU,High,24,2,0,user,35,1,GPU-Node-48,32,74
2026-01-14 07:26:00,CPU,Low,32,6,6,user,22,1,CPU-Node-10,38,203
2026-01-14 07:28:00,GPU,High,37,2,2,user,44,1,GPU-Node-33,30,129
2026-01-14 07:30:00,CPU,Low,25,8,5,admin,13,1,CPU-Node-8,31,185
2026-01-14 07:32:00,GPU,Medium,45,1,6,user,17,1,GPU-Node-26,61,233
2026-01-14 07:34:00,GPU,Low,23,1,5,user,40,1,GPU-Node-11,32,143
2026-01-14 07:36:00,GPU,Low,45,1,9,user,16,1,GPU-Node-8,58,258
2026-01-14 07:38:00,CPU,High,18,6,4,user,28,1,CPU-Node-18,26,155
2026-01-14 07:40:00,GPU,Medium,24,2,7,user,23,1,GPU-Node-36,37,210
2026-01-14 07:42:00,CPU,Low,44,6,9,user,28,1,CPU-Node-50,64,263
2026-01-14 07:44:00,CPU,Low,29,7,6,admin,43,1,CPU-Node-40,47,189
2026-01-14 07:46:00,GPU,High,29,1,4,user,38,1,GPU-Node-36,36,168
2026-01-14 07:48:00,CPU,High,42,6,10,user,17,1,CPU-Node-24,56,295
2026-01-14 07:50:00,CPU,Low,37,5,3,admin,36,1,CPU-Node-50,45,187
2026-01-14 07:52:00,GPU,Low,35,1,7,user,32,1,GPU-Node-19,53,223
2026-01-14 07:54:00,GPU,Medium,43,1,7,user,34,1,GPU-Node-23,51,211
2026-01-14 07:56:00,CPU,High,46,3,10,user,15,1,CPU-Node-17,65,278
2026-01-14 07:58:00,CPU,Medium,42,8,2,user,30,1,CPU-Node-4,56,147
2026-01-14 08:00:00,GPU,Low,30,3,8,user,27,1,GPU-Node-41,46,229
2026-01-14 08:02:00,GPU,High,41,3,10,admin,38,1,GPU-Node-48,62,290
2026-01-14 08:04:00,CPU,High,45,6,12,user,26,1,CPU-Node-26,69,322
2026-01-14 08:06:00,CPU,High,19,4,6,user,26,1,CPU-Node-7,23,175
2026-01-14 08:08:00,CPU,Low,39,12,8,user,33,1,CPU-Node-17,50,280
2026-01-14 08:10:00,CPU,Medium,37,9,5,user,46,1,CPU-Node-2,46,216
2026-01-14 08:12:00,GPU,High,52,1,9,user,34,1,GPU-Node-39,80,298
2026-01-14 08:14:00,GPU,Low,34,1,8,admin,46,1,GPU-Node-20,50,240
2026-01-14 08:16:00,CPU,High,18,7,1,user,34,1,CPU-Node-5,18,86
2026-01-14 08:18:00,GPU,Medium,45,1,5,user,32,1,GPU-Node-22,59,189
2026-01-14 08:20:00,GPU,Low,43,1,9,user,35,1,GPU-Node-9,58,278
2026-01-14 08:22:00,CPU,Low,42,7,6,user,30,1,CPU-Node-27,50,220
2026-01-14 08:24:00,CPU,Low,48,8,9,user,12,1,CPU-Node-36,60,295
2026-01-14 08:26:00,CPU,High,29,2,2,user,13,1,CPU-Node-39,27,137
2026-01-14 08:28:00,GPU,Low,34,1,11,user,51,1,GPU-Node-14,60,296
2026-01-14 08:30:00,CPU,High,35,2,6,user,21,1,CPU-Node-23,51,199
2026-01-14 08:32:00,CPU,High,44,8,10,user,34,1,CPU-Node-15,76,267
2026-01-14 08:34:00,CPU,Low,30,7,6,user,49,1,CPU-Node-11,39,200
2026-01-14 08:36:00,CPU,Low,38,13,12,user,38,1,CPU-Node-37,59,315
2026-01-14 08:38:00,CPU,Medium,27,11,6,user,33,1,CPU-Node-16,45,170
2026-01-14 08:40:00,CPU,Low,37,8,8,user,23,1,CPU-Node-17,49,234
2026-01-14 08:42:00,GPU,Low,38,3,6,user,34,1,GPU-Node-5,52,219
2026-01-14 08:44:00,CPU,Medium,48,8,10,admin,33,1,CPU-Node-20,64,321
2026-01-14 08:46:00,GPU,High,38,1,11,user,28,1,GPU-Node-13,60,314
2026-01-14 08:48:00,GPU,Medium,33,0,7,admin,42,0,GPU-Node-19,54,183
2026-01-14 08:50:00,GPU,High,22,1,0,user,22,1,GPU-Node-2,15,73
2026-01-14 08:52:00,CPU,Medium,46,11,11,user,14,1,CPU-Node-47,58,307
2026-01-14 08:54:00,CPU,Medium,19,9,4,admin,27,1,CPU-Node-25,28,152
2026-01-14 08:56:00,CPU,Low,27,10,5,user,36,1,CPU-Node-50,35,222
2026-01-14 08:58:00,GPU,Medium,47,1,10,user,39,1,GPU-Node-8,64,290
2026-01-14 09:00:00,CPU,High,69,2,16,user,30,0,CPU-Node-7,100,411
2026-01-14 09:02:00,CPU,Medium,71,1,17,user,22,0,CPU-Node-41,100,425
2026-01-14 09:04:00,CPU,High,67,7,16,user,40,0,CPU-Node-49,100,426
2026-01-14 09:06:00,CPU,Medium,55,6,12,user,39,1,CPU-Node-7,76,353
2026-01-14 09:08:00,CPU,Medium,57,11,10,user,46,1,CPU-Node-29,74,296
2026-01-14 09:10:00,GPU,Low,79,1,19,user,36,0,GPU-Node-45,100,516
2026-01-14 09:12:00,CPU,Medium,76,6,19,user,21,0,CPU-Node-29,100,452
2026-01-14 09:14:00,CPU,High,90,8,17,admin,26,1,CPU-Node-22,100,520
2026-01-14 09:16:00,GPU,Low,89,2,15,user,38,1,GPU-Node-26,100,459
2026-01-14 09:18:00,GPU,Low,66,2,17,user,31,0,GPU-Node-7,97,430
2026-01-14 09:20:00,GPU,Medium,81,2,16,user,44,0,GPU-Node-49,100,452
2026-01-14 09:22:00,CPU,High,74,13,16,user,23,0,CPU-Node-13,100,410
2026-01-14 09:24:00,GPU,High,89,1,21,user,19,0,GPU-Node-16,100,543
2026-01-14 09:26:00,CPU,Low,55,10,11,user,31,1,CPU-Node-49,77,303
2026-01-14 09:28:00,GPU,Low,60,1,12,user,31,1,GPU-Node-5,89,342
2026-01-14 09:30:00,GPU,High,63,3,5,user,44,1,GPU-Node-23,70,251
2026-01-14 09:32:00,CPU,Medium,75,5,15,user,12,1,CPU-Node-18,100,411
2026-01-14 09:34:00,CPU,High,68,5,15,user,44,1,CPU-Node-39,94,377
2026-01-14 09:36:00,GPU,High,72,1,14,user,20,1,GPU-Node-36,100,411
2026-01-14 09:38:00,CPU,High,77,10,18,user,34,0,CPU-Node-9,100,472
2026-01-14 09:40:00,CPU,Medium,73,5,13,user,49,1,CPU-Node-17,100,402
2026-01-14 09:42:00,GPU,Low,79,1,16,user,40,0,GPU-Node-47,100,394
2026-01-14 09:44:00,GPU,Medium,62,2,16,user,37,0,GPU-Node-11,97,423
2026-01-14 09:46:00,CPU,Medium,68,8,11,user,33,1,CPU-Node-11,84,338
2026-01-14 09:48:00,CPU,Medium,74,8,12,user,10,1,CPU-Node-28,97,385
2026-01-14 09:50:00,GPU,Low,81,2,16,user,33,0,GPU-Node-27,100,438
2026-01-14 09:52:00,CPU,High,81,7,11,user,33,1,CPU-Node-45,99,366
2026-01-14 09:54:00,GPU,Medium,89,1,12,user,22,0,GPU-Node-35,100,424
2026-01-14 09:56:00,GPU,Low,98,1,21,user,25,0,GPU-Node-45,100,559
2026-01-14 09:58:00,CPU,High,75,6,16,user,21,0,CPU-Node-39,99,447
2026-01-14 10:00:00,CPU,High,80,9,19,user,22,0,CPU-Node-49,100,499
2026-01-14 10:02:00,CPU,Medium,71,3,17,user,39,0,CPU-Node-8,100,451
2026-01-14 10:04:00,GPU,Medium,79,1,21,user,39,0,GPU-Node-23,100,524
2026-01-14 10:06:00,GPU,Low,77,3,18,user,33,0,GPU-Node-12,100,470
2026-01-14 10:08:00,CPU,Low,86,6,21,admin,34,0,CPU-Node-46,100,515
2026-01-14 10:10:00,GPU,Low,76,3,12,user,27,1,GPU-Node-16,100,379
2026-01-14 10:12:00,CPU,High,76,7,19,user,27,0,CPU-Node-31,100,518
2026-01-14 10:14:00,GPU,Medium,77,0,13,user,19,0,GPU-Node-45,100,377
2026-01-14 10:16:00,CPU,Medium,82,5,19,user,17,0,CPU-Node-29,100,530
2026-01-14 10:18:00,GPU,High,67,2,15,user,8,1,GPU-Node-7,96,399
2026-01-14 10:20:00,GPU,Medium,100,0,20,user,45,0,GPU-Node-16,100,561
2026-01-14 10:22:00,CPU,Low,85,9,20,user,28,0,CPU-Node-13,100,507
2026-01-14 10:24:00,GPU,Low,78,0,22,user,30,0,GPU-Node-47,100,499
2026-01-14 10:26:00,CPU,Medium,69,9,13,user,42,1,CPU-Node-42,94,392
2026-01-14 10:28:00,CPU,Low,72,7,19,admin,24,0,CPU-Node-46,100,488
2026-01-14 10:30:00,CPU,Medium,80,3,13,user,39,1,CPU-Node-2,100,422
2026-01-14 10:32:00,CPU,Medium,71,6,14,user,26,1,CPU-Node-49,94,406
2026-01-14 10:34:00,CPU,High,75,11,12,user,41,1,CPU-Node-40,100,404
2026-01-14 10:36:00,CPU,Medium,58,8,10,user,27,1,CPU-Node-24,69,315
2026-01-14 10:38:00,GPU,Low,74,1,15,user,58,1,GPU-Node-2,100,396
2026-01-14 10:40:00,GPU,Low,63,0,16,user,25,0,GPU-Node-2,96,441
2026-01-14 10:42:00,GPU,Medium,77,2,16,user,27,0,GPU-Node-19,100,456
2026-01-14 10:44:00,CPU,Low,78,10,16,user,40,0,CPU-Node-43,100,445
2026-01-14 10:46:00,CPU,High,79,7,18,user,35,0,CPU-Node-1,100,510
2026-01-14 10:48:00,CPU,Medium,53,7,11,user,29,1,CPU-Node-7,63,326
2026-01-14 10:50:00,CPU,High,68,11,13,user,47,1,CPU-Node-44,98,365
2026-01-14 10:52:00,CPU,Medium,63,9,13,user,12,1,CPU-Node-21,92,339
2026-01-14 10:54:00,CPU,Low,73,4,16,user,31,0,CPU-Node-30,100,439
2026-01-14 10:56:00,CPU,Medium,67,4,14,user,34,1,CPU-Node-11,94,406
2026-01-14 10:58:00,CPU,Low,91,9,16,user,30,0,CPU-Node-45,100,446
2026-01-14 11:00:00,GPU,High,89,1,17,user,33,0,GPU-Node-8,100,480
2026-01-14 11:02:00,CPU,Medium,74,11,13,admin,28,1,CPU-Node-1,98,394
2026-01-14 11:04:00,CPU,Low,85,8,13,user,42,1,CPU-Node-30,100,419
2026-01-14 11:06:00,CPU,High,80,8,13,admin,12,1,CPU-Node-41,100,430
2026-01-14 11:08:00,GPU,Low,83,2,17,user,48,0,GPU-Node-28,100,490
2026-01-14 11:10:00,CPU,Low,61,6,11,user,37,1,CPU-Node-44,80,339
2026-01-14 11:12:00,CPU,Low,75,1,21,admin,43,0,CPU-Node-29,100,509
2026-01-14 11:14:00,GPU,Low,77,1,13,user,5,1,GPU-Node-35,100,372
2026-01-14 11:16:00,CPU,High,80,11,14,user,46,1,CPU-Node-8,100,384
2026-01-14 11:18:00,GPU,High,65,1,10,user,37,1,GPU-Node-4,81,309
2026-01-14 11:20:00,CPU,Medium,69,9,8,user,30,1,CPU-Node-27,85,300
2026-01-14 11:22:00,GPU,High,71,1,17,user,18,0,GPU-Node-41,100,473
2026-01-14 11:24:00,GPU,High,71,1,17,user,26,0,GPU-Node-18,100,451
2026-01-14 11:26:00,CPU,Low,94,2,12,user,14,1,CPU-Node-33,100,432
2026-01-14 11:28:00,GPU,High,81,3,10,admin,16,1,GPU-Node-5,100,341
2026-01-14 11:30:00,GPU,Medium,93,1,20,user,39,0,GPU-Node-41,100,525
2026-01-14 11:32:00,CPU,Low,76,10,13,user,22,1,CPU-Node-42,99,378
2026-01-14 11:34:00,GPU,Medium,79,0,11,user,50,0,GPU-Node-38,99,376
2026-01-14 11:36:00,CPU,Medium,71,6,11,admin,39,1,CPU-Node-43,93,375
2026-01-14 11:38:00,CPU,High,90,5,21,user,5,0,CPU-Node-23,100,533
2026-01-14 11:40:00,GPU,High,80,0,15,user,38,0,GPU-Node-44,100,421
2026-01-14 11:42:00,CPU,Medium,77,9,17,user,21,0,CPU-Node-19,100,505
2026-01-14 11:44:00,GPU,Low,75,2,14,admin,28,1,GPU-Node-2,100,423
2026-01-14 11:46:00,GPU,High,93,1,14,user,5,0,GPU-Node-21,100,433
2026-01-14 11:48:00,GPU,Low,77,0,12,user,51,0,GPU-Node-27,99,410
2026-01-14 11:50:00,GPU,Low,86,2,18,user,11,0,GPU-Node-2,100,509
2026-01-14 11:52:00,GPU,High,57,1,9,user,38,1,GPU-Node-4,76,302
2026-01-14 11:54:00,CPU,Low,69,16,11,admin,21,1,CPU-Node-15,91,348
2026-01-14 11:56:00,GPU,Low,91,3,14,user,44,1,GPU-Node-35,100,458
2026-01-14 11:58:00,CPU,Medium,63,4,16,user,13,0,CPU-Node-45,93,388
2026-01-14 12:00:00,CPU,Medium,67,8,16,admin,34,0,CPU-Node-6,100,459
2026-01-14 12:02:00,GPU,Low,68,3,12,admin,45,1,GPU-Node-5,94,375
2026-01-14 12:04:00,CPU,Medium,56,5,15,user,25,1,CPU-Node-39,84,387
2026-01-14 12:06:00,CPU,Medium,70,8,18,user,43,0,CPU-Node-22,94,423
2026-01-14 12:08:00,GPU,Medium,95,1,14,user,12,0,GPU-Node-47,100,454
2026-01-14 12:10:00,CPU,High,66,7,11,user,14,1,CPU-Node-18,96,334
2026-01-14 12:12:00,GPU,Low,89,2,22,user,29,0,GPU-Node-27,100,544
2026-01-14 12:14:00,GPU,Medium,81,0,17,user,23,0,GPU-Node-20,100,497
2026-01-14 12:16:00,CPU,Medium,76,10,13,user,26,1,CPU-Node-37,100,371
2026-01-14 12:18:00,CPU,Medium,82,9,15,user,28,1,CPU-Node-1,100,426
2026-01-14 12:20:00,GPU,Medium,75,2,13,user,26,1,GPU-Node-15,100,355
2026-01-14 12:22:00,CPU,Low,68,4,19,user,16,0,CPU-Node-44,100,484
2026-01-14 12:24:00,GPU,Medium,78,1,13,user,39,1,GPU-Node-36,100,367
2026-01-14 12:26:00,CPU,Medium,72,4,16,user,22,0,CPU-Node-11,100,424
2026-01-14 12:28:00,CPU,High,55,3,16,user,27,0,CPU-Node-49,87,410
2026-01-14 12:30:00,GPU,High,81,1,20,user,32,0,GPU-Node-25,100,497
2026-01-14 12:32:00,CPU,Medium,57,7,14,user,37,1,CPU-Node-32,94,408
2026-01-14 12:34:00,CPU,High,77,4,20,admin,19,1,CPU-Node-22,100,512
2026-01-14 12:36:00,CPU,High,77,10,14,user,41,1,CPU-Node-21,100,418
2026-01-14 12:38:00,GPU,High,83,1,16,user,17,0,GPU-Node-43,100,458
2026-01-14 12:40:00,GPU,High,65,2,10,user,43,1,GPU-Node-49,78,294
2026-01-14 12:42:00,GPU,Medium,72,2,15,user,23,1,GPU-Node-27,100,410
2026-01-14 12:44:00,CPU,Medium,80,12,14,admin,42,1,CPU-Node-48,100,424
2026-01-14 12:46:00,CPU,Low,70,9,10,user,27,1,CPU-Node-16,92,342
2026-01-14 12:48:00,GPU,Low,58,2,13,admin,37,1,GPU-Node-18,80,345
2026-01-14 12:50:00,CPU,High,52,5,9,user,21,1,CPU-Node-3,74,278
2026-01-14 12:52:00,CPU,High,67,4,13,user,26,1,CPU-Node-47,85,367
2026-01-14 12:54:00,CPU,High,76,5,19,user,29,0,CPU-Node-11,100,484
2026-01-14 12:56:00,CPU,Low,77,15,12,user,36,1,CPU-Node-37,99,372
2026-01-14 12:58:00,GPU,Low,79,3,16,admin,50,0,GPU-Node-26,100,437
2026-01-14 13:00:00,CPU,Medium,64,13,12,user,35,1,CPU-Node-23,89,344
2026-01-14 13:02:00,CPU,Medium,74,9,10,user,27,1,CPU-Node-23,89,389
2026-01-14 13:04:00,CPU,Low,76,8,12,user,34,1,CPU-Node-34,100,416
2026-01-14 13:06:00,GPU,Medium,94,0,21,user,49,0,GPU-Node-23,100,529
2026-01-14 13:08:00,GPU,Low,74,4,13,user,25,1,GPU-Node-9,100,433
2026-01-14 13:10:00,GPU,Medium,80,1,17,admin,25,0,GPU-Node-4,100,457
2026-01-14 13:12:00,GPU,Medium,76,2,17,user,44,0,GPU-Node-40,100,443
2026-01-14 13:14:00,GPU,Medium,78,1,11,user,34,1,GPU-Node-46,97,366
2026-01-14 13:16:00,CPU,High,82,11,18,user,22,0,CPU-Node-36,100,495
2026-01-14 13:18:00,GPU,Medium,83,1,15,user,21,1,GPU-Node-14,100,429
2026-01-14 13:20:00,GPU,High,74,1,16,user,43,0,GPU-Node-6,100,467
2026-01-14 13:22:00,GPU,Low,60,1,7,user,28,1,GPU-Node-43,81,275
2026-01-14 13:24:00,GPU,High,88,1,21,user,48,0,GPU-Node-24,100,552
2026-01-14 13:26:00,GPU,Low,67,0,11,user,38,0,GPU-Node-1,85,376
2026-01-14 13:28:00,CPU,High,79,15,16,admin,32,1,CPU-Node-50,100,455
2026-01-14 13:30:00,CPU,High,85,11,20,admin,42,1,CPU-Node-8,100,517
2026-01-14 13:32:00,GPU,Low,78,3,16,user,19,0,GPU-Node-14,100,424
2026-01-14 13:34:00,CPU,Low,100,6,28,admin,56,0,CPU-Node-25,100,686
2026-01-14 13:36:00,CPU,High,72,6,14,user,28,1,CPU-Node-19,92,405
2026-01-14 13:38:00,GPU,Low,73,0,16,user,13,0,GPU-Node-10,100,427
2026-01-14 13:40:00,CPU,Medium,67,4,15,user,14,1,CPU-Node-5,99,393
2026-01-14 13:42:00,CPU,Medium,71,7,12,user,43,1,CPU-Node-15,99,322
2026-01-14 13:44:00,CPU,Medium,69,2,13,user,28,1,CPU-Node-3,91,388
2026-01-14 13:46:00,GPU,High,65,1,11,user,28,1,GPU-Node-45,91,362
2026-01-14 13:48:00,CPU,High,71,9,16,user,18,0,CPU-Node-9,100,414
2026-01-14 13:50:00,CPU,Medium,63,13,8,admin,32,1,CPU-Node-43,76,306
2026-01-14 13:52:00,GPU,Medium,87,4,23,user,26,0,GPU-Node-36,100,561
2026-01-14 13:54:00,CPU,Medium,81,9,14,user,38,1,CPU-Node-24,100,436
2026-01-14 13:56:00,GPU,High,73,0,11,user,30,0,GPU-Node-30,98,364
2026-01-14 13:58:00,GPU,Medium,68,2,12,user,32,1,GPU-Node-11,90,360
2026-01-14 14:00:00,CPU,Medium,78,6,14,user,23,1,CPU-Node-6,100,396
2026-01-14 14:02:00,GPU,High,74,1,13,user,33,1,GPU-Node-1,96,377
2026-01-14 14:04:00,CPU,Low,77,6,13,user,48,1,CPU-Node-23,100,389
2026-01-14 14:06:00,GPU,High,91,1,20,user,33,0,GPU-Node-34,100,533
2026-01-14 14:08:00,CPU,High,73,5,20,user,23,0,CPU-Node-27,100,505
2026-01-14 14:10:00,GPU,High,77,2,22,user,29,0,GPU-Node-21,100,527
2026-01-14 14:12:00,CPU,Medium,86,9,19,user,30,0,CPU-Node-19,100,517
2026-01-14 14:14:00,CPU,High,80,6,16,user,32,0,CPU-Node-9,100,448
2026-01-14 14:16:00,CPU,Low,80,1,20,user,36,0,CPU-Node-9,100,491
2026-01-14 14:18:00,GPU,Medium,68,1,12,user,26,1,GPU-Node-24,94,407
2026-01-14 14:20:00,CPU,Medium,76,2,8,user,19,1,CPU-Node-9,99,332
2026-01-14 14:22:00,GPU,Medium,93,3,16,user,36,0,GPU-Node-41,100,496
2026-01-14 14:24:00,CPU,High,74,6,13,admin,28,1,CPU-Node-25,100,396
2026-01-14 14:26:00,GPU,Low,92,0,13,user,37,0,GPU-Node-38,100,433
2026-01-14 14:28:00,CPU,High,75,5,15,user,34,1,CPU-Node-40,100,433
2026-01-14 14:30:00,GPU,Medium,75,1,13,user,29,1,GPU-Node-9,97,434
2026-01-14 14:32:00,CPU,Medium,97,7,18,user,35,0,CPU-Node-14,100,501
2026-01-14 14:34:00,CPU,Low,57,8,9,user,42,1,CPU-Node-33,68,270
2026-01-14 14:36:00,GPU,Medium,77,2,11,user,11,1,GPU-Node-34,100,363
2026-01-14 14:38:00,CPU,Medium,65,8,14,admin,19,1,CPU-Node-3,91,367
2026-01-14 14:40:00,CPU,High,73,11,13,admin,38,1,CPU-Node-4,100,394
2026-01-14 14:42:00,CPU,Medium,73,12,18,user,17,0,CPU-Node-16,100,464
2026-01-14 14:44:00,CPU,Medium,68,7,13,user,35,1,CPU-Node-29,84,415
2026-01-14 14:46:00,GPU,Low,86,0,16,user,19,0,GPU-Node-17,100,456
2026-01-14 14:48:00,CPU,Low,80,6,15,user,18,1,CPU-Node-43,100,410
2026-01-14 14:50:00,CPU,Medium,88,13,16,user,31,0,CPU-Node-50,100,447
2026-01-14 14:52:00,CPU,Low,84,12,15,user,38,1,CPU-Node-28,100,463
2026-01-14 14:54:00,GPU,Low,82,2,11,user,36,1,GPU-Node-23,100,387
2026-01-14 14:56:00,CPU,Medium,69,1,17,user,34,0,CPU-Node-20,100,401
2026-01-14 14:58:00,CPU,Low,59,12,14,admin,35,1,CPU-Node-49,89,387
2026-01-14 15:00:00,CPU,Low,87,12,13,admin,23,1,CPU-Node-30,100,399
2026-01-14 15:02:00,GPU,Medium,74,1,15,user,16,1,GPU-Node-13,94,432
2026-01-14 15:04:00,CPU,Low,95,10,16,user,21,0,CPU-Node-27,100,479
2026-01-14 15:06:00,CPU,Medium,77,6,14,admin,28,1,CPU-Node-39,99,441
2026-01-14 15:08:00,CPU,High,70,11,10,admin,19,1,CPU-Node-29,78,340
2026-01-14 15:10:00,CPU,Medium,74,12,13,admin,31,1,CPU-Node-39,95,394
2026-01-14 15:12:00,CPU,Medium,52,4,12,user,38,1,CPU-Node-29,74,343
2026-01-14 15:14:00,CPU,Medium,57,5,11,user,34,1,CPU-Node-37,80,378
2026-01-14 15:16:00,CPU,Medium,74,9,17,user,40,0,CPU-Node-8,100,450
2026-01-14 15:18:00,GPU,Medium,71,2,13,user,38,1,GPU-Node-6,99,373
2026-01-14 15:20:00,CPU,Medium,99,7,17,admin,38,0,CPU-Node-31,100,506
2026-01-14 15:22:00,CPU,Medium,72,2,18,user,32,0,CPU-Node-47,100,474
2026-01-14 15:24:00,CPU,Low,59,10,8,admin,28,1,CPU-Node-13,82,288
2026-01-14 15:26:00,GPU,Medium,82,1,14,user,34,1,GPU-Node-35,100,401
2026-01-14 15:28:00,CPU,Medium,95,7,18,user,23,0,CPU-Node-29,100,512
2026-01-14 15:30:00,CPU,High,81,9,16,user,20,0,CPU-Node-4,100,423
2026-01-14 15:32:00,CPU,High,77,6,16,user,30,0,CPU-Node-44,100,441
2026-01-14 15:34:00,CPU,High,74,3,16,user,5,0,CPU-Node-24,100,489
2026-01-14 15:36:00,GPU,Medium,75,0,12,user,32,0,GPU-Node-35,93,379
2026-01-14 15:38:00,GPU,Low,60,3,8,user,19,1,GPU-Node-9,79,272
2026-01-14 15:40:00,CPU,High,62,9,15,user,11,1,CPU-Node-43,93,401
2026-01-14 15:42:00,CPU,High,74,6,22,user,15,0,CPU-Node-11,100,544
2026-01-14 15:44:00,GPU,High,89,1,23,user,23,0,GPU-Node-22,100,576
2026-01-14 15:46:00,CPU,Low,76,12,14,user,27,1,CPU-Node-50,96,426
2026-01-14 15:48:00,CPU,Low,71,6,19,user,31,0,CPU-Node-48,100,481
2026-01-14 15:50:00,CPU,High,72,3,19,user,13,0,CPU-Node-4,100,445
2026-01-14 15:52:00,GPU,Medium,83,2,17,user,35,0,GPU-Node-25,100,464
2026-01-14 15:54:00,GPU,Low,87,4,16,user,20,0,GPU-Node-13,100,477
2026-01-14 15:56:00,CPU,Low,70,5,11,user,49,1,CPU-Node-4,94,350
2026-01-14 15:58:00,CPU,High,75,4,10,user,28,1,CPU-Node-7,100,349
2026-01-14 16:00:00,CPU,High,73,12,16,user,27,0,CPU-Node-43,100,468
2026-01-14 16:02:00,CPU,Low,77,6,16,user,29,0,CPU-Node-24,100,435
2026-01-14 16:04:00,CPU,Medium,86,4,17,user,48,0,CPU-Node-32,100,479
2026-01-14 16:06:00,GPU,High,48,0,8,user,39,0,GPU-Node-7,67,231
2026-01-14 16:08:00,GPU,High,69,2,17,user,19,0,GPU-Node-20,100,438
2026-01-14 16:10:00,GPU,High,77,2,19,user,30,0,GPU-Node-17,100,495
2026-01-14 16:12:00,GPU,Medium,82,2,20,user,42,0,GPU-Node-3,100,531
2026-01-14 16:14:00,CPU,High,75,4,18,user,24,0,CPU-Node-6,100,493
2026-01-14 16:16:00,CPU,High,69,7,14,user,16,1,CPU-Node-21,90,392
2026-01-14 16:18:00,GPU,Medium,72,1,19,user,45,0,GPU-Node-30,100,468
2026-01-14 16:20:00,GPU,Low,83,3,15,admin,31,1,GPU-Node-6,100,433
2026-01-14 16:22:00,CPU,Medium,70,5,11,user,25,1,CPU-Node-35,91,363
2026-01-14 16:24:00,GPU,Medium,68,1,12,user,25,1,GPU-Node-8,88,383
2026-01-14 16:26:00,GPU,High,64,1,15,user,5,1,GPU-Node-7,96,399
2026-01-14 16:28:00,CPU,Medium,80,11,17,user,22,0,CPU-Node-10,100,465
2026-01-14 16:30:00,CPU,High,76,5,18,admin,37,1,CPU-Node-44,100,472
2026-01-14 16:32:00,CPU,Medium,85,10,12,admin,35,1,CPU-Node-12,100,439
2026-01-14 16:34:00,CPU,Low,77,2,15,user,29,1,CPU-Node-8,100,418
2026-01-14 16:36:00,CPU,Medium,83,14,18,user,28,0,CPU-Node-44,100,480
2026-01-14 16:38:00,GPU,Medium,76,1,10,user,23,1,GPU-Node-27,94,331
2026-01-14 16:40:00,CPU,High,65,8,12,admin,27,1,CPU-Node-36,89,392
2026-01-14 16:42:00,CPU,Low,75,3,16,user,46,0,CPU-Node-42,100,487
2026-01-14 16:44:00,GPU,Medium,75,0,17,user,19,0,GPU-Node-41,100,432
2026-01-14 16:46:00,CPU,Low,83,4,10,user,18,1,CPU-Node-48,100,372
2026-01-14 16:48:00,GPU,High,67,1,10,user,35,1,GPU-Node-25,89,347
2026-01-14 16:50:00,CPU,High,81,10,20,user,34,0,CPU-Node-13,100,505
2026-01-14 16:52:00,CPU,Medium,91,12,16,user,15,0,CPU-Node-29,100,490
2026-01-14 16:54:00,CPU,Medium,74,8,12,user,43,1,CPU-Node-6,100,384
2026-01-14 16:56:00,GPU,Medium,60,3,15,user,25,1,GPU-Node-11,82,392
2026-01-14 16:58:00,CPU,Low,80,10,15,user,24,1,CPU-Node-45,100,411
2026-01-14 17:00:00,CPU,High,84,3,16,admin,28,1,CPU-Node-12,100,429
2026-01-14 17:02:00,CPU,Medium,67,8,15,admin,32,1,CPU-Node-2,99,417
2026-01-14 17:04:00,CPU,High,84,10,16,user,34,0,CPU-Node-5,100,449
2026-01-14 17:06:00,CPU,Low,70,7,18,user,37,0,CPU-Node-5,100,451
2026-01-14 17:08:00,CPU,Low,83,5,19,user,15,0,CPU-Node-40,100,515
2026-01-14 17:10:00,CPU,Low,68,10,11,user,41,1,CPU-Node-12,79,325
2026-01-14 17:12:00,CPU,Low,56,6,10,user,32,1,CPU-Node-33,77,306
2026-01-14 17:14:00,CPU,Medium,92,12,19,user,40,0,CPU-Node-49,100,507
2026-01-14 17:16:00,CPU,High,90,5,23,user,37,0,CPU-Node-4,100,540
2026-01-14 17:18:00,GPU,High,70,2,14,user,27,1,GPU-Node-48,99,401
2026-01-14 17:20:00,CPU,Medium,76,2,13,user,21,1,CPU-Node-24,100,396
2026-01-14 17:22:00,CPU,High,71,7,14,admin,35,1,CPU-Node-15,99,407
2026-01-14 17:24:00,CPU,Medium,79,7,15,user,20,1,CPU-Node-19,100,390
2026-01-14 17:26:00,CPU,High,88,4,14,admin,29,1,CPU-Node-29,100,476
2026-01-14 17:28:00,CPU,Medium,79,3,19,admin,24,0,CPU-Node-41,100,492
2026-01-14 17:30:00,CPU,Medium,69,5,14,user,19,1,CPU-Node-8,98,402
2026-01-14 17:32:00,CPU,Low,60,6,9,user,35,1,CPU-Node-23,80,296
2026-01-14 17:34:00,CPU,Low,73,3,14,user,28,1,CPU-Node-34,100,378
2026-01-14 17:36:00,CPU,Medium,85,6,16,admin,30,0,CPU-Node-3,100,471
2026-01-14 17:38:00,CPU,Low,75,11,12,user,26,1,CPU-Node-19,100,375
2026-01-14 17:40:00,CPU,Low,76,11,15,admin,30,1,CPU-Node-11,100,411
2026-01-14 17:42:00,CPU,Medium,57,11,11,user,37,1,CPU-Node-6,78,342
2026-01-14 17:44:00,GPU,Medium,71,0,18,user,29,0,GPU-Node-24,100,465
2026-01-14 17:46:00,CPU,Medium,81,7,22,user,32,0,CPU-Node-41,100,530
2026-01-14 17:48:00,CPU,High,63,9,12,user,11,1,CPU-Node-39,94,350
2026-01-14 17:50:00,CPU,High,72,7,17,user,37,0,CPU-Node-40,100,454
2026-01-14 17:52:00,CPU,Medium,62,11,12,admin,34,1,CPU-Node-45,75,373
2026-01-14 17:54:00,CPU,Medium,73,10,19,admin,21,0,CPU-Node-36,100,471
2026-01-14 17:56:00,CPU,Low,76,5,14,user,20,1,CPU-Node-6,99,432
2026-01-14 17:58:00,CPU,Medium,72,1,13,user,30,1,CPU-Node-22,95,367
2026-01-14 18:00:00,CPU,Medium,62,3,13,user,47,1,CPU-Node-35,89,384
2026-01-14 18:02:00,CPU,Medium,71,10,15,admin,25,1,CPU-Node-48,99,417
2026-01-14 18:04:00,CPU,High,76,11,19,user,31,0,CPU-Node-44,100,475
2026-01-14 18:06:00,CPU,Medium,88,10,18,user,24,0,CPU-Node-46,100,484
2026-01-14 18:08:00,GPU,Medium,93,2,18,user,28,0,GPU-Node-33,100,495
2026-01-14 18:10:00,CPU,Low,92,8,15,user,22,1,CPU-Node-19,100,450
2026-01-14 18:12:00,GPU,Medium,65,2,9,user,25,1,GPU-Node-15,83,292
2026-01-14 18:14:00,CPU,Medium,71,3,16,user,35,0,CPU-Node-5,100,456
2026-01-14 18:16:00,CPU,Low,73,7,12,user,10,1,CPU-Node-6,94,361
2026-01-14 18:18:00,GPU,Medium,57,3,9,user,27,1,GPU-Node-19,68,314
2026-01-14 18:20:00,CPU,Low,69,12,13,user,27,1,CPU-Node-2,96,362
2026-01-14 18:22:00,CPU,Low,61,10,15,user,17,1,CPU-Node-2,96,413
2026-01-14 18:24:00,GPU,High,69,2,16,user,31,0,GPU-Node-25,100,393
2026-01-14 18:26:00,GPU,Medium,77,1,12,admin,41,1,GPU-Node-14,98,405
2026-01-14 18:28:00,CPU,Medium,74,7,15,admin,39,1,CPU-Node-11,100,413
2026-01-14 18:30:00,CPU,High,75,7,15,user,39,1,CPU-Node-9,99,427
2026-01-14 18:32:00,CPU,Medium,77,7,17,user,54,0,CPU-Node-37,100,435
2026-01-14 18:34:00,CPU,High,78,10,14,user,29,1,CPU-Node-40,100,398
2026-01-14 18:36:00,GPU,Medium,68,0,14,user,25,0,GPU-Node-7,93,412
2026-01-14 18:38:00,GPU,Medium,57,0,9,user,13,0,GPU-Node-49,88,280
2026-01-14 18:40:00,CPU,Medium,76,8,15,user,42,1,CPU-Node-45,100,407
2026-01-14 18:42:00,GPU,Medium,63,2,11,user,28,1,GPU-Node-18,86,325
2026-01-14 18:44:00,CPU,Low,68,8,9,user,44,1,CPU-Node-34,86,327
2026-01-14 18:46:00,CPU,High,60,10,12,user,8,1,CPU-Node-27,73,371
2026-01-14 18:48:00,CPU,Low,71,10,12,user,22,1,CPU-Node-19,94,381
2026-01-14 18:50:00,CPU,Low,67,2,16,user,27,0,CPU-Node-44,98,451
2026-01-14 18:52:00,CPU,Medium,79,6,16,user,16,0,CPU-Node-32,100,400
2026-01-14 18:54:00,GPU,High,75,4,15,user,34,1,GPU-Node-29,100,399
2026-01-14 18:56:00,GPU,Low,66,1,16,user,5,0,GPU-Node-33,100,432
2026-01-14 18:58:00,CPU,High,85,6,15,user,51,1,CPU-Node-4,100,454
2026-01-14 19:00:00,CPU,Medium,35,8,12,user,33,1,CPU-Node-9,62,312
2026-01-14 19:02:00,CPU,Medium,18,6,3,user,29,1,CPU-Node-8,19,129
2026-01-14 19:04:00,CPU,High,39,10,8,user,31,1,CPU-Node-36,63,252
2026-01-14 19:06:00,CPU,High,29,6,5,user,40,1,CPU-Node-35,33,169
2026-01-14 19:08:00,CPU,Medium,35,7,6,user,23,1,CPU-Node-20,48,202
2026-01-14 19:10:00,GPU,High,38,2,5,user,37,1,GPU-Node-3,44,201
2026-01-14 19:12:00,GPU,Low,37,0,3,user,25,0,GPU-Node-7,48,151
2026-01-14 19:14:00,GPU,Low,26,3,5,user,37,1,GPU-Node-2,32,182
2026-01-14 19:16:00,CPU,Low,47,13,9,user,40,1,CPU-Node-24,61,297
2026-01-14 19:18:00,GPU,High,23,1,7,user,38,1,GPU-Node-39,45,217
2026-01-14 19:20:00,GPU,Medium,25,1,4,user,40,1,GPU-Node-6,37,193
2026-01-14 19:22:00,CPU,Medium,34,6,3,user,31,1,CPU-Node-2,41,179
2026-01-14 19:24:00,GPU,Medium,31,3,9,user,56,1,GPU-Node-3,50,200
2026-01-14 19:26:00,GPU,Low,50,2,14,user,25,1,GPU-Node-38,78,342
2026-01-14 19:28:00,CPU,High,32,9,6,admin,28,1,CPU-Node-17,46,212
2026-01-14 19:30:00,CPU,Low,57,7,12,user,19,1,CPU-Node-39,87,327
2026-01-14 19:32:00,GPU,High,35,2,8,user,24,1,GPU-Node-32,51,223
2026-01-14 19:34:00,CPU,Low,44,5,8,user,8,1,CPU-Node-10,62,256
2026-01-14 19:36:00,CPU,Medium,15,11,2,user,32,1,CPU-Node-42,18,89
2026-01-14 19:38:00,CPU,Low,21,6,3,user,17,1,CPU-Node-47,20,126
2026-01-14 19:40:00,CPU,Low,53,3,8,user,20,1,CPU-Node-36,69,260
2026-01-14 19:42:00,CPU,Low,38,8,8,user,36,1,CPU-Node-20,51,245
2026-01-14 19:44:00,CPU,Medium,28,8,2,user,6,1,CPU-Node-18,24,167
2026-01-14 19:46:00,CPU,Low,48,6,9,user,33,1,CPU-Node-2,69,332
2026-01-14 19:48:00,GPU,High,44,1,9,user,33,1,GPU-Node-48,53,285
2026-01-14 19:50:00,CPU,Medium,23,9,0,user,30,1,CPU-Node-19,28,103
2026-01-14 19:52:00,CPU,High,27,7,12,user,46,1,CPU-Node-36,48,287
2026-01-14 19:54:00,GPU,Low,45,1,9,user,34,1,GPU-Node-24,58,292
2026-01-14 19:56:00,CPU,Low,28,11,6,user,44,1,CPU-Node-31,31,211
2026-01-14 19:58:00,CPU,High,28,10,2,user,35,1,CPU-Node-34,31,152
2026-01-14 20:00:00,CPU,Medium,38,5,8,user,36,1,CPU-Node-14,54,258
2026-01-14 20:02:00,CPU,Medium,36,3,11,user,5,1,CPU-Node-15,56,287
2026-01-14 20:04:00,CPU,Medium,31,1,10,user,15,1,CPU-Node-13,48,226
2026-01-14 20:06:00,GPU,Medium,25,2,3,user,26,1,GPU-Node-21,23,148
2026-01-14 20:08:00,CPU,Low,42,4,9,user,22,1,CPU-Node-44,57,267
2026-01-14 20:10:00,GPU,Medium,32,1,4,admin,43,1,GPU-Node-24,37,182
2026-01-14 20:12:00,CPU,High,34,6,10,user,42,1,CPU-Node-27,52,276
2026-01-14 20:14:00,CPU,Medium,25,5,3,user,35,1,CPU-Node-19,34,179
2026-01-14 20:16:00,GPU,Medium,36,1,11,user,25,1,GPU-Node-9,60,275
2026-01-14 20:18:00,CPU,High,24,8,5,user,15,1,CPU-Node-19,35,156
2026-01-14 20:20:00,CPU,Medium,26,7,0,user,27,1,CPU-Node-17,27,63
2026-01-14 20:22:00,CPU,High,25,11,2,user,19,1,CPU-Node-27,28,135
2026-01-14 20:24:00,CPU,High,36,7,9,user,32,1,CPU-Node-32,59,226
2026-01-14 20:26:00,CPU,Medium,34,8,8,user,24,1,CPU-Node-9,42,250
2026-01-14 20:28:00,CPU,Medium,21,11,5,user,44,1,CPU-Node-24,36,129
2026-01-14 20:30:00,CPU,Medium,32,7,6,user,11,1,CPU-Node-38,47,203
2026-01-14 20:32:00,CPU,High,48,7,9,user,9,1,CPU-Node-46,70,292
2026-01-14 20:34:00,GPU,High,20,3,12,user,24,1,GPU-Node-40,39,232
2026-01-14 20:36:00,CPU,Medium,21,8,2,user,29,1,CPU-Node-18,30,150
2026-01-14 20:38:00,GPU,Medium,38,1,8,user,38,1,GPU-Node-46,48,269
2026-01-14 20:40:00,CPU,Medium,21,13,0,user,27,1,CPU-Node-48,25,72
2026-01-14 20:42:00,CPU,High,33,1,2,user,27,1,CPU-Node-30,39,132
2026-01-14 20:44:00,CPU,Low,37,12,11,admin,38,1,CPU-Node-17,57,309
2026-01-14 20:46:00,GPU,Low,33,1,2,user,44,1,GPU-Node-42,34,154
2026-01-14 20:48:00,CPU,Medium,27,4,10,user,27,1,CPU-Node-32,45,253
2026-01-14 20:50:00,CPU,Low,31,7,1,user,22,1,CPU-Node-36,31,128
2026-01-14 20:52:00,GPU,Low,46,1,12,user,31,1,GPU-Node-47,58,324
2026-01-14 20:54:00,CPU,High,29,7,5,user,26,1,CPU-Node-47,34,171
2026-01-14 20:56:00,GPU,Low,41,1,0,admin,30,1,GPU-Node-50,40,137
2026-01-14 20:58:00,GPU,Medium,44,2,11,user,18,1,GPU-Node-44,59,284
2026-01-14 21:00:00,CPU,Medium,26,9,3,user,14,1,CPU-Node-31,31,177
2026-01-14 21:02:00,GPU,High,21,1,9,user,28,1,GPU-Node-23,45,223
2026-01-14 21:04:00,GPU,Low,34,1,3,user,28,1,GPU-Node-10,35,167
2026-01-14 21:06:00,CPU,Low,39,8,10,user,25,1,CPU-Node-36,51,249
2026-01-14 21:08:00,GPU,Medium,26,4,1,user,29,1,GPU-Node-23,26,103
2026-01-14 21:10:00,GPU,High,47,2,8,user,39,1,GPU-Node-4,61,270
2026-01-14 21:12:00,CPU,Low,42,5,13,user,22,1,CPU-Node-5,63,321
2026-01-14 21:14:00,CPU,Low,33,6,8,user,26,1,CPU-Node-31,46,260
2026-01-14 21:16:00,CPU,High,30,10,6,user,34,1,CPU-Node-42,43,234
2026-01-14 21:18:00,CPU,Low,35,13,8,user,57,1,CPU-Node-29,49,264
2026-01-14 21:20:00,GPU,High,32,3,6,user,24,1,GPU-Node-32,48,176
2026-01-14 21:22:00,GPU,Low,41,0,12,admin,30,0,GPU-Node-24,63,341
2026-01-14 21:24:00,CPU,Low,26,2,1,user,55,1,CPU-Node-14,27,109
2026-01-14 21:26:00,CPU,Low,31,4,6,user,5,1,CPU-Node-50,41,155
2026-01-14 21:28:00,GPU,Medium,33,2,5,user,22,1,GPU-Node-33,44,186
2026-01-14 21:30:00,CPU,High,41,6,7,user,35,1,CPU-Node-45,51,211
2026-01-14 21:32:00,CPU,Medium,40,3,5,user,29,1,CPU-Node-6,44,202
2026-01-14 21:34:00,GPU,High,43,1,7,user,32,1,GPU-Node-12,54,243
2026-01-14 21:36:00,GPU,Medium,44,0,6,user,38,0,GPU-Node-34,56,254
2026-01-14 21:38:00,CPU,Medium,24,9,5,admin,40,1,CPU-Node-45,34,144
2026-01-14 21:40:00,CPU,High,36,6,1,user,5,1,CPU-Node-8,33,149
2026-01-14 21:42:00,GPU,High,23,3,5,admin,17,1,GPU-Node-20,34,173
2026-01-14 21:44:00,CPU,Low,15,7,1,user,18,1,CPU-Node-30,21,89
2026-01-14 21:46:00,CPU,Low,39,7,7,user,39,1,CPU-Node-38,56,230
2026-01-14 21:48:00,CPU,Low,37,6,13,user,43,1,CPU-Node-30,66,332
2026-01-14 21:50:00,CPU,Low,33,1,3,user,21,1,CPU-Node-43,36,165
2026-01-14 21:52:00,CPU,Medium,31,12,4,user,18,1,CPU-Node-15,30,198
2026-01-14 21:54:00,GPU,Medium,10,1,5,user,26,1,GPU-Node-31,12,155
2026-01-14 21:56:00,GPU,High,32,0,6,user,31,0,GPU-Node-23,55,188
2026-01-14 21:58:00,GPU,Medium,34,0,7,user,20,0,GPU-Node-3,43,216
2026-01-14 22:00:00,GPU,Medium,32,0,6,user,43,0,GPU-Node-44,42,184
2026-01-14 22:02:00,GPU,Medium,43,1,11,user,25,1,GPU-Node-15,68,347
2026-01-14 22:04:00,CPU,Low,45,5,11,user,32,1,CPU-Node-36,62,304
2026-01-14 22:06:00,GPU,High,30,1,6,admin,18,1,GPU-Node-3,41,195
2026-01-14 22:08:00,CPU,Low,48,11,12,user,37,1,CPU-Node-15,71,333
2026-01-14 22:10:00,CPU,Low,34,8,2,user,31,1,CPU-Node-8,32,147
2026-01-14 22:12:00,GPU,Medium,29,1,3,admin,22,1,GPU-Node-4,30,172
2026-01-14 22:14:00,CPU,High,41,5,7,user,31,1,CPU-Node-2,56,233
2026-01-14 22:16:00,CPU,Medium,24,10,11,user,26,1,CPU-Node-43,46,273
2026-01-14 22:18:00,CPU,High,46,3,2,user,24,1,CPU-Node-15,50,136
2026-01-14 22:20:00,CPU,Medium,40,1,8,user,39,1,CPU-Node-17,58,241
2026-01-14 22:22:00,CPU,High,26,6,4,admin,38,1,CPU-Node-44,36,129
2026-01-14 22:24:00,GPU,High,36,2,7,user,18,1,GPU-Node-31,46,248
2026-01-14 22:26:00,GPU,Low,22,2,4,user,50,1,GPU-Node-19,30,127
2026-01-14 22:28:00,GPU,High,26,1,1,user,33,1,GPU-Node-27,25,109
2026-01-14 22:30:00,CPU,Low,49,8,8,user,40,1,CPU-Node-27,56,245
2026-01-14 22:32:00,GPU,Low,34,0,8,user,24,0,GPU-Node-8,51,257
2026-01-14 22:34:00,GPU,Medium,49,0,8,user,42,0,GPU-Node-32,70,266
2026-01-14 22:36:00,CPU,High,37,4,9,user,27,1,CPU-Node-38,55,256
2026-01-14 22:38:00,CPU,Medium,27,10,7,admin,40,1,CPU-Node-45,44,190
2026-01-14 22:40:00,CPU,Low,41,6,11,user,20,1,CPU-Node-4,57,284
2026-01-14 22:42:00,GPU,High,37,0,7,user,40,0,GPU-Node-39,50,247
2026-01-14 22:44:00,GPU,Low,53,2,9,user,37,1,GPU-Node-20,78,319
2026-01-14 22:46:00,CPU,Medium,34,4,8,user,29,1,CPU-Node-21,52,285
2026-01-14 22:48:00,CPU,Medium,34,10,6,user,19,1,CPU-Node-16,47,177
2026-01-14 22:50:00,CPU,Medium,30,9,4,user,38,1,CPU-Node-50,32,121
2026-01-14 22:52:00,CPU,Medium,16,9,0,admin,31,1,CPU-Node-16,15,84
2026-01-14 22:54:00,CPU,Low,54,5,9,user,22,1,CPU-Node-39,69,319
2026-01-14 22:56:00,CPU,Low,39,6,5,user,34,1,CPU-Node-26,45,183
2026-01-14 22:58:00,GPU,Low,38,1,6,admin,15,1,GPU-Node-2,50,202
2026-01-14 23:00:00,GPU,Low,41,4,9,user,32,1,GPU-Node-13,57,271
2026-01-14 23:02:00,GPU,Low,51,2,8,user,29,1,GPU-Node-30,66,275
2026-01-14 23:04:00,CPU,Medium,56,8,11,user,30,1,CPU-Node-38,74,308
2026-01-14 23:06:00,CPU,High,44,6,11,user,20,1,CPU-Node-4,61,289
2026-01-14 23:08:00,CPU,Low,41,10,6,user,11,1,CPU-Node-45,55,208
2026-01-14 23:10:00,GPU,Medium,29,2,7,user,22,1,GPU-Node-47,39,219
2026-01-14 23:12:00,GPU,High,57,4,11,user,32,1,GPU-Node-36,80,303
2026-01-14 23:14:00,CPU,Low,37,9,5,user,40,1,CPU-Node-15,49,189
2026-01-14 23:16:00,CPU,High,43,8,6,user,33,1,CPU-Node-25,54,221
2026-01-14 23:18:00,CPU,Medium,49,9,9,admin,28,1,CPU-Node-5,65,290
2026-01-14 23:20:00,CPU,Medium,45,9,11,user,17,1,CPU-Node-16,69,314
2026-01-14 23:22:00,GPU,Medium,31,0,1,user,9,0,GPU-Node-27,37,135
2026-01-14 23:24:00,CPU,Medium,40,8,12,user,43,1,CPU-Node-37,70,307
2026-01-14 23:26:00,CPU,Low,39,6,7,user,32,1,CPU-Node-14,51,251
2026-01-14 23:28:00,CPU,Medium,31,12,4,user,22,1,CPU-Node-10,33,172
2026-01-14 23:30:00,CPU,Low,50,8,5,user,24,1,CPU-Node-36,65,230
2026-01-14 23:32:00,GPU,High,37,2,6,user,27,1,GPU-Node-45,45,219
2026-01-14 23:34:00,GPU,Medium,39,0,8,user,36,0,GPU-Node-4,57,233
2026-01-14 23:36:00,CPU,Low,13,5,0,user,42,1,CPU-Node-32,16,64
2026-01-14 23:38:00,GPU,High,25,1,2,user,37,1,GPU-Node-14,29,120
2026-01-14 23:40:00,CPU,High,27,4,4,user,21,1,CPU-Node-5,36,151
2026-01-14 23:42:00,GPU,Medium,14,3,0,user,35,1,GPU-Node-5,12,90
2026-01-14 23:44:00,CPU,Low,24,2,4,admin,39,1,CPU-Node-47,34,133
2026-01-14 23:46:00,CPU,High,29,9,6,user,21,1,CPU-Node-46,40,195
2026-01-14 23:48:00,GPU,Medium,38,2,5,user,29,1,GPU-Node-20,46,195
2026-01-14 23:50:00,GPU,High,10,3,0,user,44,1,GPU-Node-10,11,89
2026-01-14 23:52:00,GPU,Medium,40,2,5,user,23,1,GPU-Node-42,44,190
2026-01-14 23:54:00,CPU,Low,33,9,8,user,38,1,CPU-Node-41,46,241
2026-01-14 23:56:00,CPU,Medium,30,10,8,user,21,1,CPU-Node-48,38,271
2026-01-14 23:58:00,CPU,High,45,9,6,user,56,1,CPU-Node-44,62,253
2026-01-15 00:00:00,GPU,Low,40,0,6,user,41,0,GPU-Node-49,47,217
2026-01-15 00:02:00,CPU,High,34,5,6,admin,29,1,CPU-Node-26,42,199
2026-01-15 00:04:00,GPU,Medium,25,2,7,user,28,1,GPU-Node-50,43,174
2026-01-15 00:06:00,CPU,Low,46,6,11,user,25,1,CPU-Node-47,68,360
2026-01-15 00:08:00,GPU,Medium,40,2,7,user,37,1,GPU-Node-6,53,230
2026-01-15 00:10:00,CPU,Medium,37,10,8,user,43,1,CPU-Node-48,54,240
2026-01-15 00:12:00,CPU,Low,40,6,13,user,31,1,CPU-Node-23,63,334
2026-01-15 00:14:00,GPU,High,37,2,7,user,26,1,GPU-Node-33,55,200
2026-01-15 00:16:00,CPU,Medium,36,6,12,admin,25,1,CPU-Node-2,67,288
2026-01-15 00:18:00,GPU,Low,19,3,7,user,34,1,GPU-Node-3,36,196
2026-01-15 00:20:00,GPU,Medium,50,1,6,user,6,1,GPU-Node-25,57,219
2026-01-15 00:22:00,CPU,High,38,4,8,user,52,1,CPU-Node-46,53,260
2026-01-15 00:24:00,CPU,Low,43,11,9,user,27,1,CPU-Node-18,59,246
2026-01-15 00:26:00,CPU,Medium,43,8,11,admin,16,1,CPU-Node-28,71,271
2026-01-15 00:28:00,CPU,Low,16,8,4,user,35,1,CPU-Node-7,30,177
2026-01-15 00:30:00,GPU,Low,39,1,9,user,26,1,GPU-Node-22,51,246
2026-01-15 00:32:00,CPU,High,35,8,2,admin,19,1,CPU-Node-20,38,136
2026-01-15 00:34:00,GPU,High,43,2,10,admin,21,1,GPU-Node-48,60,263
2026-01-15 00:36:00,CPU,Low,27,8,8,admin,35,1,CPU-Node-16,41,240
2026-01-15 00:38:00,CPU,Medium,40,6,9,user,29,1,CPU-Node-13,53,196
2026-01-15 00:40:00,CPU,Low,25,4,0,user,16,1,CPU-Node-21,23,107
2026-01-15 00:42:00,CPU,High,36,8,6,user,39,1,CPU-Node-1,52,172
2026-01-15 00:44:00,GPU,High,37,2,0,user,9,1,GPU-Node-39,30,76
2026-01-15 00:46:00,CPU,Low,58,11,12,user,45,1,CPU-Node-41,83,349
2026-01-15 00:48:00,GPU,Low,33,1,6,user,49,1,GPU-Node-50,44,220
2026-01-15 00:50:00,CPU,Low,38,7,10,user,38,1,CPU-Node-33,60,278
2026-01-15 00:52:00,GPU,Low,18,3,2,user,29,1,GPU-Node-37,14,81
2026-01-15 00:54:00,GPU,Low,54,2,14,admin,24,1,GPU-Node-41,79,362
2026-01-15 00:56:00,CPU,Medium,38,10,8,user,17,1,CPU-Node-14,55,276
2026-01-15 00:58:00,CPU,Medium,29,3,3,user,14,1,CPU-Node-26,38,136
2026-01-15 01:00:00,CPU,Medium,35,5,5,user,23,1,CPU-Node-46,43,190
2026-01-15 01:02:00,GPU,High,46,1,9,user,31,1,GPU-Node-30,59,293
2026-01-15 01:04:00,GPU,Medium,30,1,3,admin,28,1,GPU-Node-16,30,145
2026-01-15 01:06:00,GPU,Medium,13,2,3,user,49,1,GPU-Node-9,25,160
2026-01-15 01:08:00,CPU,Low,47,7,11,user,42,1,CPU-Node-22,68,270
2026-01-15 01:10:00,CPU,Medium,57,1,11,user,35,1,CPU-Node-8,81,375
2026-01-15 01:12:00,CPU,High,25,2,4,user,18,1,CPU-Node-2,32,128
2026-01-15 01:14:00,CPU,Medium,30,8,4,user,22,1,CPU-Node-30,30,143
2026-01-15 01:16:00,CPU,Low,40,6,7,user,28,1,CPU-Node-1,49,230
2026-01-15 01:18:00,CPU,High,43,11,7,user,25,1,CPU-Node-36,57,268
2026-01-15 01:20:00,GPU,High,32,2,4,user,43,1,GPU-Node-45,47,156
2026-01-15 01:22:00,CPU,Medium,29,6,6,user,34,1,CPU-Node-33,37,204
2026-01-15 01:24:00,GPU,High,29,1,2,user,41,1,GPU-Node-18,45,170
2026-01-15 01:26:00,CPU,Medium,45,2,5,user,43,1,CPU-Node-20,61,223
2026-01-15 01:28:00,GPU,Low,51,2,12,admin,35,1,GPU-Node-10,78,320
2026-01-15 01:30:00,CPU,High,32,9,3,user,17,1,CPU-Node-41,35,140
2026-01-15 01:32:00,CPU,Medium,38,10,4,user,20,1,CPU-Node-47,44,204
2026-01-15 01:34:00,CPU,Low,27,8,1,user,42,1,CPU-Node-25,35,123
2026-01-15 01:36:00,GPU,Low,35,1,8,user,12,1,GPU-Node-3,55,248
2026-01-15 01:38:00,GPU,Low,50,2,12,admin,35,1,GPU-Node-33,74,306
2026-01-15 01:40:00,CPU,High,26,12,1,user,28,1,CPU-Node-26,28,115
2026-01-15 01:42:00,CPU,Low,32,13,5,user,50,1,CPU-Node-24,40,174
2026-01-15 01:44:00,CPU,Low,41,8,10,admin,37,1,CPU-Node-47,54,275
2026-01-15 01:46:00,CPU,Medium,47,10,10,user,41,1,CPU-Node-42,62,306
2026-01-15 01:48:00,CPU,Medium,24,9,5,user,35,1,CPU-Node-30,35,157
2026-01-15 01:50:00,GPU,Medium,36,0,8,user,36,0,GPU-Node-17,52,234
2026-01-15 01:52:00,CPU,Medium,40,10,7,admin,32,1,CPU-Node-26,59,196
2026-01-15 01:54:00,CPU,High,34,5,4,user,41,1,CPU-Node-24,45,170
2026-01-15 01:56:00,GPU,Medium,45,1,8,admin,28,1,GPU-Node-15,54,308
2026-01-15 01:58:00,CPU,Medium,32,12,5,user,19,1,CPU-Node-20,38,176
2026-01-15 02:00:00,CPU,High,50,8,9,user,31,1,CPU-Node-5,67,287
2026-01-15 02:02:00,GPU,Medium,10,0,8,user,21,0,GPU-Node-18,18,175
2026-01-15 02:04:00,CPU,Medium,24,10,4,user,29,1,CPU-Node-9,35,154
2026-01-15 02:06:00,CPU,Medium,30,1,5,admin,29,1,CPU-Node-4,43,150
2026-01-15 02:08:00,CPU,High,47,8,12,user,21,1,CPU-Node-43,68,310
2026-01-15 02:10:00,GPU,High,44,3,8,user,29,1,GPU-Node-12,67,230
2026-01-15 02:12:00,GPU,High,46,2,8,user,33,1,GPU-Node-40,63,276
2026-01-15 02:14:00,GPU,Medium,23,3,8,user,50,1,GPU-Node-39,50,223
2026-01-15 02:16:00,CPU,High,56,7,9,user,33,1,CPU-Node-44,65,304
2026-01-15 02:18:00,CPU,Medium,35,7,9,user,40,1,CPU-Node-38,52,241
2026-01-15 02:20:00,CPU,Low,32,9,5,admin,30,1,CPU-Node-12,46,185
2026-01-15 02:22:00,GPU,High,45,2,12,user,26,1,GPU-Node-23,65,311
2026-01-15 02:24:00,CPU,Medium,42,11,6,user,25,1,CPU-Node-44,45,211
2026-01-15 02:26:00,CPU,Low,38,10,5,user,30,1,CPU-Node-2,54,253
2026-01-15 02:28:00,GPU,Medium,43,1,3,user,33,1,GPU-Node-19,52,181
2026-01-15 02:30:00,GPU,High,36,3,7,user,49,1,GPU-Node-27,52,241
2026-01-15 02:32:00,CPU,Medium,25,7,8,user,31,1,CPU-Node-20,37,209
2026-01-15 02:34:00,CPU,Medium,33,7,4,user,29,1,CPU-Node-47,50,150
2026-01-15 02:36:00,CPU,Medium,42,7,7,user,36,1,CPU-Node-3,56,237
2026-01-15 02:38:00,CPU,Low,55,9,8,admin,35,1,CPU-Node-4,66,288
2026-01-15 02:40:00,CPU,High,26,3,6,user,18,1,CPU-Node-3,38,164
2026-01-15 02:42:00,CPU,Low,21,12,5,user,33,1,CPU-Node-4,31,183
2026-01-15 02:44:00,CPU,Low,41,8,10,user,31,1,CPU-Node-19,55,289
2026-01-15 02:46:00,GPU,High,29,1,3,user,37,1,GPU-Node-43,29,146
2026-01-15 02:48:00,CPU,High,23,11,1,user,29,1,CPU-Node-17,27,116
2026-01-15 02:50:00,CPU,High,39,10,10,user,32,1,CPU-Node-45,63,302
2026-01-15 02:52:00,GPU,Low,27,1,3,user,34,1,GPU-Node-50,34,179
2026-01-15 02:54:00,CPU,Low,28,6,8,user,31,1,CPU-Node-7,51,227
2026-01-15 02:56:00,CPU,High,46,3,9,user,20,1,CPU-Node-41,64,306
2026-01-15 02:58:00,GPU,Low,44,1,6,user,40,1,GPU-Node-23,59,206
2026-01-15 03:00:00,GPU,Low,47,1,8,admin,34,1,GPU-Node-39,58,290
2026-01-15 03:02:00,GPU,High,44,1,9,user,43,1,GPU-Node-29,67,248
2026-01-15 03:04:00,GPU,Low,27,2,7,user,16,1,GPU-Node-22,50,180
2026-01-15 03:06:00,CPU,Low,28,8,5,user,21,1,CPU-Node-29,40,212
2026-01-15 03:08:00,CPU,Medium,40,7,9,user,15,1,CPU-Node-26,55,247
2026-01-15 03:10:00,GPU,Low,30,3,5,user,52,1,GPU-Node-44,39,200
2026-01-15 03:12:00,CPU,Low,37,5,2,user,34,1,CPU-Node-33,50,167
2026-01-15 03:14:00,GPU,High,51,3,6,user,30,1,GPU-Node-31,60,242
2026-01-15 03:16:00,CPU,Medium,45,5,9,user,18,1,CPU-Node-27,62,262
2026-01-15 03:18:00,CPU,Medium,30,8,8,user,43,1,CPU-Node-1,38,251
2026-01-15 03:20:00,CPU,Medium,46,10,12,user,19,1,CPU-Node-45,63,325
2026-01-15 03:22:00,CPU,High,51,5,13,user,30,1,CPU-Node-2,78,362
2026-01-15 03:24:00,CPU,High,38,9,9,user,38,1,CPU-Node-48,50,266
2026-01-15 03:26:00,GPU,Medium,34,2,3,admin,23,1,GPU-Node-27,42,164
2026-01-15 03:28:00,CPU,Medium,37,5,9,user,37,1,CPU-Node-18,55,271
2026-01-15 03:30:00,GPU,High,41,1,13,admin,21,1,GPU-Node-5,61,346
2026-01-15 03:32:00,GPU,High,32,3,4,user,29,1,GPU-Node-3,45,201
2026-01-15 03:34:00,CPU,Medium,36,8,7,user,30,1,CPU-Node-5,52,252
2026-01-15 03:36:00,CPU,High,55,10,11,user,33,1,CPU-Node-44,83,304
2026-01-15 03:38:00,CPU,Low,31,8,8,user,49,1,CPU-Node-6,45,219
2026-01-15 03:40:00,CPU,Medium,36,8,6,user,34,1,CPU-Node-2,49,263
2026-01-15 03:42:00,GPU,High,24,2,7,user,44,1,GPU-Node-2,42,192
2026-01-15 03:44:00,CPU,Medium,30,7,7,user,30,1,CPU-Node-17,48,241
2026-01-15 03:46:00,GPU,Medium,34,0,9,user,19,0,GPU-Node-11,53,223
2026-01-15 03:48:00,CPU,Low,49,8,7,user,31,1,CPU-Node-28,54,244
2026-01-15 03:50:00,CPU,High,25,10,5,user,32,1,CPU-Node-9,37,181
2026-01-15 03:52:00,GPU,Medium,44,2,12,user,31,1,GPU-Node-18,69,301
2026-01-15 03:54:00,CPU,High,41,10,10,admin,35,1,CPU-Node-44,57,257
2026-01-15 03:56:00,CPU,Medium,26,10,6,user,32,1,CPU-Node-47,41,209
2026-01-15 03:58:00,CPU,High,32,5,2,user,19,1,CPU-Node-20,35,141
2026-01-15 04:00:00,CPU,High,41,5,8,user,31,1,CPU-Node-48,55,223
2026-01-15 04:02:00,GPU,Medium,41,2,6,user,43,1,GPU-Node-24,51,194
2026-01-15 04:04:00,CPU,Low,33,15,5,admin,24,1,CPU-Node-4,35,215
2026-01-15 04:06:00,CPU,Low,25,5,6,user,32,1,CPU-Node-8,40,205
2026-01-15 04:08:00,GPU,High,19,2,0,user,22,1,GPU-Node-43,23,103
2026-01-15 04:10:00,GPU,High,42,0,13,user,41,0,GPU-Node-7,69,329
2026-01-15 04:12:00,CPU,Medium,38,6,11,user,11,1,CPU-Node-34,57,278
2026-01-15 04:14:00,GPU,Low,44,1,12,admin,50,1,GPU-Node-40,62,299
2026-01-15 04:16:00,GPU,High,54,2,10,user,35,1,GPU-Node-15,73,286
2026-01-15 04:18:00,CPU,Medium,23,12,6,user,48,1,CPU-Node-28,38,196
2026-01-15 04:20:00,CPU,Medium,35,15,6,user,25,1,CPU-Node-17,42,202
2026-01-15 04:22:00,CPU,Medium,29,7,5,admin,26,1,CPU-Node-8,45,190
2026-01-15 04:24:00,CPU,Medium,31,5,6,user,36,1,CPU-Node-7,55,200
2026-01-15 04:26:00,CPU,Low,26,8,8,user,32,1,CPU-Node-20,46,222
2026-01-15 04:28:00,CPU,Medium,28,2,9,user,40,1,CPU-Node-33,46,243
2026-01-15 04:30:00,GPU,Medium,23,2,1,user,31,1,GPU-Node-49,21,121
2026-01-15 04:32:00,GPU,Medium,29,1,7,user,19,1,GPU-Node-19,42,259
2026-01-15 04:34:00,GPU,Medium,30,3,2,user,19,1,GPU-Node-23,30,149
2026-01-15 04:36:00,CPU,Medium,45,7,5,user,24,1,CPU-Node-16,50,199
2026-01-15 04:38:00,CPU,Low,37,7,4,user,36,1,CPU-Node-16,45,188
2026-01-15 04:40:00,GPU,Medium,40,1,12,user,33,1,GPU-Node-39,71,267
2026-01-15 04:42:00,GPU,Medium,40,3,13,user,30,1,GPU-Node-13,63,335
2026-01-15 04:44:00,GPU,Low,45,1,9,user,33,1,GPU-Node-23,62,298
2026-01-15 04:46:00,CPU,Low,43,1,9,user,30,1,CPU-Node-9,65,288
2026-01-15 04:48:00,CPU,Medium,43,9,14,admin,41,1,CPU-Node-8,68,321
2026-01-15 04:50:00,CPU,Medium,31,4,6,user,37,1,CPU-Node-13,48,235
2026-01-15 04:52:00,GPU,Medium,28,4,6,user,22,1,GPU-Node-30,41,212
2026-01-15 04:54:00,CPU,Medium,38,4,6,user,45,1,CPU-Node-35,54,253
2026-01-15 04:56:00,CPU,Medium,27,3,2,user,68,1,CPU-Node-38,30,164
2026-01-15 04:58:00,CPU,Low,22,8,4,user,40,1,CPU-Node-5,29,203
2026-01-15 05:00:00,GPU,High,32,1,13,user,26,1,GPU-Node-30,58,297
2026-01-15 05:02:00,GPU,Low,44,1,12,user,24,1,GPU-Node-41,67,315
2026-01-15 05:04:00,CPU,Medium,39,11,4,user,14,1,CPU-Node-42,50,229
2026-01-15 05:06:00,GPU,High,48,2,5,user,40,1,GPU-Node-10,66,214
2026-01-15 05:08:00,CPU,Low,43,11,8,user,31,1,CPU-Node-4,63,242
2026-01-15 05:10:00,CPU,Low,42,8,8,admin,37,1,CPU-Node-38,55,225
2026-01-15 05:12:00,GPU,Medium,35,3,7,user,44,1,GPU-Node-5,47,248
2026-01-15 05:14:00,GPU,Low,34,0,7,user,16,0,GPU-Node-25,45,216
2026-01-15 05:16:00,CPU,Low,45,5,1,user,29,1,CPU-Node-2,48,143
2026-01-15 05:18:00,GPU,Low,24,2,5,user,42,1,GPU-Node-42,32,181
2026-01-15 05:20:00,GPU,Medium,40,2,9,admin,18,1,GPU-Node-27,56,218
2026-01-15 05:22:00,CPU,Medium,40,4,12,user,15,1,CPU-Node-12,65,318
2026-01-15 05:24:00,CPU,Low,39,2,5,user,14,1,CPU-Node-14,53,214
2026-01-15 05:26:00,CPU,Medium,41,12,11,admin,38,1,CPU-Node-34,60,297
2026-01-15 05:28:00,CPU,High,36,10,5,admin,24,1,CPU-Node-26,37,142
2026-01-15 05:30:00,GPU,High,48,1,9,user,42,1,GPU-Node-9,66,257
2026-01-15 05:32:00,CPU,Low,25,7,5,admin,23,1,CPU-Node-4,37,185
2026-01-15 05:34:00,GPU,High,44,3,4,user,28,1,GPU-Node-36,44,195
2026-01-15 05:36:00,CPU,Medium,27,9,3,admin,18,1,CPU-Node-27,32,139
2026-01-15 05:38:00,GPU,High,40,0,10,user,30,0,GPU-Node-37,56,278
2026-01-15 05:40:00,CPU,Medium,40,12,6,user,41,1,CPU-Node-9,51,200
2026-01-15 05:42:00,GPU,Low,38,2,3,user,19,1,GPU-Node-4,52,130
2026-01-15 05:44:00,GPU,Medium,33,2,8,user,41,1,GPU-Node-16,48,240
2026-01-15 05:46:00,CPU,Medium,26,6,5,user,30,1,CPU-Node-4,43,166
2026-01-15 05:48:00,GPU,High,28,1,5,user,12,1,GPU-Node-27,32,171
2026-01-15 05:50:00,CPU,Medium,25,14,1,user,39,1,CPU-Node-16,31,136
2026-01-15 05:52:00,CPU,Medium,18,9,2,user,39,1,CPU-Node-10,20,110
2026-01-15 05:54:00,CPU,Medium,54,7,15,user,33,1,CPU-Node-7,84,409
2026-01-15 05:56:00,CPU,Low,33,14,4,user,48,1,CPU-Node-1,36,176
2026-01-15 05:58:00,CPU,High,50,8,10,user,32,1,CPU-Node-15,60,323
2026-01-15 06:00:00,GPU,Low,30,0,8,user,37,0,GPU-Node-19,46,228
2026-01-15 06:02:00,CPU,Low,42,5,9,admin,8,1,CPU-Node-37,60,286
2026-01-15 06:04:00,GPU,Low,23,2,2,user,32,1,GPU-Node-28,27,97
2026-01-15 06:06:00,GPU,Medium,40,1,6,user,22,1,GPU-Node-32,44,220
2026-01-15 06:08:00,CPU,High,40,9,13,user,22,1,CPU-Node-24,67,353
2026-01-15 06:10:00,GPU,Medium,47,2,10,user,20,1,GPU-Node-14,68,302
2026-01-15 06:12:00,GPU,Medium,35,2,6,user,25,1,GPU-Node-19,37,192
2026-01-15 06:14:00,GPU,Low,22,3,1,admin,40,1,GPU-Node-13,25,108
2026-01-15 06:16:00,CPU,Low,30,7,5,user,30,1,CPU-Node-20,39,164
2026-01-15 06:18:00,GPU,Medium,31,2,0,user,42,1,GPU-Node-28,31,107
2026-01-15 06:20:00,GPU,Medium,41,1,6,user,36,1,GPU-Node-31,64,239
2026-01-15 06:22:00,CPU,High,43,11,7,user,38,1,CPU-Node-36,55,214
2026-01-15 06:24:00,CPU,Medium,55,7,9,user,18,1,CPU-Node-27,75,292
2026-01-15 06:26:00,GPU,Low,54,2,7,user,21,1,GPU-Node-15,69,289
2026-01-15 06:28:00,CPU,Medium,42,7,12,user,23,1,CPU-Node-10,70,315
2026-01-15 06:30:00,GPU,Medium,54,3,9,user,25,1,GPU-Node-19,72,296
2026-01-15 06:32:00,CPU,Low,21,8,7,user,37,1,CPU-Node-21,31,198
2026-01-15 06:34:00,CPU,Medium,23,7,5,user,33,1,CPU-Node-47,32,162
2026-01-15 06:36:00,CPU,Medium,33,7,7,user,33,1,CPU-Node-4,44,237
2026-01-15 06:38:00,CPU,High,32,8,3,user,31,1,CPU-Node-20,46,143
2026-01-15 06:40:00,GPU,Low,18,2,4,user,31,1,GPU-Node-38,20,140
2026-01-15 06:42:00,CPU,Low,26,7,1,admin,32,1,CPU-Node-45,19,116
2026-01-15 06:44:00,GPU,Medium,38,1,12,admin,33,1,GPU-Node-20,66,309
2026-01-15 06:46:00,CPU,High,31,9,3,user,35,1,CPU-Node-35,42,150
2026-01-15 06:48:00,GPU,Medium,37,2,3,user,37,1,GPU-Node-18,39,139
2026-01-15 06:50:00,CPU,Medium,39,7,6,user,27,1,CPU-Node-7,55,218
2026-01-15 06:52:00,CPU,Low,32,11,6,user,18,1,CPU-Node-21,38,196
2026-01-15 06:54:00,CPU,Medium,47,7,11,user,23,1,CPU-Node-12,64,343
2026-01-15 06:56:00,CPU,Medium,26,8,11,user,42,1,CPU-Node-48,50,305
2026-01-15 06:58:00,CPU,Low,34,7,5,user,27,1,CPU-Node-2,36,195
2026-01-15 07:00:00,CPU,High,31,10,7,user,28,1,CPU-Node-26,47,178
2026-01-15 07:02:00,CPU,Low,37,9,6,user,29,1,CPU-Node-49,49,212
2026-01-15 07:04:00,GPU,Low,39,2,5,admin,38,1,GPU-Node-17,40,218
2026-01-15 07:06:00,GPU,Low,45,3,8,user,5,1,GPU-Node-20,67,284
2026-01-15 07:08:00,GPU,High,41,1,8,user,46,1,GPU-Node-24,50,290
2026-01-15 07:10:00,GPU,Low,39,1,7,user,32,1,GPU-Node-12,47,218
2026-01-15 07:12:00,CPU,Low,32,12,7,user,25,1,CPU-Node-1,52,233
2026-01-15 07:14:00,GPU,Medium,28,2,13,user,7,1,GPU-Node-5,58,303
2026-01-15 07:16:00,CPU,High,47,10,10,admin,11,1,CPU-Node-10,69,262
2026-01-15 07:18:00,GPU,Medium,38,2,11,user,48,1,GPU-Node-46,59,280
2026-01-15 07:20:00,GPU,Medium,18,2,5,admin,17,1,GPU-Node-3,25,143
2026-01-15 07:22:00,CPU,Low,38,5,5,admin,12,1,CPU-Node-27,46,180
2026-01-15 07:24:00,CPU,Medium,32,12,5,user,27,1,CPU-Node-9,52,191
2026-01-15 07:26:00,GPU,High,36,3,8,user,17,1,GPU-Node-33,45,256
2026-01-15 07:28:00,CPU,High,19,8,6,user,23,1,CPU-Node-46,30,184
2026-01-15 07:30:00,CPU,Medium,41,4,13,user,28,1,CPU-Node-37,60,324
2026-01-15 07:32:00,CPU,Low,20,5,5,user,23,1,CPU-Node-32,25,181
2026-01-15 07:34:00,GPU,Low,34,1,0,user,45,1,GPU-Node-3,38,129
2026-01-15 07:36:00,CPU,Medium,45,2,10,user,22,1,CPU-Node-44,63,254
2026-01-15 07:38:00,CPU,Low,43,5,5,user,34,1,CPU-Node-42,58,188
2026-01-15 07:40:00,GPU,Low,31,1,5,user,26,1,GPU-Node-3,42,188
2026-01-15 07:42:00,CPU,Medium,27,6,9,user,23,1,CPU-Node-44,44,257
2026-01-15 07:44:00,CPU,Medium,46,9,11,user,21,1,CPU-Node-28,66,317
2026-01-15 07:46:00,CPU,Low,26,9,8,admin,30,1,CPU-Node-43,40,238
2026-01-15 07:48:00,GPU,Medium,20,2,0,user,20,1,GPU-Node-37,15,72
2026-01-15 07:50:00,CPU,Medium,37,5,7,admin,12,1,CPU-Node-50,45,202
2026-01-15 07:52:00,GPU,Low,40,1,6,user,40,1,GPU-Node-20,51,174
2026-01-15 07:54:00,CPU,Medium,50,7,10,admin,37,1,CPU-Node-38,68,264
2026-01-15 07:56:00,CPU,High,40,14,4,user,34,1,CPU-Node-16,50,214
2026-01-15 07:58:00,GPU,Medium,21,2,2,user,34,1,GPU-Node-4,27,132
2026-01-15 08:00:00,CPU,High,51,8,11,user,21,1,CPU-Node-41,64,340
2026-01-15 08:02:00,CPU,Medium,29,5,8,user,37,1,CPU-Node-35,46,208
2026-01-15 08:04:00,CPU,Low,45,6,1,admin,16,1,CPU-Node-21,49,142
2026-01-15 08:06:00,CPU,Low,29,9,5,user,34,1,CPU-Node-20,41,175
2026-01-15 08:08:00,CPU,High,37,12,4,user,28,1,CPU-Node-32,42,188
2026-01-15 08:10:00,GPU,High,29,3,2,user,21,1,GPU-Node-40,28,149
2026-01-15 08:12:00,GPU,High,37,2,1,user,26,1,GPU-Node-33,41,164
2026-01-15 08:14:00,GPU,Low,23,1,7,user,34,1,GPU-Node-46,33,199
2026-01-15 08:16:00,CPU,Medium,23,6,1,user,34,1,CPU-Node-46,23,81
2026-01-15 08:18:00,CPU,Medium,25,7,3,user,45,1,CPU-Node-22,37,160
2026-01-15 08:20:00,CPU,High,30,6,1,user,28,1,CPU-Node-19,35,91
2026-01-15 08:22:00,GPU,Medium,56,1,14,user,30,1,GPU-Node-23,85,347
2026-01-15 08:24:00,CPU,Medium,24,1,7,user,37,1,CPU-Node-34,37,210
2026-01-15 08:26:00,CPU,Medium,22,5,4,admin,28,1,CPU-Node-35,20,172
2026-01-15 08:28:00,GPU,Medium,48,2,10,user,10,1,GPU-Node-47,69,269
2026-01-15 08:30:00,CPU,Medium,38,12,8,user,20,1,CPU-Node-47,45,247
2026-01-15 08:32:00,CPU,High,31,7,8,user,29,1,CPU-Node-42,37,217
2026-01-15 08:34:00,GPU,High,38,0,8,user,20,0,GPU-Node-3,55,229
2026-01-15 08:36:00,CPU,Low,27,11,4,user,29,1,CPU-Node-7,32,140
2026-01-15 08:38:00,GPU,Medium,52,2,7,user,42,1,GPU-Node-8,69,247
2026-01-15 08:40:00,CPU,Medium,25,12,2,user,47,1,CPU-Node-28,18,136
2026-01-15 08:42:00,GPU,Medium,36,1,13,user,21,1,GPU-Node-4,72,314
2026-01-15 08:44:00,CPU,Medium,21,5,3,user,30,1,CPU-Node-23,30,143
2026-01-15 08:46:00,CPU,High,40,8,8,user,17,1,CPU-Node-42,61,272
2026-01-15 08:48:00,CPU,Low,41,8,4,user,50,1,CPU-Node-19,44,174
2026-01-15 08:50:00,CPU,High,40,8,7,user,16,1,CPU-Node-31,50,219
2026-01-15 08:52:00,CPU,Low,38,7,9,user,34,1,CPU-Node-16,61,290
2026-01-15 08:54:00,GPU,Medium,32,0,4,user,27,0,GPU-Node-4,46,146
2026-01-15 08:56:00,CPU,Low,32,10,4,user,21,1,CPU-Node-43,29,182
2026-01-15 08:58:00,GPU,Medium,34,0,6,admin,17,0,GPU-Node-5,47,177
2026-01-15 09:00:00,CPU,Low,75,13,16,user,22,0,CPU-Node-50,100,438
2026-01-15 09:02:00,GPU,High,67,0,9,admin,19,0,GPU-Node-15,89,315
2026-01-15 09:04:00,CPU,Low,72,9,17,user,29,0,CPU-Node-5,100,436
2026-01-15 09:06:00,GPU,Low,85,2,22,user,29,0,GPU-Node-16,100,573
2026-01-15 09:08:00,GPU,High,67,0,14,user,26,0,GPU-Node-41,90,368
2026-01-15 09:10:00,GPU,Medium,72,1,16,user,29,0,GPU-Node-12,98,410
2026-01-15 09:12:00,CPU,Low,75,11,13,admin,25,1,CPU-Node-7,98,406
2026-01-15 09:14:00,CPU,High,89,9,14,user,32,1,CPU-Node-18,100,409
2026-01-15 09:16:00,CPU,Medium,62,6,7,user,29,1,CPU-Node-50,80,287
2026-01-15 09:18:00,CPU,Low,63,5,9,user,20,1,CPU-Node-12,84,291
2026-01-15 09:20:00,CPU,High,66,12,16,user,29,0,CPU-Node-22,97,442
2026-01-15 09:22:00,GPU,High,85,1,13,user,41,1,GPU-Node-17,100,383
2026-01-15 09:24:00,CPU,High,82,13,14,user,42,1,CPU-Node-6,100,400
2026-01-15 09:26:00,CPU,High,76,8,16,user,32,0,CPU-Node-3,100,416
2026-01-15 09:28:00,CPU,Medium,81,12,16,admin,7,0,CPU-Node-14,100,468
2026-01-15 09:30:00,CPU,High,73,12,18,user,28,0,CPU-Node-2,100,430
2026-01-15 09:32:00,CPU,Low,60,4,13,user,34,1,CPU-Node-36,90,363
2026-01-15 09:34:00,GPU,High,87,2,10,user,31,1,GPU-Node-34,100,405
2026-01-15 09:36:00,CPU,Low,78,9,20,user,52,0,CPU-Node-37,100,520
2026-01-15 09:38:00,GPU,High,73,1,12,user,25,1,GPU-Node-38,89,350
2026-01-15 09:40:00,CPU,Low,84,5,15,user,23,1,CPU-Node-10,100,453
2026-01-15 09:42:00,CPU,Medium,80,11,18,user,45,0,CPU-Node-20,100,485
2026-01-15 09:44:00,CPU,Medium,68,12,15,user,5,1,CPU-Node-39,98,404
2026-01-15 09:46:00,GPU,Low,82,2,17,user,36,0,GPU-Node-39,100,461
2026-01-15 09:48:00,CPU,Medium,84,11,16,user,21,0,CPU-Node-22,100,463
2026-01-15 09:50:00,CPU,High,81,7,13,admin,36,1,CPU-Node-18,100,363
2026-01-15 09:52:00,CPU,High,85,11,18,user,32,0,CPU-Node-15,100,490
2026-01-15 09:54:00,GPU,High,90,0,20,user,33,0,GPU-Node-19,100,537
2026-01-15 09:56:00,CPU,Medium,81,10,17,user,36,0,CPU-Node-8,100,458
2026-01-15 09:58:00,CPU,High,73,3,11,user,30,1,CPU-Node-39,96,370
2026-01-15 10:00:00,CPU,Medium,74,8,12,user,22,1,CPU-Node-20,96,385
2026-01-15 10:02:00,GPU,Medium,64,1,12,admin,50,1,GPU-Node-27,80,325
2026-01-15 10:04:00,GPU,Low,84,2,16,user,22,0,GPU-Node-23,100,433
2026-01-15 10:06:00,GPU,Medium,74,0,18,admin,17,0,GPU-Node-40,100,457
2026-01-15 10:08:00,CPU,Low,78,8,13,user,27,1,CPU-Node-2,100,372
2026-01-15 10:10:00,CPU,High,90,7,17,user,40,0,CPU-Node-14,100,470
2026-01-15 10:12:00,CPU,High,83,4,17,user,31,0,CPU-Node-23,100,448
2026-01-15 10:14:00,CPU,Low,93,10,23,user,30,0,CPU-Node-9,100,545
2026-01-15 10:16:00,CPU,Medium,65,9,11,user,34,1,CPU-Node-1,91,337
2026-01-15 10:18:00,CPU,Medium,95,10,17,user,20,0,CPU-Node-23,100,506
2026-01-15 10:20:00,CPU,High,82,9,16,admin,43,1,CPU-Node-20,100,447
2026-01-15 10:22:00,GPU,High,76,2,15,user,28,1,GPU-Node-23,100,441
2026-01-15 10:24:00,GPU,High,80,1,17,user,32,0,GPU-Node-45,100,466
2026-01-15 10:26:00,CPU,Medium,74,5,8,user,44,1,CPU-Node-33,86,327
2026-01-15 10:28:00,CPU,Medium,48,11,9,user,49,1,CPU-Node-2,71,303
2026-01-15 10:30:00,GPU,High,89,1,18,user,34,0,GPU-Node-20,100,489
2026-01-15 10:32:00,GPU,Medium,53,1,13,user,25,1,GPU-Node-40,80,393
2026-01-15 10:34:00,GPU,High,70,0,12,user,5,0,GPU-Node-49,95,391
2026-01-15 10:36:00,CPU,Medium,62,12,13,user,20,1,CPU-Node-10,84,330
2026-01-15 10:38:00,GPU,Medium,68,2,12,user,24,1,GPU-Node-17,85,368
2026-01-15 10:40:00,CPU,Low,90,11,19,user,52,0,CPU-Node-16,100,482
2026-01-15 10:42:00,GPU,Low,70,2,14,user,33,1,GPU-Node-48,100,391
2026-01-15 10:44:00,CPU,High,69,11,12,user,34,1,CPU-Node-25,100,362
2026-01-15 10:46:00,CPU,Low,93,2,14,user,40,1,CPU-Node-14,100,468
2026-01-15 10:48:00,GPU,Medium,77,1,12,user,36,1,GPU-Node-7,92,403
2026-01-15 10:50:00,CPU,Medium,69,3,14,user,25,1,CPU-Node-39,96,400
2026-01-15 10:52:00,CPU,Low,87,4,16,user,38,0,CPU-Node-9,100,443
2026-01-15 10:54:00,CPU,High,84,7,16,user,43,0,CPU-Node-29,100,445
2026-01-15 10:56:00,GPU,Low,60,2,13,admin,27,1,GPU-Node-16,78,322
2026-01-15 10:58:00,CPU,Low,66,9,13,user,26,1,CPU-Node-32,89,372
2026-01-15 11:00:00,GPU,Medium,75,2,15,admin,40,1,GPU-Node-30,100,437
2026-01-15 11:02:00,CPU,Medium,82,13,15,user,23,1,CPU-Node-33,100,435
2026-01-15 11:04:00,CPU,Medium,66,4,9,user,36,1,CPU-Node-32,86,309
2026-01-15 11:06:00,GPU,Low,72,2,17,user,28,0,GPU-Node-18,100,464
2026-01-15 11:08:00,CPU,Medium,72,6,14,user,37,1,CPU-Node-30,99,417
2026-01-15 11:10:00,GPU,Medium,69,2,12,user,29,1,GPU-Node-4,94,347
2026-01-15 11:12:00,CPU,High,66,8,16,user,19,0,CPU-Node-5,95,390
2026-01-15 11:14:00,CPU,High,92,7,18,user,34,0,CPU-Node-38,100,496
2026-01-15 11:16:00,GPU,Medium,72,1,17,user,45,0,GPU-Node-25,100,462
2026-01-15 11:18:00,GPU,High,81,2,16,user,40,0,GPU-Node-38,100,463
2026-01-15 11:20:00,CPU,Low,78,11,10,user,35,1,CPU-Node-8,100,380
2026-01-15 11:22:00,CPU,Low,77,5,17,user,35,0,CPU-Node-47,100,496
2026-01-15 11:24:00,CPU,Medium,65,8,9,user,42,1,CPU-Node-38,79,312
2026-01-15 11:26:00,CPU,Medium,55,13,4,user,34,1,CPU-Node-7,61,210
2026-01-15 11:28:00,GPU,High,84,2,14,user,28,1,GPU-Node-11,100,414
2026-01-15 11:30:00,CPU,High,75,9,20,user,22,0,CPU-Node-33,100,497
2026-01-15 11:32:00,CPU,Low,72,7,13,admin,44,1,CPU-Node-32,96,403
2026-01-15 11:34:00,CPU,Low,67,6,12,user,20,1,CPU-Node-38,92,396
2026-01-15 11:36:00,CPU,Low,72,4,12,user,10,1,CPU-Node-48,100,361
2026-01-15 11:38:00,GPU,High,78,2,15,user,22,1,GPU-Node-22,100,399
2026-01-15 11:40:00,CPU,High,73,12,13,user,45,1,CPU-Node-9,93,385
2026-01-15 11:42:00,CPU,High,85,2,17,user,18,0,CPU-Node-21,100,441
2026-01-15 11:44:00,CPU,Low,66,10,12,user,30,1,CPU-Node-36,90,376
2026-01-15 11:46:00,GPU,Low,74,0,15,user,20,0,GPU-Node-33,94,432
2026-01-15 11:48:00,GPU,High,83,1,18,user,23,0,GPU-Node-49,100,493
2026-01-15 11:50:00,CPU,High,70,6,20,admin,42,1,CPU-Node-40,100,502
2026-01-15 11:52:00,GPU,Low,71,1,17,admin,6,0,GPU-Node-2,100,477
2026-01-15 11:54:00,CPU,Medium,81,1,14,user,30,1,CPU-Node-9,100,406
2026-01-15 11:56:00,CPU,Low,70,3,14,user,47,1,CPU-Node-18,100,385
2026-01-15 11:58:00,CPU,High,67,4,9,user,25,1,CPU-Node-21,86,295
2026-01-15 12:00:00,CPU,Medium,85,6,17,user,16,0,CPU-Node-26,100,504
2026-01-15 12:02:00,CPU,Low,68,8,15,user,37,1,CPU-Node-35,89,419
2026-01-15 12:04:00,GPU,Low,79,0,13,user,17,0,GPU-Node-4,100,384
2026-01-15 12:06:00,CPU,Low,89,5,17,user,26,0,CPU-Node-18,100,485
2026-01-15 12:08:00,GPU,High,61,1,14,user,31,1,GPU-Node-9,87,368
2026-01-15 12:10:00,GPU,Medium,61,2,14,user,36,1,GPU-Node-47,85,373
2026-01-15 12:12:00,CPU,Medium,69,8,16,user,24,0,CPU-Node-42,96,411
2026-01-15 12:14:00,CPU,Low,77,7,14,user,22,1,CPU-Node-39,100,378
2026-01-15 12:16:00,GPU,Low,80,2,12,user,6,1,GPU-Node-38,100,356
2026-01-15 12:18:00,GPU,Medium,72,3,8,user,28,1,GPU-Node-13,85,314
2026-01-15 12:20:00,GPU,Low,67,0,13,user,20,0,GPU-Node-29,88,362
2026-01-15 12:22:00,CPU,High,58,13,13,admin,17,1,CPU-Node-40,81,367
2026-01-15 12:24:00,CPU,Low,79,6,19,user,19,0,CPU-Node-48,100,459
2026-01-15 12:26:00,GPU,Low,90,1,18,user,38,0,GPU-Node-5,100,531
2026-01-15 12:28:00,CPU,High,64,9,16,user,40,0,CPU-Node-33,96,397
2026-01-15 12:30:00,CPU,Medium,75,13,13,user,27,1,CPU-Node-27,99,399
2026-01-15 12:32:00,CPU,Medium,72,8,15,user,30,1,CPU-Node-27,97,433
2026-01-15 12:34:00,CPU,High,68,8,16,user,41,0,CPU-Node-49,100,444
2026-01-15 12:36:00,CPU,Medium,95,7,18,user,24,0,CPU-Node-26,100,445
2026-01-15 12:38:00,CPU,Low,88,5,15,user,26,1,CPU-Node-17,100,416
2026-01-15 12:40:00,CPU,Low,58,13,9,user,30,1,CPU-Node-42,74,284
2026-01-15 12:42:00,GPU,High,76,3,18,user,36,0,GPU-Node-22,100,458
2026-01-15 12:44:00,CPU,Medium,80,4,13,admin,44,1,CPU-Node-40,100,383
2026-01-15 12:46:00,GPU,High,67,2,12,user,26,1,GPU-Node-6,90,352
2026-01-15 12:48:00,GPU,Low,86,1,14,user,31,0,GPU-Node-41,100,420
2026-01-15 12:50:00,CPU,Low,87,7,16,user,49,0,CPU-Node-32,100,458
2026-01-15 12:52:00,CPU,Medium,64,4,10,user,38,1,CPU-Node-37,93,361
2026-01-15 12:54:00,GPU,High,69,1,13,user,26,1,GPU-Node-19,90,398
2026-01-15 12:56:00,CPU,Medium,66,7,13,user,24,1,CPU-Node-48,96,361
2026-01-15 12:58:00,GPU,Low,49,2,6,admin,29,1,GPU-Node-20,53,252
2026-01-15 13:00:00,CPU,Low,64,7,10,user,34,1,CPU-Node-24,87,313
2026-01-15 13:02:00,GPU,High,70,2,18,user,20,0,GPU-Node-8,100,490
2026-01-15 13:04:00,GPU,Low,74,1,11,user,27,1,GPU-Node-23,95,365
2026-01-15 13:06:00,GPU,Medium,67,2,14,user,13,1,GPU-Node-22,100,394
2026-01-15 13:08:00,GPU,Medium,81,2,18,user,34,0,GPU-Node-26,100,492
2026-01-15 13:10:00,GPU,Medium,85,0,17,user,21,0,GPU-Node-6,100,473
2026-01-15 13:12:00,CPU,Low,64,8,14,user,20,1,CPU-Node-47,91,367
2026-01-15 13:14:00,GPU,Low,83,2,18,user,28,0,GPU-Node-29,100,496
2026-01-15 13:16:00,CPU,Low,81,10,10,user,30,1,CPU-Node-31,100,345
2026-01-15 13:18:00,CPU,Low,60,12,12,user,12,1,CPU-Node-49,87,352
2026-01-15 13:20:00,GPU,Medium,65,0,12,admin,29,0,GPU-Node-38,98,367
2026-01-15 13:22:00,GPU,Low,94,1,11,user,24,0,GPU-Node-10,100,406
2026-01-15 13:24:00,CPU,Medium,68,8,14,user,30,1,CPU-Node-24,85,402
2026-01-15 13:26:00,GPU,High,65,2,15,user,28,1,GPU-Node-26,94,425
2026-01-15 13:28:00,GPU,Low,79,2,13,user,34,1,GPU-Node-28,98,400
2026-01-15 13:30:00,CPU,Medium,65,8,16,admin,34,0,CPU-Node-21,93,421
2026-01-15 13:32:00,CPU,Low,66,7,19,user,31,0,CPU-Node-7,100,457
2026-01-15 13:34:00,GPU,High,78,1,12,user,21,1,GPU-Node-42,100,357
2026-01-15 13:36:00,CPU,Medium,85,9,17,user,23,0,CPU-Node-11,100,493
2026-01-15 13:38:00,CPU,High,70,9,10,user,12,1,CPU-Node-47,94,325
2026-01-15 13:40:00,GPU,Low,79,0,16,user,37,0,GPU-Node-25,100,440
2026-01-15 13:42:00,GPU,Low,65,3,16,user,50,0,GPU-Node-35,100,449
2026-01-15 13:44:00,CPU,Low,72,5,14,user,25,1,CPU-Node-33,100,419
2026-01-15 13:46:00,CPU,Medium,63,1,9,admin,41,1,CPU-Node-13,77,342
2026-01-15 13:48:00,CPU,Medium,89,8,15,user,23,1,CPU-Node-29,100,473
2026-01-15 13:50:00,CPU,Low,68,3,13,user,19,1,CPU-Node-31,100,395
2026-01-15 13:52:00,CPU,Medium,64,4,11,user,27,1,CPU-Node-27,88,392
2026-01-15 13:54:00,GPU,Medium,82,0,19,admin,22,0,GPU-Node-8,100,482
2026-01-15 13:56:00,GPU,Low,70,1,19,admin,17,0,GPU-Node-18,100,425
2026-01-15 13:58:00,GPU,Medium,63,1,20,admin,26,0,GPU-Node-39,97,530
2026-01-15 14:00:00,CPU,Low,79,5,19,user,38,0,CPU-Node-9,100,475
2026-01-15 14:02:00,GPU,Low,83,0,18,user,41,0,GPU-Node-43,100,517
2026-01-15 14:04:00,CPU,High,72,9,11,admin,34,1,CPU-Node-30,85,376
2026-01-15 14:06:00,CPU,High,70,3,16,user,23,0,CPU-Node-36,100,456
2026-01-15 14:08:00,GPU,Medium,71,2,15,admin,43,1,GPU-Node-32,100,400
2026-01-15 14:10:00,GPU,Low,70,2,12,user,18,1,GPU-Node-30,96,361
2026-01-15 14:12:00,CPU,Low,56,11,7,user,44,1,CPU-Node-32,72,280
2026-01-15 14:14:00,GPU,Medium,67,3,10,user,38,1,GPU-Node-9,85,356
2026-01-15 14:16:00,CPU,Medium,74,6,16,user,42,0,CPU-Node-46,100,428
2026-01-15 14:18:00,GPU,High,87,0,19,admin,40,0,GPU-Node-1,100,501
2026-01-15 14:20:00,GPU,Medium,79,2,15,user,20,1,GPU-Node-43,100,450
2026-01-15 14:22:00,GPU,Low,86,0,16,admin,26,0,GPU-Node-18,100,445
2026-01-15 14:24:00,GPU,Medium,89,2,18,user,22,0,GPU-Node-45,100,499
2026-01-15 14:26:00,CPU,Medium,64,8,10,user,22,1,CPU-Node-14,85,310
2026-01-15 14:28:00,GPU,High,73,2,18,admin,42,1,GPU-Node-12,100,438
2026-01-15 14:30:00,CPU,High,85,8,19,user,46,0,CPU-Node-12,100,491
2026-01-15 14:32:00,CPU,Low,73,9,14,user,35,1,CPU-Node-30,100,429
2026-01-15 14:34:00,GPU,High,84,2,14,user,40,1,GPU-Node-26,100,384
2026-01-15 14:36:00,CPU,Medium,66,9,15,user,21,1,CPU-Node-23,97,414
2026-01-15 14:38:00,CPU,Medium,86,7,20,user,28,0,CPU-Node-38,100,493
2026-01-15 14:40:00,CPU,Low,73,7,16,user,20,0,CPU-Node-32,99,435
2026-01-15 14:42:00,GPU,Low,66,1,14,user,40,1,GPU-Node-32,93,385
2026-01-15 14:44:00,CPU,Medium,71,4,15,user,36,1,CPU-Node-5,96,399
2026-01-15 14:46:00,GPU,High,65,2,11,user,36,1,GPU-Node-13,82,353
2026-01-15 14:48:00,GPU,High,63,1,11,user,43,1,GPU-Node-4,83,309
2026-01-15 14:50:00,CPU,Low,75,10,13,user,26,1,CPU-Node-14,100,377
2026-01-15 14:52:00,CPU,Low,52,5,12,admin,5,1,CPU-Node-35,75,357
2026-01-15 14:54:00,CPU,Medium,59,12,13,user,38,1,CPU-Node-39,81,353
2026-01-15 14:56:00,GPU,Low,75,1,16,user,23,0,GPU-Node-5,100,430
2026-01-15 14:58:00,GPU,Low,66,1,8,user,25,1,GPU-Node-31,77,301
2026-01-15 15:00:00,CPU,High,91,9,15,user,39,1,CPU-Node-42,100,437
2026-01-15 15:02:00,CPU,Medium,58,5,13,user,32,1,CPU-Node-14,73,359
2026-01-15 15:04:00,CPU,Medium,69,5,16,user,29,0,CPU-Node-21,100,439
2026-01-15 15:06:00,CPU,High,86,6,16,user,15,0,CPU-Node-35,100,467
2026-01-15 15:08:00,GPU,High,76,0,18,user,41,0,GPU-Node-48,100,442
2026-01-15 15:10:00,CPU,Medium,68,16,13,admin,31,1,CPU-Node-32,89,395
2026-01-15 15:12:00,CPU,High,82,8,14,user,28,1,CPU-Node-41,100,444
2026-01-15 15:14:00,GPU,Low,61,2,12,user,28,1,GPU-Node-46,89,331
2026-01-15 15:16:00,CPU,Medium,73,6,15,admin,36,1,CPU-Node-45,96,427
2026-01-15 15:18:00,CPU,High,76,4,16,user,39,0,CPU-Node-29,100,424
2026-01-15 15:20:00,CPU,Low,66,8,17,user,32,0,CPU-Node-30,93,460
2026-01-15 15:22:00,CPU,Medium,88,6,19,user,42,0,CPU-Node-4,100,487
2026-01-15 15:24:00,CPU,High,82,6,15,user,7,1,CPU-Node-3,100,428
2026-01-15 15:26:00,GPU,Medium,78,2,19,user,16,0,GPU-Node-3,100,500
2026-01-15 15:28:00,CPU,Low,89,6,15,user,36,1,CPU-Node-11,100,460
2026-01-15 15:30:00,GPU,High,89,3,16,admin,28,1,GPU-Node-48,100,477
2026-01-15 15:32:00,GPU,Medium,74,2,18,user,48,0,GPU-Node-27,100,465
2026-01-15 15:34:00,CPU,Medium,81,7,17,user,38,0,CPU-Node-37,100,459
2026-01-15 15:36:00,CPU,Medium,74,5,15,user,40,1,CPU-Node-15,91,464
2026-01-15 15:38:00,CPU,Low,74,5,13,admin,54,1,CPU-Node-40,92,368
2026-01-15 15:40:00,GPU,Medium,63,1,10,admin,34,1,GPU-Node-14,78,294
2026-01-15 15:42:00,CPU,High,91,3,21,user,14,0,CPU-Node-2,100,547
2026-01-15 15:44:00,CPU,High,87,11,16,user,30,0,CPU-Node-26,100,477
2026-01-15 15:46:00,CPU,Medium,73,5,18,admin,25,0,CPU-Node-24,100,472
2026-01-15 15:48:00,CPU,Low,60,10,14,user,10,1,CPU-Node-31,85,412
2026-01-15 15:50:00,CPU,Medium,74,6,15,user,21,1,CPU-Node-40,100,455
2026-01-15 15:52:00,GPU,Medium,85,1,15,user,31,1,GPU-Node-22,100,416
2026-01-15 15:54:00,CPU,High,83,10,15,user,26,1,CPU-Node-7,100,441
2026-01-15 15:56:00,CPU,High,74,6,12,user,21,1,CPU-Node-36,98,383
2026-01-15 15:58:00,CPU,High,70,6,13,user,27,1,CPU-Node-45,95,371
2026-01-15 16:00:00,GPU,Medium,77,1,16,user,47,0,GPU-Node-44,100,425
2026-01-15 16:02:00,CPU,High,87,8,15,user,37,1,CPU-Node-7,100,440
2026-01-15 16:04:00,CPU,Low,74,8,11,user,35,1,CPU-Node-27,100,399
2026-01-15 16:06:00,CPU,Low,65,10,13,user,37,1,CPU-Node-31,94,414
2026-01-15 16:08:00,CPU,Low,79,7,11,user,30,1,CPU-Node-16,100,369
2026-01-15 16:10:00,GPU,Medium,75,1,14,user,43,1,GPU-Node-18,97,412
2026-01-15 16:12:00,GPU,Medium,73,2,13,user,37,1,GPU-Node-38,100,372
2026-01-15 16:14:00,CPU,High,71,6,12,user,11,1,CPU-Node-39,97,387
2026-01-15 16:16:00,CPU,Medium,78,6,22,user,8,0,CPU-Node-21,100,518
2026-01-15 16:18:00,GPU,Medium,55,2,14,admin,23,1,GPU-Node-38,85,349
2026-01-15 16:20:00,GPU,Low,92,1,20,user,30,0,GPU-Node-33,100,519
2026-01-15 16:22:00,CPU,High,73,9,14,user,36,1,CPU-Node-12,100,363
2026-01-15 16:24:00,GPU,Medium,88,1,15,user,28,0,GPU-Node-44,100,468
2026-01-15 16:26:00,CPU,Medium,78,2,15,admin,26,1,CPU-Node-43,100,417
2026-01-15 16:28:00,CPU,Low,95,8,16,user,39,0,CPU-Node-5,100,490
2026-01-15 16:30:00,CPU,Low,73,6,12,user,25,1,CPU-Node-37,100,393
2026-01-15 16:32:00,GPU,Low,70,1,15,user,22,1,GPU-Node-18,98,395
2026-01-15 16:34:00,CPU,Medium,79,11,12,user,43,1,CPU-Node-19,100,401
2026-01-15 16:36:00,CPU,Medium,69,12,14,user,45,1,CPU-Node-16,89,427
2026-01-15 16:38:00,CPU,Medium,64,7,13,user,33,1,CPU-Node-2,83,395
2026-01-15 16:40:00,CPU,High,76,10,16,user,8,0,CPU-Node-34,100,435
2026-01-15 16:42:00,CPU,Low,74,10,14,user,18,1,CPU-Node-30,100,423
2026-01-15 16:44:00,GPU,Low,83,2,10,user,17,1,GPU-Node-42,100,362
2026-01-15 16:46:00,GPU,Medium,58,2,13,user,26,1,GPU-Node-31,84,366
2026-01-15 16:48:00,CPU,Low,84,8,14,admin,34,1,CPU-Node-7,100,434
2026-01-15 16:50:00,CPU,High,70,10,15,user,30,1,CPU-Node-47,100,444
2026-01-15 16:52:00,GPU,Medium,63,1,8,user,43,1,GPU-Node-49,77,321
2026-01-15 16:54:00,CPU,High,91,7,14,user,21,1,CPU-Node-17,100,428
2026-01-15 16:56:00,GPU,Medium,70,2,15,user,27,1,GPU-Node-35,100,390
2026-01-15 16:58:00,CPU,Low,85,2,9,user,37,1,CPU-Node-6,100,362
2026-01-15 17:00:00,CPU,Low,81,6,13,user,22,1,CPU-Node-43,100,386
2026-01-15 17:02:00,CPU,High,81,6,21,user,18,0,CPU-Node-6,100,495
2026-01-15 17:04:00,CPU,Low,57,5,9,user,39,1,CPU-Node-1,72,322
2026-01-15 17:06:00,CPU,High,65,6,8,user,28,1,CPU-Node-12,74,287
2026-01-15 17:08:00,CPU,Medium,69,4,14,user,28,1,CPU-Node-16,84,432
2026-01-15 17:10:00,CPU,Low,75,8,14,user,34,1,CPU-Node-25,100,416
2026-01-15 17:12:00,CPU,Low,77,5,14,user,7,1,CPU-Node-38,100,425
2026-01-15 17:14:00,CPU,Low,62,9,9,admin,19,1,CPU-Node-29,82,329
2026-01-15 17:16:00,CPU,High,90,9,21,user,20,0,CPU-Node-11,100,563
2026-01-15 17:18:00,GPU,High,69,2,15,user,29,1,GPU-Node-48,94,427
2026-01-15 17:20:00,CPU,High,81,8,19,user,21,0,CPU-Node-2,100,497
2026-01-15 17:22:00,GPU,Low,85,1,18,user,45,0,GPU-Node-27,100,487
2026-01-15 17:24:00,CPU,High,100,7,19,user,20,0,CPU-Node-12,100,511
2026-01-15 17:26:00,CPU,Medium,76,7,13,admin,18,1,CPU-Node-44,95,382
2026-01-15 17:28:00,CPU,Medium,69,5,11,user,34,1,CPU-Node-39,97,324
2026-01-15 17:30:00,GPU,Low,69,2,15,admin,38,1,GPU-Node-13,89,359
2026-01-15 17:32:00,CPU,Medium,75,8,19,user,37,0,CPU-Node-6,100,459
2026-01-15 17:34:00,CPU,Medium,79,10,16,admin,34,0,CPU-Node-21,100,425
2026-01-15 17:36:00,GPU,High,79,2,16,user,27,0,GPU-Node-11,100,440
2026-01-15 17:38:00,GPU,Medium,82,0,12,user,42,0,GPU-Node-13,100,392
2026-01-15 17:40:00,GPU,High,56,0,8,user,16,0,GPU-Node-21,64,306
2026-01-15 17:42:00,CPU,High,87,8,16,user,42,0,CPU-Node-17,100,458
2026-01-15 17:44:00,CPU,High,88,11,18,user,36,0,CPU-Node-18,100,488
2026-01-15 17:46:00,CPU,Low,57,12,13,user,27,1,CPU-Node-17,82,356
2026-01-15 17:48:00,CPU,Low,73,2,11,user,36,1,CPU-Node-37,96,352
2026-01-15 17:50:00,CPU,High,82,4,15,user,27,1,CPU-Node-46,100,440
2026-01-15 17:52:00,GPU,High,84,1,14,user,28,1,GPU-Node-50,100,403
2026-01-15 17:54:00,CPU,Medium,83,10,17,user,27,0,CPU-Node-27,100,486
2026-01-15 17:56:00,CPU,Medium,67,8,14,user,34,1,CPU-Node-7,85,398
2026-01-15 17:58:00,GPU,Medium,57,2,10,admin,47,1,GPU-Node-43,65,326
2026-01-15 18:00:00,CPU,Medium,73,10,15,user,35,1,CPU-Node-31,100,459
2026-01-15 18:02:00,GPU,Medium,78,1,16,user,28,0,GPU-Node-22,100,443
2026-01-15 18:04:00,GPU,Medium,74,2,21,admin,26,0,GPU-Node-27,100,539
2026-01-15 18:06:00,CPU,Low,65,3,19,user,27,0,CPU-Node-37,100,488
2026-01-15 18:08:00,CPU,High,80,11,17,user,21,0,CPU-Node-20,100,470
2026-01-15 18:10:00,CPU,High,71,6,14,user,40,1,CPU-Node-47,97,393
2026-01-15 18:12:00,GPU,Low,63,0,12,admin,15,0,GPU-Node-21,88,387
2026-01-15 18:14:00,GPU,Low,72,0,14,admin,39,0,GPU-Node-35,92,398
2026-01-15 18:16:00,CPU,High,59,6,7,user,13,1,CPU-Node-41,67,289
2026-01-15 18:18:00,CPU,Low,74,4,11,user,46,1,CPU-Node-14,98,355
2026-01-15 18:20:00,GPU,Medium,82,2,17,user,11,0,GPU-Node-48,100,466
2026-01-15 18:22:00,GPU,Medium,39,1,6,user,24,1,GPU-Node-14,54,203
2026-01-15 18:24:00,CPU,Low,69,8,19,user,31,0,CPU-Node-11,100,477
2026-01-15 18:26:00,GPU,High,67,0,14,user,26,0,GPU-Node-4,97,411
2026-01-15 18:28:00,CPU,High,65,7,4,user,24,1,CPU-Node-9,70,257
2026-01-15 18:30:00,CPU,High,88,5,12,user,17,1,CPU-Node-11,100,409
2026-01-15 18:32:00,GPU,Low,79,0,14,user,21,0,GPU-Node-25,100,428
2026-01-15 18:34:00,CPU,Medium,90,6,15,user,28,1,CPU-Node-46,100,445
2026-01-15 18:36:00,CPU,High,79,3,15,user,36,1,CPU-Node-30,100,464
2026-01-15 18:38:00,GPU,Medium,63,1,17,admin,26,0,GPU-Node-35,97,450
2026-01-15 18:40:00,CPU,Low,66,8,13,user,24,1,CPU-Node-15,94,381
2026-01-15 18:42:00,GPU,Low,70,3,14,admin,17,1,GPU-Node-16,100,408
2026-01-15 18:44:00,CPU,Medium,80,8,15,user,23,1,CPU-Node-45,100,448
2026-01-15 18:46:00,GPU,High,74,1,18,user,32,0,GPU-Node-16,100,486
2026-01-15 18:48:00,CPU,Medium,76,9,11,user,28,1,CPU-Node-15,93,375
2026-01-15 18:50:00,CPU,High,83,14,18,user,40,0,CPU-Node-28,100,456
2026-01-15 18:52:00,CPU,Medium,74,6,13,user,31,1,CPU-Node-40,99,401
2026-01-15 18:54:00,CPU,Low,88,7,14,admin,27,1,CPU-Node-21,100,455
2026-01-15 18:56:00,CPU,Low,81,7,10,admin,24,1,CPU-Node-24,95,329
2026-01-15 18:58:00,GPU,Medium,79,2,13,user,24,1,GPU-Node-16,100,420
2026-01-15 19:00:00,CPU,High,42,8,10,user,28,1,CPU-Node-44,66,287
2026-01-15 19:02:00,GPU,Medium,19,3,1,user,33,1,GPU-Node-26,17,100
2026-01-15 19:04:00,CPU,High,22,6,3,user,14,1,CPU-Node-46,26,156
2026-01-15 19:06:00,CPU,Low,37,10,8,user,13,1,CPU-Node-38,52,229
2026-01-15 19:08:00,CPU,High,36,14,3,user,32,1,CPU-Node-41,46,144
2026-01-15 19:10:00,CPU,Medium,33,9,8,user,34,1,CPU-Node-41,44,259
2026-01-15 19:12:00,GPU,Medium,41,2,9,user,37,1,GPU-Node-41,56,300
2026-01-15 19:14:00,CPU,Medium,51,5,9,user,22,1,CPU-Node-17,70,300
2026-01-15 19:16:00,GPU,Low,20,3,2,admin,31,1,GPU-Node-49,29,107
2026-01-15 19:18:00,CPU,Medium,26,5,6,user,26,1,CPU-Node-46,37,168
2026-01-15 19:20:00,GPU,Low,28,2,4,user,29,1,GPU-Node-5,33,169
2026-01-15 19:22:00,GPU,Medium,26,3,3,user,33,1,GPU-Node-3,31,161
2026-01-15 19:24:00,CPU,High,37,11,4,admin,20,1,CPU-Node-35,47,211
2026-01-15 19:26:00,GPU,Low,24,3,1,user,25,1,GPU-Node-26,25,102
2026-01-15 19:28:00,CPU,Low,37,4,4,admin,34,1,CPU-Node-12,41,179
2026-01-15 19:30:00,GPU,Low,39,2,4,user,26,1,GPU-Node-38,50,207
2026-01-15 19:32:00,GPU,Medium,44,1,10,user,34,1,GPU-Node-6,67,305
2026-01-15 19:34:00,CPU,Medium,20,8,2,user,26,1,CPU-Node-49,33,123
2026-01-15 19:36:00,GPU,High,33,1,11,user,39,1,GPU-Node-48,54,269
2026-01-15 19:38:00,GPU,High,41,2,13,user,23,1,GPU-Node-49,70,322
2026-01-15 19:40:00,GPU,Low,24,2,7,user,36,1,GPU-Node-23,37,188
2026-01-15 19:42:00,GPU,Medium,28,2,4,user,47,1,GPU-Node-20,39,181
2026-01-15 19:44:00,CPU,High,33,11,10,user,30,1,CPU-Node-23,58,278
2026-01-15 19:46:00,GPU,Medium,28,0,4,user,44,0,GPU-Node-41,45,158
2026-01-15 19:48:00,CPU,Low,24,10,9,user,46,1,CPU-Node-47,38,238
2026-01-15 19:50:00,CPU,Low,35,5,9,admin,20,1,CPU-Node-40,55,243
2026-01-15 19:52:00,GPU,Low,25,1,0,user,36,1,GPU-Node-47,16,106
2026-01-15 19:54:00,CPU,High,31,7,5,user,22,1,CPU-Node-7,41,217
2026-01-15 19:56:00,CPU,Medium,32,7,6,admin,28,1,CPU-Node-6,31,214
2026-01-15 19:58:00,CPU,High,29,4,5,user,37,1,CPU-Node-7,43,167
2026-01-15 20:00:00,CPU,Medium,16,11,0,user,31,1,CPU-Node-23,11,58
2026-01-15 20:02:00,GPU,High,26,1,7,admin,24,1,GPU-Node-3,43,247
2026-01-15 20:04:00,GPU,Low,27,2,1,user,30,1,GPU-Node-1,25,105
2026-01-15 20:06:00,GPU,Low,37,2,14,admin,24,1,GPU-Node-6,66,311
2026-01-15 20:08:00,CPU,High,46,10,12,user,23,1,CPU-Node-45,68,327
2026-01-15 20:10:00,CPU,Medium,32,7,6,user,44,1,CPU-Node-46,37,195
2026-01-15 20:12:00,GPU,Medium,42,1,7,user,37,1,GPU-Node-36,57,239
2026-01-15 20:14:00,CPU,Low,36,9,15,user,29,1,CPU-Node-37,67,346
2026-01-15 20:16:00,CPU,Medium,23,8,4,user,41,1,CPU-Node-9,27,130
2026-01-15 20:18:00,CPU,Low,38,6,6,user,29,1,CPU-Node-6,46,219
2026-01-15 20:20:00,GPU,Medium,20,1,0,user,47,1,GPU-Node-23,23,66
2026-01-15 20:22:00,CPU,High,20,15,6,user,34,1,CPU-Node-3,37,166
2026-01-15 20:24:00,CPU,High,40,13,14,user,33,1,CPU-Node-17,70,337
2026-01-15 20:26:00,GPU,Low,47,0,9,user,34,0,GPU-Node-45,63,279
2026-01-15 20:28:00,GPU,High,25,0,2,user,18,0,GPU-Node-19,28,157
2026-01-15 20:30:00,CPU,Medium,31,12,3,user,6,1,CPU-Node-49,35,116
2026-01-15 20:32:00,GPU,Medium,29,1,7,user,10,1,GPU-Node-12,41,209
2026-01-15 20:34:00,GPU,High,30,2,8,user,32,1,GPU-Node-14,41,217
2026-01-15 20:36:00,CPU,Low,28,7,6,user,15,1,CPU-Node-15,40,203
2026-01-15 20:38:00,CPU,Medium,39,11,9,user,32,1,CPU-Node-17,46,295
2026-01-15 20:40:00,GPU,High,53,3,12,user,25,1,GPU-Node-17,90,334
2026-01-15 20:42:00,CPU,High,24,15,5,user,13,1,CPU-Node-47,34,167
2026-01-15 20:44:00,GPU,Low,46,2,10,user,26,1,GPU-Node-1,68,287
2026-01-15 20:46:00,GPU,Low,24,2,0,user,20,1,GPU-Node-36,20,75
2026-01-15 20:48:00,CPU,Medium,28,6,4,user,40,1,CPU-Node-1,33,158
2026-01-15 20:50:00,CPU,High,32,6,2,user,32,1,CPU-Node-42,39,156
2026-01-15 20:52:00,GPU,Medium,17,1,0,user,49,1,GPU-Node-44,9,76
2026-01-15 20:54:00,CPU,High,38,9,4,user,5,1,CPU-Node-11,40,221
2026-01-15 20:56:00,GPU,Medium,35,0,4,user,20,0,GPU-Node-35,46,164
2026-01-15 20:58:00,GPU,High,17,1,4,user,45,1,GPU-Node-45,23,143
2026-01-15 21:00:00,GPU,Medium,34,2,13,user,23,1,GPU-Node-47,59,342
2026-01-15 21:02:00,GPU,High,23,2,10,admin,16,1,GPU-Node-14,43,248
2026-01-15 21:04:00,CPU,Medium,29,4,0,admin,32,1,CPU-Node-35,32,94
2026-01-15 21:06:00,CPU,High,36,8,7,user,23,1,CPU-Node-1,49,247
2026-01-15 21:08:00,CPU,Low,30,8,7,admin,30,1,CPU-Node-12,43,215
2026-01-15 21:10:00,CPU,High,37,7,3,user,29,1,CPU-Node-42,41,184
2026-01-15 21:12:00,GPU,Medium,48,1,10,user,27,1,GPU-Node-47,69,294
2026-01-15 21:14:00,CPU,Medium,17,8,7,admin,19,1,CPU-Node-22,37,183
2026-01-15 21:16:00,GPU,Medium,33,0,9,user,28,0,GPU-Node-47,60,228
2026-01-15 21:18:00,GPU,Low,44,3,7,user,24,1,GPU-Node-19,53,255
2026-01-15 21:20:00,CPU,Medium,45,8,6,user,41,1,CPU-Node-32,62,226
2026-01-15 21:22:00,CPU,High,51,6,9,user,38,1,CPU-Node-12,62,310
2026-01-15 21:24:00,GPU,Low,43,2,12,user,29,1,GPU-Node-45,58,324
2026-01-15 21:26:00,CPU,Medium,49,9,3,user,34,1,CPU-Node-48,56,206
2026-01-15 21:28:00,CPU,Low,33,10,1,user,20,1,CPU-Node-12,30,118
2026-01-15 21:30:00,CPU,High,29,10,2,user,31,1,CPU-Node-22,27,104
2026-01-15 21:32:00,CPU,High,30,9,7,user,29,1,CPU-Node-19,37,235
2026-01-15 21:34:00,GPU,Medium,38,1,7,user,6,1,GPU-Node-8,51,256
2026-01-15 21:36:00,CPU,Low,42,4,4,user,19,1,CPU-Node-21,55,237
2026-01-15 21:38:00,CPU,Medium,49,8,9,user,40,1,CPU-Node-2,65,260
2026-01-15 21:40:00,CPU,Medium,35,4,7,user,20,1,CPU-Node-4,51,203
2026-01-15 21:42:00,GPU,Medium,48,1,8,user,35,1,GPU-Node-24,57,267
2026-01-15 21:44:00,GPU,Medium,25,2,5,user,26,1,GPU-Node-47,44,248
2026-01-15 21:46:00,CPU,Low,45,4,9,user,19,1,CPU-Node-3,55,292
2026-01-15 21:48:00,CPU,High,22,9,4,admin,36,1,CPU-Node-32,25,154
2026-01-15 21:50:00,CPU,Medium,36,5,4,user,35,1,CPU-Node-49,36,140
2026-01-15 21:52:00,CPU,Low,43,9,12,user,21,1,CPU-Node-34,58,335
2026-01-15 21:54:00,CPU,High,21,4,1,user,32,1,CPU-Node-15,20,99
2026-01-15 21:56:00,GPU,High,39,1,6,admin,41,1,GPU-Node-31,57,234
2026-01-15 21:58:00,CPU,Low,36,10,4,user,22,1,CPU-Node-29,43,172
2026-01-15 22:00:00,GPU,High,35,4,13,user,34,1,GPU-Node-47,56,302
2026-01-15 22:02:00,GPU,Medium,47,1,13,user,40,1,GPU-Node-6,69,327
2026-01-15 22:04:00,GPU,Medium,26,1,7,user,37,1,GPU-Node-31,41,249
2026-01-15 22:06:00,CPU,High,30,4,5,admin,19,1,CPU-Node-14,43,167
2026-01-15 22:08:00,CPU,Low,40,3,0,user,30,1,CPU-Node-27,41,125
2026-01-15 22:10:00,GPU,High,23,0,5,user,13,0,GPU-Node-27,28,166
2026-01-15 22:12:00,GPU,Medium,33,3,11,user,24,1,GPU-Node-26,52,307
2026-01-15 22:14:00,CPU,High,44,5,13,user,26,1,CPU-Node-1,69,292
2026-01-15 22:16:00,GPU,Medium,30,2,7,user,27,1,GPU-Node-46,45,212
2026-01-15 22:18:00,GPU,Medium,36,0,4,user,18,0,GPU-Node-38,43,205
2026-01-15 22:20:00,CPU,High,53,7,13,user,21,1,CPU-Node-16,79,365
2026-01-15 22:22:00,CPU,Low,19,5,0,user,17,1,CPU-Node-19,19,101
2026-01-15 22:24:00,CPU,High,24,7,0,user,20,1,CPU-Node-39,26,62
2026-01-15 22:26:00,GPU,High,47,2,11,admin,47,1,GPU-Node-36,64,309
2026-01-15 22:28:00,GPU,Medium,41,3,6,user,23,1,GPU-Node-20,50,208
2026-01-15 22:30:00,GPU,Medium,22,2,0,admin,37,1,GPU-Node-13,15,86
2026-01-15 22:32:00,CPU,High,43,8,9,user,25,1,CPU-Node-9,63,250
2026-01-15 22:34:00,CPU,Medium,45,6,11,user,28,1,CPU-Node-19,71,320
2026-01-15 22:36:00,GPU,High,47,1,5,admin,39,1,GPU-Node-47,58,240
2026-01-15 22:38:00,GPU,Medium,38,2,2,admin,18,1,GPU-Node-29,39,166
2026-01-15 22:40:00,CPU,Low,34,12,7,user,26,1,CPU-Node-43,49,217
2026-01-15 22:42:00,CPU,Low,32,12,6,admin,25,1,CPU-Node-39,43,212
2026-01-15 22:44:00,GPU,Low,26,1,7,user,26,1,GPU-Node-10,47,233
2026-01-15 22:46:00,CPU,High,51,4,6,admin,34,1,CPU-Node-25,62,253
2026-01-15 22:48:00,CPU,Medium,34,4,2,user,23,1,CPU-Node-48,39,180
2026-01-15 22:50:00,CPU,High,20,4,5,user,35,1,CPU-Node-32,29,146
2026-01-15 22:52:00,GPU,High,34,0,5,user,31,0,GPU-Node-24,49,186
2026-01-15 22:54:00,GPU,Low,44,2,10,admin,20,1,GPU-Node-45,63,241
2026-01-15 22:56:00,CPU,Medium,30,9,9,user,13,1,CPU-Node-30,45,244
2026-01-15 22:58:00,CPU,High,53,9,12,user,25,1,CPU-Node-7,78,347
2026-01-15 23:00:00,CPU,Medium,22,6,4,admin,28,1,CPU-Node-45,29,135
2026-01-15 23:02:00,GPU,Medium,36,1,9,user,31,1,GPU-Node-17,45,246
2026-01-15 23:04:00,GPU,High,25,4,6,user,23,1,GPU-Node-42,37,165
2026-01-15 23:06:00,CPU,Medium,36,6,7,admin,30,1,CPU-Node-5,49,214
2026-01-15 23:08:00,GPU,High,33,1,5,user,31,1,GPU-Node-24,48,193
2026-01-15 23:10:00,CPU,Medium,29,10,5,user,25,1,CPU-Node-46,31,187
2026-01-15 23:12:00,GPU,Medium,45,0,6,user,21,0,GPU-Node-20,63,254
2026-01-15 23:14:00,CPU,High,30,4,6,admin,32,1,CPU-Node-11,48,194
2026-01-15 23:16:00,CPU,High,33,12,3,admin,30,1,CPU-Node-25,47,140
2026-01-15 23:18:00,CPU,Low,20,8,1,user,24,1,CPU-Node-31,18,101
2026-01-15 23:20:00,CPU,Medium,34,5,5,admin,5,1,CPU-Node-4,48,210
2026-01-15 23:22:00,CPU,Medium,46,7,10,user,40,1,CPU-Node-14,59,300
2026-01-15 23:24:00,CPU,Low,19,3,5,user,21,1,CPU-Node-31,31,170
2026-01-15 23:26:00,GPU,Low,43,0,8,user,19,0,GPU-Node-38,71,265
2026-01-15 23:28:00,CPU,Low,36,7,3,user,30,1,CPU-Node-43,35,137
2026-01-15 23:30:00,GPU,Low,35,1,5,user,26,1,GPU-Node-1,44,177
2026-01-15 23:32:00,CPU,Low,25,7,3,user,40,1,CPU-Node-10,24,152
2026-01-15 23:34:00,CPU,Medium,19,2,7,user,40,1,CPU-Node-5,36,201
2026-01-15 23:36:00,CPU,Medium,32,2,5,admin,50,1,CPU-Node-2,38,189
2026-01-15 23:38:00,CPU,Medium,55,7,11,user,31,1,CPU-Node-27,73,301
2026-01-15 23:40:00,CPU,Low,25,4,1,user,9,1,CPU-Node-14,26,107
2026-01-15 23:42:00,GPU,Low,42,2,6,user,36,1,GPU-Node-3,48,214
2026-01-15 23:44:00,CPU,Low,47,12,10,user,25,1,CPU-Node-43,64,299
2026-01-15 23:46:00,CPU,Medium,31,6,6,user,36,1,CPU-Node-9,49,190
2026-01-15 23:48:00,CPU,Medium,31,12,7,user,29,1,CPU-Node-26,47,224
2026-01-15 23:50:00,CPU,High,39,14,3,user,46,1,CPU-Node-17,41,164
2026-01-15 23:52:00,CPU,Low,36,9,7,user,22,1,CPU-Node-20,53,254
2026-01-15 23:54:00,CPU,High,24,5,9,user,25,1,CPU-Node-31,38,248
2026-01-15 23:56:00,CPU,Medium,37,6,5,user,30,1,CPU-Node-48,58,201
2026-01-15 23:58:00,CPU,Low,31,8,2,user,46,1,CPU-Node-50,42,128
2026-01-16 00:00:00,GPU,High,40,1,11,user,16,1,GPU-Node-41,63,254
2026-01-16 00:02:00,GPU,High,39,3,13,user,24,1,GPU-Node-4,63,311
2026-01-16 00:04:00,CPU,High,33,1,6,user,10,1,CPU-Node-20,42,237
2026-01-16 00:06:00,CPU,High,23,9,6,admin,28,1,CPU-Node-46,29,189
2026-01-16 00:08:00,CPU,Medium,51,7,7,admin,27,1,CPU-Node-2,67,275
2026-01-16 00:10:00,CPU,Medium,22,2,6,user,40,1,CPU-Node-47,26,207
2026-01-16 00:12:00,CPU,Low,18,1,0,user,30,1,CPU-Node-33,15,115
2026-01-16 00:14:00,CPU,Low,32,4,5,user,19,1,CPU-Node-45,49,192
2026-01-16 00:16:00,CPU,Low,46,7,9,admin,21,1,CPU-Node-33,59,237
2026-01-16 00:18:00,GPU,High,41,2,13,admin,46,1,GPU-Node-38,60,327
2026-01-16 00:20:00,CPU,High,47,8,8,user,24,1,CPU-Node-11,66,259
2026-01-16 00:22:00,GPU,Low,53,1,12,user,36,1,GPU-Node-9,80,331
2026-01-16 00:24:00,GPU,High,35,1,0,user,29,1,GPU-Node-10,35,90
2026-01-16 00:26:00,GPU,High,33,3,9,user,12,1,GPU-Node-42,48,214
2026-01-16 00:28:00,CPU,Medium,43,9,10,admin,45,1,CPU-Node-48,61,290
2026-01-16 00:30:00,CPU,Medium,40,4,10,admin,35,1,CPU-Node-10,58,285
2026-01-16 00:32:00,GPU,Medium,45,2,13,admin,25,1,GPU-Node-49,63,320
2026-01-16 00:34:00,GPU,Medium,40,1,10,admin,22,1,GPU-Node-31,66,306
2026-01-16 00:36:00,CPU,High,32,10,0,user,17,1,CPU-Node-36,31,109
2026-01-16 00:38:00,CPU,High,19,8,4,user,30,1,CPU-Node-15,25,140
2026-01-16 00:40:00,GPU,Medium,49,2,10,user,31,1,GPU-Node-24,78,293
2026-01-16 00:42:00,CPU,Low,51,14,13,user,31,1,CPU-Node-6,78,361
2026-01-16 00:44:00,CPU,High,24,7,3,user,35,1,CPU-Node-2,24,123
2026-01-16 00:46:00,CPU,Low,34,7,8,user,29,1,CPU-Node-4,42,229
2026-01-16 00:48:00,CPU,High,23,6,5,user,43,1,CPU-Node-48,42,189
2026-01-16 00:50:00,CPU,Low,44,4,10,admin,21,1,CPU-Node-14,67,307
2026-01-16 00:52:00,GPU,Low,39,1,10,user,20,1,GPU-Node-47,55,293
2026-01-16 00:54:00,CPU,Medium,42,7,5,user,34,1,CPU-Node-16,54,192
2026-01-16 00:56:00,GPU,Low,34,2,5,admin,21,1,GPU-Node-9,47,207
2026-01-16 00:58:00,GPU,Low,44,4,8,user,33,1,GPU-Node-25,52,262
2026-01-16 01:00:00,GPU,High,28,0,3,user,5,0,GPU-Node-26,38,164
2026-01-16 01:02:00,GPU,Low,27,2,1,admin,18,1,GPU-Node-30,21,142
2026-01-16 01:04:00,CPU,High,48,3,9,user,9,1,CPU-Node-20,67,328
2026-01-16 01:06:00,CPU,Medium,27,8,7,user,30,1,CPU-Node-5,35,230
2026-01-16 01:08:00,CPU,Low,36,9,7,user,31,1,CPU-Node-11,52,186
2026-01-16 01:10:00,CPU,Medium,39,3,8,user,35,1,CPU-Node-16,55,258
2026-01-16 01:12:00,CPU,Medium,26,10,2,user,20,1,CPU-Node-23,40,113
2026-01-16 01:14:00,GPU,Low,24,4,3,user,15,1,GPU-Node-47,30,161
2026-01-16 01:16:00,CPU,Low,26,6,9,user,38,1,CPU-Node-5,35,235
2026-01-16 01:18:00,GPU,Medium,38,1,11,user,27,1,GPU-Node-9,55,314
2026-01-16 01:20:00,CPU,Medium,33,3,6,user,25,1,CPU-Node-24,52,207
2026-01-16 01:22:00,CPU,Medium,34,11,6,admin,29,1,CPU-Node-34,40,205
2026-01-16 01:24:00,CPU,Low,23,8,0,admin,34,1,CPU-Node-17,17,92
2026-01-16 01:26:00,GPU,High,41,3,4,user,28,1,GPU-Node-50,48,208
2026-01-16 01:28:00,CPU,Medium,29,3,9,user,35,1,CPU-Node-3,44,248
2026-01-16 01:30:00,CPU,Medium,36,9,11,user,35,1,CPU-Node-16,53,277
2026-01-16 01:32:00,GPU,High,44,2,5,user,33,1,GPU-Node-8,60,234
2026-01-16 01:34:00,CPU,Medium,22,13,7,user,69,1,CPU-Node-39,28,200
2026-01-16 01:36:00,GPU,High,34,3,3,user,11,1,GPU-Node-38,36,177
2026-01-16 01:38:00,CPU,Medium,33,6,0,user,35,1,CPU-Node-45,36,124
2026-01-16 01:40:00,CPU,Medium,47,4,4,user,20,1,CPU-Node-17,59,241
2026-01-16 01:42:00,CPU,Medium,42,9,5,user,21,1,CPU-Node-35,52,238
2026-01-16 01:44:00,CPU,High,25,10,6,user,29,1,CPU-Node-25,45,207
2026-01-16 01:46:00,GPU,Medium,26,1,4,user,22,1,GPU-Node-33,26,152
2026-01-16 01:48:00,CPU,Medium,42,12,3,admin,54,1,CPU-Node-50,50,203
2026-01-16 01:50:00,CPU,High,37,7,8,user,38,1,CPU-Node-10,48,233
2026-01-16 01:52:00,GPU,Medium,41,1,3,user,29,1,GPU-Node-6,47,193
2026-01-16 01:54:00,CPU,Medium,10,4,4,user,16,1,CPU-Node-36,12,172
2026-01-16 01:56:00,CPU,High,32,7,10,user,17,1,CPU-Node-2,42,262
2026-01-16 01:58:00,GPU,Medium,33,1,5,user,30,1,GPU-Node-28,46,177
2026-01-16 02:00:00,CPU,Medium,25,9,2,user,28,1,CPU-Node-43,23,119
2026-01-16 02:02:00,CPU,Low,34,5,2,admin,26,1,CPU-Node-46,37,126
2026-01-16 02:04:00,CPU,Low,27,5,3,user,19,1,CPU-Node-43,31,159
2026-01-16 02:06:00,CPU,Medium,48,12,10,user,32,1,CPU-Node-34,74,319
2026-01-16 02:08:00,GPU,High,35,2,8,user,28,1,GPU-Node-35,53,239
2026-01-16 02:10:00,CPU,Medium,45,2,11,user,27,1,CPU-Node-6,66,281
2026-01-16 02:12:00,CPU,Medium,35,5,5,user,38,1,CPU-Node-33,45,219
2026-01-16 02:14:00,CPU,Medium,35,10,10,user,48,1,CPU-Node-21,61,286
2026-01-16 02:16:00,GPU,High,29,2,9,admin,31,1,GPU-Node-42,43,266
2026-01-16 02:18:00,CPU,Low,29,8,5,user,24,1,CPU-Node-15,38,186
2026-01-16 02:20:00,GPU,High,38,1,4,user,27,1,GPU-Node-32,53,156
2026-01-16 02:22:00,CPU,Medium,17,9,7,user,47,1,CPU-Node-27,27,222
2026-01-16 02:24:00,CPU,Medium,17,3,5,user,19,1,CPU-Node-19,19,142
2026-01-16 02:26:00,GPU,High,43,0,8,user,19,0,GPU-Node-46,52,266
2026-01-16 02:28:00,GPU,High,34,2,3,user,32,1,GPU-Node-33,36,189
2026-01-16 02:30:00,CPU,High,47,7,7,user,43,1,CPU-Node-38,61,260
2026-01-16 02:32:00,GPU,Medium,17,0,2,user,39,0,GPU-Node-18,23,158
2026-01-16 02:34:00,GPU,Low,42,4,4,admin,18,1,GPU-Node-25,47,207
2026-01-16 02:36:00,CPU,Medium,37,5,6,user,24,1,CPU-Node-43,49,262
2026-01-16 02:38:00,GPU,Medium,50,1,10,user,19,1,GPU-Node-27,66,276
2026-01-16 02:40:00,GPU,Low,43,0,13,user,35,0,GPU-Node-11,71,369
2026-01-16 02:42:00,CPU,High,31,3,9,user,23,1,CPU-Node-10,43,251
2026-01-16 02:44:00,CPU,Medium,40,14,6,user,26,1,CPU-Node-41,51,249
2026-01-16 02:46:00,GPU,Low,48,4,7,user,6,1,GPU-Node-45,65,204
2026-01-16 02:48:00,CPU,Low,31,4,10,user,15,1,CPU-Node-36,57,291
2026-01-16 02:50:00,GPU,Low,57,0,12,user,9,0,GPU-Node-21,91,302
2026-01-16 02:52:00,CPU,Medium,42,6,12,user,56,1,CPU-Node-22,59,277
2026-01-16 02:54:00,CPU,Medium,35,5,14,user,14,1,CPU-Node-47,53,290
2026-01-16 02:56:00,GPU,Medium,32,1,5,user,27,1,GPU-Node-34,33,186
2026-01-16 02:58:00,GPU,Medium,37,0,8,user,24,0,GPU-Node-20,54,208
2026-01-16 03:00:00,GPU,Medium,22,2,5,user,28,1,GPU-Node-5,31,192
2026-01-16 03:02:00,CPU,High,40,10,8,admin,52,1,CPU-Node-24,58,253
2026-01-16 03:04:00,CPU,Medium,42,1,7,user,20,1,CPU-Node-14,57,254
2026-01-16 03:06:00,GPU,Low,17,1,0,user,31,1,GPU-Node-3,20,61
2026-01-16 03:08:00,GPU,Medium,33,2,8,user,33,1,GPU-Node-16,55,257
2026-01-16 03:10:00,CPU,Low,20,9,4,user,33,1,CPU-Node-23,35,164
2026-01-16 03:12:00,CPU,Medium,21,7,1,user,46,1,CPU-Node-49,27,96
2026-01-16 03:14:00,GPU,High,33,0,7,user,23,0,GPU-Node-11,53,198
2026-01-16 03:16:00,CPU,Medium,42,4,6,admin,26,1,CPU-Node-38,52,257
2026-01-16 03:18:00,GPU,Low,52,2,9,user,30,1,GPU-Node-2,74,283
2026-01-16 03:20:00,CPU,Low,31,7,7,user,17,1,CPU-Node-38,39,221
2026-01-16 03:22:00,CPU,High,43,11,14,user,42,1,CPU-Node-20,68,329
2026-01-16 03:24:00,GPU,High,38,2,7,user,9,1,GPU-Node-27,65,265
2026-01-16 03:26:00,GPU,Low,43,0,9,user,24,0,GPU-Node-9,52,309
2026-01-16 03:28:00,GPU,Medium,33,2,5,user,23,1,GPU-Node-25,37,180
2026-01-16 03:30:00,CPU,Low,28,7,0,user,36,1,CPU-Node-40,28,104
2026-01-16 03:32:00,CPU,Low,36,7,5,admin,29,1,CPU-Node-6,47,180
2026-01-16 03:34:00,CPU,Low,38,11,3,user,18,1,CPU-Node-10,48,204
2026-01-16 03:36:00,GPU,Low,26,1,7,user,27,1,GPU-Node-6,44,201
2026-01-16 03:38:00,CPU,Medium,43,7,10,user,29,1,CPU-Node-43,63,310
2026-01-16 03:40:00,CPU,High,38,3,7,user,36,1,CPU-Node-5,48,225
2026-01-16 03:42:00,CPU,Low,38,12,8,admin,33,1,CPU-Node-50,58,223
2026-01-16 03:44:00,CPU,Low,35,3,5,admin,20,1,CPU-Node-17,46,152
2026-01-16 03:46:00,CPU,Low,31,2,2,user,30,1,CPU-Node-47,40,145
2026-01-16 03:48:00,GPU,High,28,1,4,user,32,1,GPU-Node-13,40,161
2026-01-16 03:50:00,GPU,Medium,36,0,6,user,27,0,GPU-Node-9,42,238
2026-01-16 03:52:00,CPU,Low,32,7,5,user,51,1,CPU-Node-32,44,193
2026-01-16 03:54:00,CPU,High,34,7,5,user,30,1,CPU-Node-21,42,183
2026-01-16 03:56:00,CPU,Medium,31,7,9,user,34,1,CPU-Node-50,43,213
2026-01-16 03:58:00,GPU,Medium,37,1,6,user,34,1,GPU-Node-39,40,189
2026-01-16 04:00:00,GPU,Medium,38,0,3,user,30,0,GPU-Node-37,40,159
2026-01-16 04:02:00,CPU,Low,22,9,8,user,31,1,CPU-Node-46,40,257
2026-01-16 04:04:00,GPU,High,52,2,9,user,20,1,GPU-Node-23,62,275
2026-01-16 04:06:00,CPU,Low,54,10,9,user,33,1,CPU-Node-13,73,271
2026-01-16 04:08:00,CPU,Low,45,12,6,admin,53,1,CPU-Node-17,61,226
2026-01-16 04:10:00,CPU,Low,24,7,0,user,31,1,CPU-Node-42,15,120
2026-01-16 04:12:00,CPU,High,23,1,0,user,49,1,CPU-Node-1,29,104
2026-01-16 04:14:00,CPU,Low,38,3,11,user,40,1,CPU-Node-4,62,303
2026-01-16 04:16:00,CPU,Low,42,5,4,admin,51,1,CPU-Node-10,59,239
2026-01-16 04:18:00,GPU,High,24,3,3,user,25,1,GPU-Node-32,25,145
2026-01-16 04:20:00,GPU,Low,33,1,9,user,10,1,GPU-Node-13,53,235
2026-01-16 04:22:00,CPU,Medium,26,10,8,user,22,1,CPU-Node-40,50,229
2026-01-16 04:24:00,GPU,Low,26,3,1,user,33,1,GPU-Node-24,28,136
2026-01-16 04:26:00,CPU,High,34,14,8,user,36,1,CPU-Node-1,51,264
2026-01-16 04:28:00,GPU,Medium,33,2,11,user,19,1,GPU-Node-42,57,281
2026-01-16 04:30:00,GPU,High,26,3,6,user,33,1,GPU-Node-46,28,151
2026-01-16 04:32:00,GPU,Medium,26,3,1,user,21,1,GPU-Node-18,21,95
2026-01-16 04:34:00,GPU,Medium,38,0,8,user,31,0,GPU-Node-9,57,242
2026-01-16 04:36:00,GPU,Medium,31,0,5,user,20,0,GPU-Node-4,40,196
2026-01-16 04:38:00,CPU,High,28,8,8,user,24,1,CPU-Node-3,37,230
2026-01-16 04:40:00,GPU,Medium,31,2,6,user,32,1,GPU-Node-34,39,226
2026-01-16 04:42:00,GPU,Medium,37,3,6,user,36,1,GPU-Node-49,48,236
2026-01-16 04:44:00,CPU,Low,19,6,5,user,31,1,CPU-Node-29,31,152
2026-01-16 04:46:00,CPU,Medium,39,12,7,user,20,1,CPU-Node-34,52,234
2026-01-16 04:48:00,CPU,Medium,23,8,7,user,26,1,CPU-Node-36,32,200
2026-01-16 04:50:00,CPU,Low,21,1,3,user,46,1,CPU-Node-14,19,170
2026-01-16 04:52:00,GPU,Low,49,1,3,user,31,1,GPU-Node-23,53,210
2026-01-16 04:54:00,CPU,Low,39,10,13,user,32,1,CPU-Node-49,64,327
2026-01-16 04:56:00,CPU,Medium,37,5,9,user,31,1,CPU-Node-32,63,245
2026-01-16 04:58:00,CPU,Medium,46,6,10,user,30,1,CPU-Node-5,56,306
2026-01-16 05:00:00,CPU,Low,17,7,3,user,40,1,CPU-Node-34,26,113
2026-01-16 05:02:00,CPU,High,32,3,9,admin,22,1,CPU-Node-17,45,264
2026-01-16 05:04:00,GPU,High,48,1,4,user,27,1,GPU-Node-28,53,182
2026-01-16 05:06:00,GPU,Low,39,3,7,user,18,1,GPU-Node-44,54,169
2026-01-16 05:08:00,CPU,Low,25,12,9,user,21,1,CPU-Node-2,39,232
2026-01-16 05:10:00,CPU,High,39,11,6,user,26,1,CPU-Node-42,60,197
2026-01-16 05:12:00,GPU,Medium,29,0,0,user,31,0,GPU-Node-4,23,124
2026-01-16 05:14:00,CPU,Medium,17,4,3,user,35,1,CPU-Node-41,24,158
2026-01-16 05:16:00,CPU,Low,31,4,3,user,37,1,CPU-Node-15,38,112
2026-01-16 05:18:00,GPU,High,39,3,2,user,35,1,GPU-Node-41,45,164
2026-01-16 05:20:00,CPU,Medium,36,8,8,user,42,1,CPU-Node-46,47,235
2026-01-16 05:22:00,GPU,Low,40,1,4,user,22,1,GPU-Node-27,48,201
2026-01-16 05:24:00,CPU,Low,29,10,7,user,50,1,CPU-Node-8,43,238
2026-01-16 05:26:00,GPU,High,34,4,7,user,16,1,GPU-Node-22,40,201
2026-01-16 05:28:00,CPU,High,39,6,9,user,35,1,CPU-Node-28,59,286
2026-01-16 05:30:00,CPU,Medium,35,7,11,user,36,1,CPU-Node-45,68,242
2026-01-16 05:32:00,CPU,Low,33,7,10,user,47,1,CPU-Node-41,53,228
2026-01-16 05:34:00,GPU,Medium,40,0,7,admin,37,0,GPU-Node-42,53,235
2026-01-16 05:36:00,GPU,High,37,2,7,user,16,1,GPU-Node-11,50,245
2026-01-16 05:38:00,CPU,Medium,20,5,0,user,32,1,CPU-Node-9,20,122
2026-01-16 05:40:00,GPU,Medium,41,1,10,user,19,1,GPU-Node-33,54,269
2026-01-16 05:42:00,CPU,Medium,58,9,12,user,42,1,CPU-Node-45,77,379
2026-01-16 05:44:00,CPU,Medium,44,10,6,user,17,1,CPU-Node-17,48,246
2026-01-16 05:46:00,CPU,Low,37,3,11,admin,37,1,CPU-Node-4,63,314
2026-01-16 05:48:00,CPU,High,26,5,2,user,26,1,CPU-Node-14,28,131
2026-01-16 05:50:00,GPU,Low,30,2,5,user,29,1,GPU-Node-25,40,160
2026-01-16 05:52:00,CPU,Medium,42,12,0,user,24,1,CPU-Node-24,49,143
2026-01-16 05:54:00,CPU,High,13,4,1,admin,33,1,CPU-Node-47,14,84
2026-01-16 05:56:00,GPU,Medium,36,3,6,admin,28,1,GPU-Node-43,51,198
2026-01-16 05:58:00,CPU,Medium,38,9,12,user,22,1,CPU-Node-43,65,321
2026-01-16 06:00:00,GPU,Medium,57,0,13,user,31,0,GPU-Node-9,90,373
2026-01-16 06:02:00,CPU,Low,25,6,4,user,41,1,CPU-Node-9,28,140
2026-01-16 06:04:00,GPU,High,61,0,11,user,37,0,GPU-Node-42,79,354
2026-01-16 06:06:00,CPU,Medium,32,9,5,user,28,1,CPU-Node-42,40,167
2026-01-16 06:08:00,GPU,Medium,47,1,9,user,32,1,GPU-Node-16,60,271
2026-01-16 06:10:00,CPU,High,31,13,3,user,28,1,CPU-Node-38,34,162
2026-01-16 06:12:00,CPU,Medium,35,8,4,user,29,1,CPU-Node-4,47,147
2026-01-16 06:14:00,GPU,Low,20,2,5,user,10,1,GPU-Node-9,31,188
2026-01-16 06:16:00,CPU,High,54,10,10,user,41,1,CPU-Node-21,69,317
2026-01-16 06:18:00,CPU,Medium,10,11,0,user,11,1,CPU-Node-19,9,85
2026-01-16 06:20:00,GPU,Low,30,3,7,user,23,1,GPU-Node-21,47,177
2026-01-16 06:22:00,CPU,Low,13,6,3,user,11,1,CPU-Node-39,7,120
2026-01-16 06:24:00,CPU,High,39,7,3,user,24,1,CPU-Node-22,40,147
2026-01-16 06:26:00,GPU,Medium,22,1,4,user,25,1,GPU-Node-47,24,151
2026-01-16 06:28:00,GPU,Low,45,2,2,user,36,1,GPU-Node-12,48,185
2026-01-16 06:30:00,GPU,Medium,46,2,4,admin,45,1,GPU-Node-34,59,185
2026-01-16 06:32:00,GPU,Medium,59,0,16,user,26,0,GPU-Node-34,84,379
2026-01-16 06:34:00,CPU,Medium,32,9,8,user,21,1,CPU-Node-35,45,227
2026-01-16 06:36:00,CPU,Medium,29,13,4,user,26,1,CPU-Node-12,43,179
2026-01-16 06:38:00,GPU,High,32,3,2,user,18,1,GPU-Node-26,35,148
2026-01-16 06:40:00,CPU,Low,31,6,3,user,42,1,CPU-Node-36,34,161
2026-01-16 06:42:00,CPU,Low,33,15,8,admin,30,1,CPU-Node-8,50,237
2026-01-16 06:44:00,CPU,Medium,33,8,6,admin,22,1,CPU-Node-50,42,203
2026-01-16 06:46:00,CPU,Low,37,9,4,user,46,1,CPU-Node-24,47,151
2026-01-16 06:48:00,GPU,High,43,0,6,user,20,0,GPU-Node-26,63,184
2026-01-16 06:50:00,GPU,High,38,3,7,user,22,1,GPU-Node-20,44,235
2026-01-16 06:52:00,GPU,Low,37,0,3,user,46,0,GPU-Node-2,46,164
2026-01-16 06:54:00,GPU,Low,43,3,7,user,47,1,GPU-Node-29,59,248
2026-01-16 06:56:00,GPU,Medium,22,1,4,user,27,1,GPU-Node-29,33,127
2026-01-16 06:58:00,CPU,High,33,12,3,user,38,1,CPU-Node-13,31,167
2026-01-16 07:00:00,GPU,Low,25,3,2,admin,41,1,GPU-Node-14,26,103
2026-01-16 07:02:00,GPU,Medium,32,3,5,admin,21,1,GPU-Node-38,30,150
2026-01-16 07:04:00,GPU,Low,24,0,5,user,10,0,GPU-Node-7,31,170
2026-01-16 07:06:00,CPU,Medium,14,5,0,admin,42,1,CPU-Node-16,12,68
2026-01-16 07:08:00,CPU,Medium,42,6,12,user,35,1,CPU-Node-34,64,349
2026-01-16 07:10:00,GPU,Low,15,2,1,user,5,1,GPU-Node-12,17,104
2026-01-16 07:12:00,CPU,High,38,8,2,user,37,1,CPU-Node-49,29,172
2026-01-16 07:14:00,GPU,Low,30,2,3,user,29,1,GPU-Node-14,33,176
2026-01-16 07:16:00,CPU,Medium,31,4,5,user,29,1,CPU-Node-21,40,192
2026-01-16 07:18:00,CPU,High,39,5,8,user,39,1,CPU-Node-2,54,246
2026-01-16 07:20:00,GPU,Medium,33,1,3,user,24,1,GPU-Node-2,43,159
2026-01-16 07:22:00,CPU,Medium,42,6,12,user,37,1,CPU-Node-50,63,352
2026-01-16 07:24:00,GPU,Medium,55,1,7,user,30,1,GPU-Node-35,73,253
2026-01-16 07:26:00,CPU,Medium,43,12,14,user,20,1,CPU-Node-42,76,351
2026-01-16 07:28:00,CPU,Low,26,11,0,user,36,1,CPU-Node-6,40,85
2026-01-16 07:30:00,CPU,High,44,10,14,user,5,1,CPU-Node-41,71,338
2026-01-16 07:32:00,CPU,Low,34,6,10,user,31,1,CPU-Node-45,59,280
2026-01-16 07:34:00,GPU,High,40,2,6,user,35,1,GPU-Node-38,55,223
2026-01-16 07:36:00,GPU,High,28,1,2,user,24,1,GPU-Node-11,31,94
2026-01-16 07:38:00,GPU,High,15,2,2,user,29,1,GPU-Node-5,25,111
2026-01-16 07:40:00,CPU,High,32,3,9,admin,49,1,CPU-Node-29,51,274
2026-01-16 07:42:00,CPU,Low,34,8,6,admin,30,1,CPU-Node-41,44,235
2026-01-16 07:44:00,CPU,Low,20,9,5,user,33,1,CPU-Node-3,32,181
2026-01-16 07:46:00,GPU,Medium,34,1,2,user,42,1,GPU-Node-40,36,171
2026-01-16 07:48:00,CPU,High,61,6,10,user,44,1,CPU-Node-24,83,313
2026-01-16 07:50:00,GPU,Medium,47,0,13,user,26,0,GPU-Node-41,67,361
2026-01-16 07:52:00,CPU,Medium,30,10,7,user,32,1,CPU-Node-19,42,231
2026-01-16 07:54:00,CPU,Medium,30,11,6,user,21,1,CPU-Node-12,38,235
2026-01-16 07:56:00,CPU,Medium,31,5,10,admin,39,1,CPU-Node-3,45,266
2026-01-16 07:58:00,GPU,Medium,33,2,1,admin,26,1,GPU-Node-2,35,134
2026-01-16 08:00:00,CPU,Low,23,4,2,user,32,1,CPU-Node-27,25,112
2026-01-16 08:02:00,GPU,Low,41,2,11,user,37,1,GPU-Node-23,57,298
2026-01-16 08:04:00,CPU,Medium,49,7,9,user,8,1,CPU-Node-42,65,252
2026-01-16 08:06:00,CPU,Low,31,3,7,user,28,1,CPU-Node-35,44,188
2026-01-16 08:08:00,CPU,Low,36,6,3,user,43,1,CPU-Node-10,38,175
2026-01-16 08:10:00,CPU,Medium,20,5,1,user,26,1,CPU-Node-45,14,84
2026-01-16 08:12:00,CPU,Low,47,11,10,user,20,1,CPU-Node-30,65,280
2026-01-16 08:14:00,CPU,High,53,14,7,user,36,1,CPU-Node-23,64,235
2026-01-16 08:16:00,CPU,Low,32,10,8,user,34,1,CPU-Node-35,49,238
2026-01-16 08:18:00,GPU,Low,42,2,12,user,46,1,GPU-Node-30,70,337
2026-01-16 08:20:00,CPU,High,40,8,11,user,36,1,CPU-Node-15,54,272
2026-01-16 08:22:00,CPU,Low,26,6,2,user,35,1,CPU-Node-39,25,95
2026-01-16 08:24:00,GPU,Medium,30,2,3,user,24,1,GPU-Node-17,34,170
2026-01-16 08:26:00,CPU,High,20,4,7,user,12,1,CPU-Node-19,27,225
2026-01-16 08:28:00,CPU,Medium,22,4,5,user,24,1,CPU-Node-40,24,179
2026-01-16 08:30:00,CPU,High,24,12,6,user,26,1,CPU-Node-38,32,183
2026-01-16 08:32:00,CPU,High,41,3,4,user,29,1,CPU-Node-37,51,210
2026-01-16 08:34:00,CPU,Medium,39,13,4,admin,26,1,CPU-Node-41,41,197
2026-01-16 08:36:00,GPU,High,33,3,11,user,30,1,GPU-Node-6,58,327
2026-01-16 08:38:00,GPU,High,32,1,6,user,22,1,GPU-Node-15,50,191
2026-01-16 08:40:00,CPU,Medium,31,8,10,user,33,1,CPU-Node-42,53,263
2026-01-16 08:42:00,CPU,Low,42,6,6,user,28,1,CPU-Node-42,55,243
2026-01-16 08:44:00,CPU,High,38,6,9,user,17,1,CPU-Node-17,50,278
2026-01-16 08:46:00,GPU,Medium,45,1,8,user,42,1,GPU-Node-40,55,275
2026-01-16 08:48:00,CPU,Low,36,8,7,user,36,1,CPU-Node-48,45,253
2026-01-16 08:50:00,CPU,Low,30,7,8,user,42,1,CPU-Node-45,38,220
2026-01-16 08:52:00,CPU,Low,40,6,12,user,21,1,CPU-Node-31,58,333
2026-01-16 08:54:00,GPU,High,23,1,8,admin,29,1,GPU-Node-47,45,224
2026-01-16 08:56:00,CPU,Low,37,5,10,user,26,1,CPU-Node-50,62,286
2026-01-16 08:58:00,CPU,Medium,25,6,12,user,26,1,CPU-Node-44,44,287
2026-01-16 09:00:00,CPU,High,67,7,16,user,13,0,CPU-Node-22,98,437
2026-01-16 09:02:00,GPU,High,78,3,11,admin,34,1,GPU-Node-29,97,373
2026-01-16 09:04:00,GPU,High,62,2,18,user,23,0,GPU-Node-36,100,430
2026-01-16 09:06:00,CPU,High,89,10,12,user,46,1,CPU-Node-24,100,401
2026-01-16 09:08:00,CPU,Low,77,4,18,user,28,0,CPU-Node-43,100,481
2026-01-16 09:10:00,GPU,Low,71,1,16,admin,30,0,GPU-Node-36,95,433
2026-01-16 09:12:00,GPU,Medium,70,1,10,user,37,1,GPU-Node-43,97,327
2026-01-16 09:14:00,CPU,Low,72,11,12,user,24,1,CPU-Node-4,98,370
2026-01-16 09:16:00,GPU,High,69,2,16,admin,12,1,GPU-Node-20,100,445
2026-01-16 09:18:00,CPU,Low,87,11,17,admin,5,0,CPU-Node-11,100,500
2026-01-16 09:20:00,CPU,High,71,4,18,user,25,0,CPU-Node-30,99,477
2026-01-16 09:22:00,GPU,Medium,81,1,22,user,37,0,GPU-Node-12,100,551
2026-01-16 09:24:00,GPU,Medium,73,1,11,user,16,1,GPU-Node-39,89,418
2026-01-16 09:26:00,CPU,Medium,69,13,10,user,35,1,CPU-Node-49,89,320
2026-01-16 09:28:00,CPU,Low,56,11,18,user,38,0,CPU-Node-12,85,433
2026-01-16 09:30:00,CPU,Low,73,8,15,user,14,1,CPU-Node-2,100,430
2026-01-16 09:32:00,CPU,High,66,9,7,user,18,1,CPU-Node-39,79,287
2026-01-16 09:34:00,GPU,Medium,88,2,19,user,23,0,GPU-Node-43,100,476
2026-01-16 09:36:00,CPU,Low,79,10,13,user,26,1,CPU-Node-18,100,401
2026-01-16 09:38:00,GPU,High,59,2,7,admin,27,1,GPU-Node-6,65,292
2026-01-16 09:40:00,CPU,Medium,73,8,14,user,49,1,CPU-Node-49,100,366
2026-01-16 09:42:00,GPU,Medium,75,1,15,user,37,1,GPU-Node-42,100,445
2026-01-16 09:44:00,GPU,Medium,80,2,14,user,30,1,GPU-Node-14,100,445
2026-01-16 09:46:00,CPU,High,61,5,10,user,41,1,CPU-Node-6,80,342
2026-01-16 09:48:00,CPU,High,58,6,15,user,37,1,CPU-Node-27,83,398
2026-01-16 09:50:00,CPU,Medium,100,9,21,user,34,0,CPU-Node-49,100,577
2026-01-16 09:52:00,GPU,Low,62,1,13,user,21,1,GPU-Node-47,88,366
2026-01-16 09:54:00,GPU,Low,86,2,13,user,36,1,GPU-Node-39,100,426
2026-01-16 09:56:00,CPU,Medium,74,6,16,user,20,0,CPU-Node-14,100,446
2026-01-16 09:58:00,GPU,Medium,63,2,12,user,30,1,GPU-Node-16,93,330
2026-01-16 10:00:00,GPU,Low,85,3,15,user,20,1,GPU-Node-48,100,417
2026-01-16 10:02:00,CPU,High,68,5,12,user,21,1,CPU-Node-49,92,353
2026-01-16 10:04:00,CPU,High,76,11,14,admin,27,1,CPU-Node-19,96,439
2026-01-16 10:06:00,CPU,Low,79,10,14,user,30,1,CPU-Node-38,100,396
2026-01-16 10:08:00,CPU,Medium,56,3,13,user,43,1,CPU-Node-34,72,353
2026-01-16 10:10:00,CPU,Low,69,9,10,admin,29,1,CPU-Node-50,90,354
2026-01-16 10:12:00,CPU,Medium,68,3,14,user,34,1,CPU-Node-37,95,382
2026-01-16 10:14:00,GPU,Low,63,0,16,user,42,0,GPU-Node-44,97,420
2026-01-16 10:16:00,GPU,High,83,0,13,user,24,0,GPU-Node-2,100,431
2026-01-16 10:18:00,CPU,Medium,88,7,11,user,35,1,CPU-Node-40,100,364
2026-01-16 10:20:00,GPU,Medium,62,1,16,user,10,0,GPU-Node-3,85,416
2026-01-16 10:22:00,CPU,Medium,80,5,13,admin,35,1,CPU-Node-43,100,403
2026-01-16 10:24:00,CPU,High,80,9,18,user,21,0,CPU-Node-29,100,459
2026-01-16 10:26:00,CPU,Medium,75,6,16,user,34,0,CPU-Node-5,99,420
2026-01-16 10:28:00,CPU,Medium,62,11,13,user,12,1,CPU-Node-46,89,380
2026-01-16 10:30:00,CPU,Medium,50,4,11,user,30,1,CPU-Node-30,74,308
2026-01-16 10:32:00,CPU,Low,78,7,14,user,23,1,CPU-Node-43,98,392
2026-01-16 10:34:00,CPU,High,66,8,9,user,15,1,CPU-Node-24,78,325
2026-01-16 10:36:00,CPU,High,83,14,9,admin,20,1,CPU-Node-3,100,334
2026-01-16 10:38:00,CPU,Medium,59,6,11,user,26,1,CPU-Node-27,80,350
2026-01-16 10:40:00,CPU,Medium,86,13,19,admin,9,0,CPU-Node-34,100,515
2026-01-16 10:42:00,GPU,Low,60,3,15,user,29,1,GPU-Node-28,76,376
2026-01-16 10:44:00,GPU,Low,77,2,13,user,51,1,GPU-Node-43,100,376
2026-01-16 10:46:00,CPU,High,65,10,12,user,10,1,CPU-Node-47,86,361
2026-01-16 10:48:00,GPU,High,77,4,19,user,24,0,GPU-Node-46,100,502
2026-01-16 10:50:00,CPU,Medium,73,9,13,user,28,1,CPU-Node-17,96,373
2026-01-16 10:52:00,CPU,Medium,60,12,15,user,27,1,CPU-Node-24,88,373
2026-01-16 10:54:00,GPU,Low,82,1,16,user,23,0,GPU-Node-39,100,439
2026-01-16 10:56:00,CPU,Low,61,12,11,user,35,1,CPU-Node-29,80,343
2026-01-16 10:58:00,GPU,High,84,4,16,user,30,0,GPU-Node-27,100,447
2026-01-16 11:00:00,GPU,Medium,69,1,14,user,37,1,GPU-Node-35,96,397
2026-01-16 11:02:00,CPU,Medium,72,11,12,user,21,1,CPU-Node-18,100,389
2026-01-16 11:04:00,CPU,High,72,10,15,user,33,1,CPU-Node-4,94,452
2026-01-16 11:06:00,CPU,Medium,79,8,16,user,33,0,CPU-Node-33,100,453
2026-01-16 11:08:00,GPU,Medium,85,2,18,admin,20,0,GPU-Node-6,100,501
2026-01-16 11:10:00,GPU,Medium,73,0,17,user,18,0,GPU-Node-23,100,473
2026-01-16 11:12:00,GPU,Medium,76,0,14,user,20,0,GPU-Node-6,100,380
2026-01-16 11:14:00,CPU,Low,72,9,15,user,30,1,CPU-Node-24,100,394
2026-01-16 11:16:00,CPU,High,72,8,10,user,34,1,CPU-Node-2,94,337
2026-01-16 11:18:00,GPU,Low,63,2,13,user,42,1,GPU-Node-31,88,369
2026-01-16 11:20:00,CPU,Medium,75,6,14,user,25,1,CPU-Node-14,96,405
2026-01-16 11:22:00,GPU,Low,72,2,11,user,36,1,GPU-Node-19,91,355
2026-01-16 11:24:00,GPU,High,88,1,10,admin,35,1,GPU-Node-2,100,376
2026-01-16 11:26:00,CPU,Medium,64,12,7,user,28,1,CPU-Node-4,75,293
2026-01-16 11:28:00,CPU,Medium,82,9,17,user,20,0,CPU-Node-36,100,502
2026-01-16 11:30:00,CPU,High,85,6,18,user,47,0,CPU-Node-24,100,510
2026-01-16 11:32:00,CPU,Medium,72,8,11,user,22,1,CPU-Node-25,98,370
2026-01-16 11:34:00,CPU,Medium,69,8,11,user,42,1,CPU-Node-14,86,351
2026-01-16 11:36:00,CPU,Low,89,11,19,user,23,0,CPU-Node-11,100,491
2026-01-16 11:38:00,CPU,Low,75,7,12,user,24,1,CPU-Node-16,95,387
2026-01-16 11:40:00,CPU,Medium,70,5,11,user,36,1,CPU-Node-29,95,340
2026-01-16 11:42:00,CPU,Medium,72,4,11,user,27,1,CPU-Node-6,88,351
2026-01-16 11:44:00,CPU,Medium,79,12,17,user,24,0,CPU-Node-2,100,463
2026-01-16 11:46:00,CPU,Medium,75,11,14,admin,32,1,CPU-Node-33,100,398
2026-01-16 11:48:00,CPU,High,84,11,17,user,32,0,CPU-Node-37,100,464
2026-01-16 11:50:00,CPU,Medium,83,9,18,user,31,0,CPU-Node-30,100,473
2026-01-16 11:52:00,CPU,Medium,69,7,15,user,29,1,CPU-Node-45,96,413
2026-01-16 11:54:00,CPU,High,61,2,8,user,27,1,CPU-Node-2,73,277
2026-01-16 11:56:00,GPU,Medium,94,3,21,user,33,0,GPU-Node-50,100,560
2026-01-16 11:58:00,CPU,High,71,10,15,user,28,1,CPU-Node-37,100,407
2026-01-16 12:00:00,GPU,High,77,2,19,user,28,0,GPU-Node-2,100,468
2026-01-16 12:02:00,CPU,High,47,5,15,user,43,1,CPU-Node-42,80,388
2026-01-16 12:04:00,GPU,Medium,80,2,14,user,29,1,GPU-Node-4,100,422
2026-01-16 12:06:00,GPU,High,70,1,13,user,31,1,GPU-Node-40,98,383
2026-01-16 12:08:00,CPU,Low,84,4,12,user,29,1,CPU-Node-28,100,402
2026-01-16 12:10:00,CPU,Low,73,12,11,user,39,1,CPU-Node-24,87,362
2026-01-16 12:12:00,GPU,Low,70,2,9,admin,44,1,GPU-Node-15,93,329
2026-01-16 12:14:00,GPU,Low,79,1,19,user,21,0,GPU-Node-50,100,507
2026-01-16 12:16:00,CPU,High,76,8,10,user,34,1,CPU-Node-6,98,339
2026-01-16 12:18:00,CPU,Low,71,5,14,user,40,1,CPU-Node-47,96,409
2026-01-16 12:20:00,GPU,High,85,1,19,admin,30,1,GPU-Node-30,100,477
2026-01-16 12:22:00,CPU,Medium,59,11,9,user,40,1,CPU-Node-25,80,312
2026-01-16 12:24:00,CPU,Medium,70,14,17,user,52,0,CPU-Node-32,100,453
2026-01-16 12:26:00,GPU,High,71,2,17,user,36,0,GPU-Node-13,100,420
2026-01-16 12:28:00,CPU,Medium,69,8,12,admin,22,1,CPU-Node-41,94,377
2026-01-16 12:30:00,CPU,High,70,8,6,user,18,1,CPU-Node-29,88,307
2026-01-16 12:32:00,CPU,High,70,13,17,admin,39,1,CPU-Node-2,100,451
2026-01-16 12:34:00,CPU,Medium,69,6,9,user,45,1,CPU-Node-32,92,360
2026-01-16 12:36:00,CPU,High,67,8,9,user,37,1,CPU-Node-44,84,307
2026-01-16 12:38:00,CPU,Low,77,7,16,user,25,0,CPU-Node-31,100,469
2026-01-16 12:40:00,CPU,Medium,79,9,15,user,33,1,CPU-Node-2,100,429
2026-01-16 12:42:00,GPU,High,79,2,15,user,15,1,GPU-Node-26,100,446
2026-01-16 12:44:00,GPU,Medium,60,1,9,user,44,1,GPU-Node-39,80,243
2026-01-16 12:46:00,CPU,High,68,5,11,user,29,1,CPU-Node-19,87,333
2026-01-16 12:48:00,CPU,Medium,59,6,10,admin,15,1,CPU-Node-26,86,330
2026-01-16 12:50:00,CPU,High,81,6,16,admin,15,1,CPU-Node-9,100,422
2026-01-16 12:52:00,CPU,Medium,58,10,11,user,18,1,CPU-Node-8,73,333
2026-01-16 12:54:00,GPU,High,75,1,14,user,30,1,GPU-Node-4,100,379
2026-01-16 12:56:00,CPU,Medium,70,11,12,user,11,1,CPU-Node-33,97,370
2026-01-16 12:58:00,CPU,Low,54,6,12,user,32,1,CPU-Node-3,76,351
2026-01-16 13:00:00,CPU,Low,87,7,14,user,11,1,CPU-Node-17,100,426
2026-01-16 13:02:00,CPU,High,84,9,19,user,17,0,CPU-Node-25,100,470
2026-01-16 13:04:00,CPU,High,75,9,15,user,24,1,CPU-Node-35,100,451
2026-01-16 13:06:00,GPU,High,76,3,13,user,37,1,GPU-Node-1,100,401
2026-01-16 13:08:00,CPU,High,55,10,12,admin,27,1,CPU-Node-25,81,342
2026-01-16 13:10:00,GPU,High,78,2,18,user,35,0,GPU-Node-7,100,485
2026-01-16 13:12:00,GPU,Medium,64,2,10,user,25,1,GPU-Node-40,89,356
2026-01-16 13:14:00,CPU,High,73,11,10,user,30,1,CPU-Node-46,86,341
2026-01-16 13:16:00,GPU,Medium,62,3,3,user,17,1,GPU-Node-39,73,199
2026-01-16 13:18:00,GPU,Medium,90,3,14,user,29,1,GPU-Node-11,100,435
2026-01-16 13:20:00,CPU,High,83,7,16,admin,25,1,CPU-Node-9,100,484
2026-01-16 13:22:00,CPU,Medium,75,9,11,user,27,1,CPU-Node-15,98,354
2026-01-16 13:24:00,CPU,Medium,85,13,20,user,26,0,CPU-Node-3,100,550
2026-01-16 13:26:00,CPU,Low,73,3,17,user,15,0,CPU-Node-24,100,436
2026-01-16 13:28:00,CPU,Low,82,9,15,admin,31,1,CPU-Node-41,100,467
2026-01-16 13:30:00,GPU,High,93,1,16,user,46,0,GPU-Node-19,100,473
2026-01-16 13:32:00,CPU,Low,73,10,18,user,28,0,CPU-Node-43,100,465
2026-01-16 13:34:00,CPU,Medium,51,11,7,user,31,1,CPU-Node-9,63,257
2026-01-16 13:36:00,CPU,Low,89,7,17,user,13,0,CPU-Node-33,100,512
2026-01-16 13:38:00,CPU,High,76,8,10,user,32,1,CPU-Node-41,95,363
2026-01-16 13:40:00,CPU,Low,74,7,16,user,29,0,CPU-Node-7,100,439
2026-01-16 13:42:00,CPU,Low,60,7,9,user,41,1,CPU-Node-8,75,318
2026-01-16 13:44:00,CPU,Medium,82,7,14,user,17,1,CPU-Node-20,100,406
2026-01-16 13:46:00,CPU,Medium,76,7,8,user,29,1,CPU-Node-20,94,326
2026-01-16 13:48:00,CPU,Medium,59,7,17,user,41,0,CPU-Node-49,93,418
2026-01-16 13:50:00,CPU,Medium,65,6,19,user,42,0,CPU-Node-17,100,457
2026-01-16 13:52:00,CPU,Low,78,9,16,user,26,0,CPU-Node-22,100,400
2026-01-16 13:54:00,GPU,High,74,2,18,user,26,0,GPU-Node-35,100,498
2026-01-16 13:56:00,CPU,Low,61,10,13,user,40,1,CPU-Node-7,87,385
2026-01-16 13:58:00,GPU,Medium,92,2,18,user,33,0,GPU-Node-13,100,494
2026-01-16 14:00:00,CPU,Medium,56,8,10,admin,27,1,CPU-Node-35,69,286
2026-01-16 14:02:00,CPU,Low,77,12,15,user,37,1,CPU-Node-7,100,413
2026-01-16 14:04:00,CPU,Medium,54,10,8,user,28,1,CPU-Node-16,70,291
2026-01-16 14:06:00,CPU,High,84,4,20,user,27,0,CPU-Node-43,100,503
2026-01-16 14:08:00,CPU,High,62,5,15,admin,31,1,CPU-Node-45,95,363
2026-01-16 14:10:00,CPU,High,49,6,8,admin,22,1,CPU-Node-11,64,276
2026-01-16 14:12:00,CPU,Medium,70,12,19,user,14,0,CPU-Node-34,100,460
2026-01-16 14:14:00,GPU,Medium,80,1,15,user,21,1,GPU-Node-9,100,420
2026-01-16 14:16:00,GPU,High,51,2,6,user,36,1,GPU-Node-14,59,252
2026-01-16 14:18:00,GPU,Medium,61,3,10,user,37,1,GPU-Node-7,72,321
2026-01-16 14:20:00,CPU,Low,95,6,24,user,54,0,CPU-Node-5,100,610
2026-01-16 14:22:00,CPU,Medium,74,5,14,user,51,1,CPU-Node-19,98,400
2026-01-16 14:24:00,CPU,High,61,5,10,admin,39,1,CPU-Node-21,93,339
2026-01-16 14:26:00,GPU,Low,94,3,18,user,21,0,GPU-Node-11,100,498
2026-01-16 14:28:00,GPU,High,78,1,15,user,32,1,GPU-Node-3,100,436
2026-01-16 14:30:00,CPU,Low,70,6,14,user,19,1,CPU-Node-13,91,385
2026-01-16 14:32:00,GPU,Medium,85,1,17,admin,38,0,GPU-Node-21,100,477
2026-01-16 14:34:00,CPU,High,78,3,17,user,29,0,CPU-Node-26,100,490
2026-01-16 14:36:00,CPU,Medium,78,6,14,user,5,1,CPU-Node-6,100,414
2026-01-16 14:38:00,GPU,Medium,76,2,14,user,18,1,GPU-Node-22,100,426
2026-01-16 14:40:00,GPU,Low,86,1,14,user,36,0,GPU-Node-45,100,477
2026-01-16 14:42:00,GPU,Medium,81,2,15,user,5,1,GPU-Node-8,100,452
2026-01-16 14:44:00,CPU,High,83,8,17,user,31,0,CPU-Node-24,100,463
2026-01-16 14:46:00,CPU,High,66,7,11,user,15,1,CPU-Node-17,84,327
2026-01-16 14:48:00,CPU,Medium,78,3,18,admin,39,0,CPU-Node-12,100,463
2026-01-16 14:50:00,CPU,Low,74,4,14,user,29,1,CPU-Node-11,93,388
2026-01-16 14:52:00,GPU,High,60,0,12,user,15,0,GPU-Node-7,83,375
2026-01-16 14:54:00,GPU,Medium,66,1,15,user,35,1,GPU-Node-23,98,393
2026-01-16 14:56:00,GPU,High,57,1,13,user,29,1,GPU-Node-46,80,376
2026-01-16 14:58:00,CPU,High,85,3,15,user,27,1,CPU-Node-44,100,442
2026-01-16 15:00:00,CPU,High,82,4,17,user,25,0,CPU-Node-21,100,466
2026-01-16 15:02:00,GPU,High,70,1,11,user,24,1,GPU-Node-44,83,349
2026-01-16 15:04:00,CPU,Low,87,7,18,user,35,0,CPU-Node-17,100,502
2026-01-16 15:06:00,CPU,Medium,70,8,16,admin,15,0,CPU-Node-43,100,412
2026-01-16 15:08:00,CPU,Medium,75,6,15,user,36,1,CPU-Node-1,100,401
2026-01-16 15:10:00,CPU,Medium,57,11,10,user,15,1,CPU-Node-13,72,333
2026-01-16 15:12:00,GPU,Medium,76,1,17,user,19,0,GPU-Node-42,100,444
2026-01-16 15:14:00,CPU,High,85,8,12,admin,32,1,CPU-Node-27,100,400
2026-01-16 15:16:00,CPU,Low,85,5,19,user,27,0,CPU-Node-7,100,477
2026-01-16 15:18:00,CPU,Low,95,9,19,user,15,0,CPU-Node-30,100,554
2026-01-16 15:20:00,CPU,Medium,75,13,21,user,14,0,CPU-Node-13,100,530
2026-01-16 15:22:00,GPU,Medium,87,3,16,user,40,0,GPU-Node-12,100,476
2026-01-16 15:24:00,GPU,High,71,3,15,user,41,1,GPU-Node-24,100,406
2026-01-16 15:26:00,GPU,High,64,2,11,user,41,1,GPU-Node-26,95,359
2026-01-16 15:28:00,GPU,High,90,2,18,user,25,0,GPU-Node-14,100,538
2026-01-16 15:30:00,GPU,Low,77,2,14,user,40,1,GPU-Node-37,100,411
2026-01-16 15:32:00,CPU,Medium,80,12,19,user,23,0,CPU-Node-2,100,487
2026-01-16 15:34:00,GPU,Medium,77,2,17,admin,37,0,GPU-Node-21,100,437
2026-01-16 15:36:00,CPU,Medium,81,12,18,user,35,0,CPU-Node-6,100,490
2026-01-16 15:38:00,CPU,High,71,9,17,user,40,0,CPU-Node-35,100,460
2026-01-16 15:40:00,CPU,Medium,54,4,12,user,28,1,CPU-Node-48,75,362
2026-01-16 15:42:00,GPU,Medium,86,1,17,user,20,0,GPU-Node-7,100,486
2026-01-16 15:44:00,CPU,Medium,84,11,15,user,42,1,CPU-Node-49,100,434
2026-01-16 15:46:00,CPU,Low,72,10,14,admin,14,1,CPU-Node-16,89,404
2026-01-16 15:48:00,GPU,High,79,1,17,user,24,0,GPU-Node-30,100,406
2026-01-16 15:50:00,CPU,Medium,96,5,22,user,11,0,CPU-Node-6,100,575
2026-01-16 15:52:00,CPU,High,88,7,11,user,20,1,CPU-Node-48,100,368
2026-01-16 15:54:00,CPU,High,77,8,15,user,22,1,CPU-Node-23,100,472
2026-01-16 15:56:00,CPU,Low,68,8,9,user,30,1,CPU-Node-39,87,304
2026-01-16 15:58:00,CPU,Medium,81,6,12,user,18,1,CPU-Node-33,100,405
2026-01-16 16:00:00,CPU,Medium,58,8,10,user,18,1,CPU-Node-22,74,275
2026-01-16 16:02:00,CPU,Medium,87,8,19,user,34,0,CPU-Node-30,100,524
2026-01-16 16:04:00,GPU,Medium,75,2,11,user,22,1,GPU-Node-19,92,396
2026-01-16 16:06:00,GPU,High,75,2,15,user,28,1,GPU-Node-29,100,415
2026-01-16 16:08:00,GPU,Medium,67,1,12,user,35,1,GPU-Node-4,100,378
2026-01-16 16:10:00,CPU,High,74,8,17,user,23,0,CPU-Node-25,100,433
2026-01-16 16:12:00,GPU,Low,92,2,15,user,33,1,GPU-Node-32,100,449
2026-01-16 16:14:00,GPU,Low,62,1,14,user,35,1,GPU-Node-42,90,403
2026-01-16 16:16:00,CPU,Low,71,8,14,user,25,1,CPU-Node-13,100,364
2026-01-16 16:18:00,GPU,Medium,92,2,19,user,45,0,GPU-Node-31,100,514
2026-01-16 16:20:00,GPU,High,81,1,15,admin,44,1,GPU-Node-3,100,434
2026-01-16 16:22:00,GPU,Low,99,2,19,user,36,0,GPU-Node-48,100,516
2026-01-16 16:24:00,CPU,Low,70,11,10,admin,30,1,CPU-Node-35,91,347
2026-01-16 16:26:00,GPU,Medium,82,1,17,admin,21,0,GPU-Node-24,100,484
2026-01-16 16:28:00,CPU,Low,75,4,12,admin,27,1,CPU-Node-9,100,373
2026-01-16 16:30:00,GPU,Medium,61,2,12,user,35,1,GPU-Node-34,77,407
2026-01-16 16:32:00,CPU,Low,72,9,10,admin,35,1,CPU-Node-39,86,355
2026-01-16 16:34:00,CPU,High,93,14,17,user,22,0,CPU-Node-12,100,503
2026-01-16 16:36:00,GPU,Low,82,0,10,admin,40,0,GPU-Node-42,96,335
2026-01-16 16:38:00,CPU,Low,89,10,16,admin,31,0,CPU-Node-32,100,466
2026-01-16 16:40:00,CPU,Medium,76,2,8,user,28,1,CPU-Node-34,86,319
2026-01-16 16:42:00,CPU,Medium,84,10,15,user,18,1,CPU-Node-37,100,421
2026-01-16 16:44:00,GPU,Low,91,2,17,user,26,0,GPU-Node-26,100,489
2026-01-16 16:46:00,CPU,Medium,65,13,13,user,28,1,CPU-Node-18,89,353
2026-01-16 16:48:00,GPU,Low,59,1,13,admin,36,1,GPU-Node-10,82,389
2026-01-16 16:50:00,CPU,Medium,72,7,11,user,33,1,CPU-Node-5,91,379
2026-01-16 16:52:00,CPU,Low,62,6,12,user,22,1,CPU-Node-3,90,340
2026-01-16 16:54:00,CPU,High,80,4,15,user,36,1,CPU-Node-45,100,456
2026-01-16 16:56:00,CPU,Low,72,15,14,user,28,1,CPU-Node-28,100,420
2026-01-16 16:58:00,GPU,Medium,74,1,13,user,6,1,GPU-Node-28,100,394
2026-01-16 17:00:00,CPU,High,86,9,17,user,21,0,CPU-Node-1,100,452
2026-01-16 17:02:00,CPU,High,71,16,11,user,19,1,CPU-Node-35,94,340
2026-01-16 17:04:00,GPU,Low,91,2,16,user,9,0,GPU-Node-4,100,462
2026-01-16 17:06:00,GPU,Medium,81,3,10,admin,9,1,GPU-Node-22,100,392
2026-01-16 17:08:00,CPU,Medium,80,8,17,user,28,0,CPU-Node-46,100,468
2026-01-16 17:10:00,GPU,Low,68,1,13,user,29,1,GPU-Node-2,94,401
2026-01-16 17:12:00,CPU,High,70,8,12,user,23,1,CPU-Node-13,100,388
2026-01-16 17:14:00,CPU,Medium,72,9,14,admin,22,1,CPU-Node-7,99,364
2026-01-16 17:16:00,CPU,High,75,8,11,admin,22,1,CPU-Node-10,91,360
2026-01-16 17:18:00,CPU,Medium,58,10,11,user,24,1,CPU-Node-41,94,332
2026-01-16 17:20:00,CPU,Low,69,11,13,user,48,1,CPU-Node-37,100,404
2026-01-16 17:22:00,GPU,Medium,58,2,7,admin,24,1,GPU-Node-9,75,233
2026-01-16 17:24:00,GPU,Medium,86,0,18,user,29,0,GPU-Node-4,100,517
2026-01-16 17:26:00,GPU,High,71,2,15,user,28,1,GPU-Node-41,100,437
2026-01-16 17:28:00,GPU,Low,69,1,11,user,46,1,GPU-Node-11,89,348
2026-01-16 17:30:00,GPU,Medium,78,2,14,user,36,1,GPU-Node-22,100,444
2026-01-16 17:32:00,CPU,High,69,4,9,admin,44,1,CPU-Node-10,84,329
2026-01-16 17:34:00,CPU,Low,70,8,15,user,21,1,CPU-Node-23,98,425
2026-01-16 17:36:00,CPU,Low,68,10,7,admin,32,1,CPU-Node-31,80,302
2026-01-16 17:38:00,CPU,High,60,10,9,admin,11,1,CPU-Node-7,87,290
2026-01-16 17:40:00,CPU,Low,71,4,17,admin,49,0,CPU-Node-48,100,467
2026-01-16 17:42:00,GPU,Medium,71,1,20,user,30,0,GPU-Node-28,100,463
2026-01-16 17:44:00,CPU,High,81,5,16,user,44,0,CPU-Node-44,100,432
2026-01-16 17:46:00,CPU,High,80,4,15,user,21,1,CPU-Node-10,100,425
2026-01-16 17:48:00,CPU,High,77,10,20,user,33,0,CPU-Node-37,100,490
2026-01-16 17:50:00,GPU,High,90,2,22,user,29,0,GPU-Node-1,100,576
2026-01-16 17:52:00,CPU,Low,79,5,13,user,42,1,CPU-Node-27,100,392
2026-01-16 17:54:00,GPU,Medium,82,0,18,user,32,0,GPU-Node-20,100,485
2026-01-16 17:56:00,GPU,High,90,1,16,admin,27,1,GPU-Node-2,100,446
2026-01-16 17:58:00,CPU,High,56,3,6,user,9,1,CPU-Node-46,68,245
2026-01-16 18:00:00,CPU,Medium,84,9,16,user,29,0,CPU-Node-2,100,494
2026-01-16 18:02:00,GPU,High,68,1,20,admin,36,1,GPU-Node-48,100,501
2026-01-16 18:04:00,GPU,Medium,84,1,22,admin,34,0,GPU-Node-23,100,551
2026-01-16 18:06:00,GPU,High,82,2,18,user,26,0,GPU-Node-3,100,508
2026-01-16 18:08:00,GPU,Medium,80,0,14,user,33,0,GPU-Node-4,100,443
2026-01-16 18:10:00,GPU,High,82,2,16,admin,32,1,GPU-Node-4,100,477
2026-01-16 18:12:00,GPU,Low,65,0,14,user,20,0,GPU-Node-48,100,416
2026-01-16 18:14:00,CPU,Low,69,9,13,user,52,1,CPU-Node-6,94,376
2026-01-16 18:16:00,CPU,Medium,79,6,15,user,22,1,CPU-Node-24,100,410
2026-01-16 18:18:00,CPU,Low,66,12,12,admin,30,1,CPU-Node-22,94,354
2026-01-16 18:20:00,CPU,Low,70,9,19,user,24,0,CPU-Node-29,100,485
2026-01-16 18:22:00,GPU,Medium,73,0,11,user,28,0,GPU-Node-33,100,361
2026-01-16 18:24:00,GPU,High,88,1,16,user,41,0,GPU-Node-34,100,451
2026-01-16 18:26:00,GPU,High,78,3,15,user,26,1,GPU-Node-43,100,434
2026-01-16 18:28:00,CPU,Low,72,5,9,user,32,1,CPU-Node-12,92,344
2026-01-16 18:30:00,CPU,Low,76,7,18,user,33,0,CPU-Node-10,100,462
2026-01-16 18:32:00,CPU,Medium,80,7,18,user,39,0,CPU-Node-41,100,428
2026-01-16 18:34:00,CPU,High,90,9,20,user,22,0,CPU-Node-39,100,565
2026-01-16 18:36:00,GPU,Low,88,1,10,user,41,0,GPU-Node-46,100,371
2026-01-16 18:38:00,GPU,High,82,2,18,user,32,0,GPU-Node-14,100,499
2026-01-16 18:40:00,GPU,Low,79,2,19,admin,40,0,GPU-Node-25,100,478
2026-01-16 18:42:00,GPU,Low,90,2,19,user,26,0,GPU-Node-27,100,482
2026-01-16 18:44:00,CPU,High,72,9,8,user,27,1,CPU-Node-31,80,316
2026-01-16 18:46:00,CPU,Low,79,5,15,user,35,1,CPU-Node-23,100,466
2026-01-16 18:48:00,GPU,Low,83,2,18,user,49,0,GPU-Node-16,100,501
2026-01-16 18:50:00,GPU,High,72,3,12,user,30,1,GPU-Node-27,97,393
2026-01-16 18:52:00,GPU,Low,81,2,17,user,32,0,GPU-Node-30,100,433
2026-01-16 18:54:00,CPU,Low,85,6,17,user,36,0,CPU-Node-29,100,494
2026-01-16 18:56:00,GPU,High,73,2,11,user,12,1,GPU-Node-20,88,345
2026-01-16 18:58:00,CPU,Medium,97,7,20,user,38,0,CPU-Node-34,100,528
2026-01-16 19:00:00,GPU,Medium,32,0,2,user,31,0,GPU-Node-1,37,143
2026-01-16 19:02:00,CPU,Low,29,11,9,user,50,1,CPU-Node-3,38,205
2026-01-16 19:04:00,CPU,Medium,19,12,5,user,35,1,CPU-Node-36,27,173
2026-01-16 19:06:00,CPU,Medium,42,11,9,user,47,1,CPU-Node-38,62,275
2026-01-16 19:08:00,CPU,Medium,47,3,12,user,48,1,CPU-Node-38,76,325
2026-01-16 19:10:00,GPU,Medium,25,2,3,admin,35,1,GPU-Node-9,31,150
2026-01-16 19:12:00,CPU,Medium,50,8,10,user,36,1,CPU-Node-43,73,321
2026-01-16 19:14:00,GPU,Medium,40,1,6,user,34,1,GPU-Node-9,45,203
2026-01-16 19:16:00,CPU,Medium,28,3,4,user,31,1,CPU-Node-24,32,179
2026-01-16 19:18:00,CPU,Medium,39,9,10,user,28,1,CPU-Node-33,50,294
2026-01-16 19:20:00,GPU,High,32,1,1,user,44,1,GPU-Node-41,37,126
2026-01-16 19:22:00,GPU,Low,34,1,3,user,35,1,GPU-Node-47,43,183
2026-01-16 19:24:00,CPU,High,39,10,2,user,31,1,CPU-Node-21,39,160
2026-01-16 19:26:00,GPU,High,22,2,7,user,24,1,GPU-Node-43,35,194
2026-01-16 19:28:00,GPU,Low,32,2,7,user,16,1,GPU-Node-45,44,241
2026-01-16 19:30:00,CPU,High,25,10,1,user,20,1,CPU-Node-27,29,93
2026-01-16 19:32:00,CPU,High,33,7,11,user,22,1,CPU-Node-44,61,281
2026-01-16 19:34:00,CPU,Medium,35,13,7,user,23,1,CPU-Node-15,49,229
2026-01-16 19:36:00,GPU,Medium,20,0,7,user,29,0,GPU-Node-33,38,160
2026-01-16 19:38:00,CPU,Medium,59,8,13,user,41,1,CPU-Node-33,80,362
2026-01-16 19:40:00,GPU,High,26,1,5,user,37,1,GPU-Node-10,41,165
2026-01-16 19:42:00,CPU,Medium,19,9,6,user,30,1,CPU-Node-43,38,189
2026-01-16 19:44:00,CPU,Medium,31,10,5,user,39,1,CPU-Node-38,41,191
2026-01-16 19:46:00,GPU,Medium,38,0,6,admin,13,0,GPU-Node-7,44,214
2026-01-16 19:48:00,CPU,Low,17,6,4,user,27,1,CPU-Node-17,25,133
2026-01-16 19:50:00,CPU,Low,25,4,8,user,24,1,CPU-Node-28,41,223
2026-01-16 19:52:00,GPU,Low,33,0,9,user,33,0,GPU-Node-17,58,243
2026-01-16 19:54:00,CPU,Low,17,7,9,user,36,1,CPU-Node-1,39,224
2026-01-16 19:56:00,CPU,High,23,12,3,user,30,1,CPU-Node-15,30,134
2026-01-16 19:58:00,CPU,Medium,45,5,11,user,25,1,CPU-Node-40,59,275
2026-01-16 20:00:00,GPU,High,21,2,9,user,35,1,GPU-Node-12,49,200
2026-01-16 20:02:00,CPU,High,35,11,5,user,24,1,CPU-Node-35,50,180
2026-01-16 20:04:00,GPU,Medium,46,1,6,user,23,1,GPU-Node-46,59,250
2026-01-16 20:06:00,GPU,Medium,49,2,11,admin,22,1,GPU-Node-39,66,300
2026-01-16 20:08:00,CPU,Medium,29,3,11,user,33,1,CPU-Node-44,49,270
2026-01-16 20:10:00,CPU,High,47,8,13,user,29,1,CPU-Node-2,71,356
2026-01-16 20:12:00,GPU,High,41,2,13,user,31,1,GPU-Node-35,72,305
2026-01-16 20:14:00,GPU,High,19,2,3,user,34,1,GPU-Node-9,20,157
2026-01-16 20:16:00,CPU,High,39,5,13,user,21,1,CPU-Node-24,65,314
2026-01-16 20:18:00,GPU,Medium,36,1,2,user,45,1,GPU-Node-15,44,109
2026-01-16 20:20:00,CPU,Medium,29,7,6,admin,31,1,CPU-Node-44,45,196
2026-01-16 20:22:00,CPU,High,24,11,5,user,19,1,CPU-Node-27,33,182
2026-01-16 20:24:00,CPU,Medium,33,7,8,user,25,1,CPU-Node-14,46,264
2026-01-16 20:26:00,GPU,High,32,2,0,user,36,1,GPU-Node-21,20,113
2026-01-16 20:28:00,GPU,High,23,2,5,user,36,1,GPU-Node-15,30,190
2026-01-16 20:30:00,CPU,Low,35,11,5,user,34,1,CPU-Node-35,44,217
2026-01-16 20:32:00,GPU,Low,41,1,4,user,44,1,GPU-Node-16,45,206
2026-01-16 20:34:00,GPU,Medium,20,1,8,user,26,1,GPU-Node-24,33,203
2026-01-16 20:36:00,CPU,High,44,6,5,user,30,1,CPU-Node-4,51,233
2026-01-16 20:38:00,GPU,High,30,1,0,user,34,1,GPU-Node-1,32,116
2026-01-16 20:40:00,CPU,Medium,21,6,1,user,42,1,CPU-Node-9,18,117
2026-01-16 20:42:00,GPU,High,61,2,10,user,28,1,GPU-Node-17,79,349
2026-01-16 20:44:00,GPU,Medium,19,1,8,admin,29,1,GPU-Node-16,37,210
2026-01-16 20:46:00,GPU,Medium,40,1,11,user,39,1,GPU-Node-48,56,319
2026-01-16 20:48:00,CPU,Medium,36,11,10,user,18,1,CPU-Node-19,56,279
2026-01-16 20:50:00,CPU,Low,21,5,8,user,41,1,CPU-Node-46,36,207
2026-01-16 20:52:00,CPU,Medium,35,8,8,user,33,1,CPU-Node-33,54,254
2026-01-16 20:54:00,GPU,Medium,33,1,4,user,37,1,GPU-Node-30,40,151
2026-01-16 20:56:00,GPU,High,49,2,10,admin,21,1,GPU-Node-18,66,283
2026-01-16 20:58:00,GPU,Medium,36,1,4,user,14,1,GPU-Node-14,46,207
2026-01-16 21:00:00,GPU,High,22,1,4,user,25,1,GPU-Node-33,28,171
2026-01-16 21:02:00,CPU,High,26,10,7,user,42,1,CPU-Node-30,37,203
2026-01-16 21:04:00,GPU,Low,46,3,4,user,40,1,GPU-Node-16,53,183
2026-01-16 21:06:00,CPU,Medium,39,10,7,user,14,1,CPU-Node-40,53,214
2026-01-16 21:08:00,GPU,High,20,2,8,user,42,1,GPU-Node-29,31,228
2026-01-16 21:10:00,GPU,Low,45,3,9,user,25,1,GPU-Node-9,58,268
2026-01-16 21:12:00,CPU,Low,48,9,11,user,30,1,CPU-Node-15,73,319
2026-01-16 21:14:00,GPU,Low,49,2,5,user,44,1,GPU-Node-33,56,215
2026-01-16 21:16:00,GPU,Medium,36,1,5,user,32,1,GPU-Node-14,40,180
2026-01-16 21:18:00,GPU,Medium,43,2,13,user,11,1,GPU-Node-11,58,339
2026-01-16 21:20:00,CPU,High,37,5,6,user,30,1,CPU-Node-38,55,204
2026-01-16 21:22:00,CPU,Medium,33,9,1,user,22,1,CPU-Node-4,36,132
2026-01-16 21:24:00,GPU,Low,28,1,6,user,21,1,GPU-Node-42,46,205
2026-01-16 21:26:00,CPU,Medium,15,6,6,user,21,1,CPU-Node-31,26,179
2026-01-16 21:28:00,CPU,High,46,6,10,user,34,1,CPU-Node-6,70,345
2026-01-16 21:30:00,CPU,Low,36,10,11,user,40,1,CPU-Node-1,62,280
2026-01-16 21:32:00,CPU,High,40,8,8,user,32,1,CPU-Node-40,61,275
2026-01-16 21:34:00,GPU,High,35,0,4,user,35,0,GPU-Node-18,48,169
2026-01-16 21:36:00,CPU,Low,29,5,10,user,39,1,CPU-Node-10,44,277
2026-01-16 21:38:00,CPU,Medium,36,7,7,user,24,1,CPU-Node-50,60,227
2026-01-16 21:40:00,CPU,High,49,12,9,user,25,1,CPU-Node-24,71,263
2026-01-16 21:42:00,CPU,Medium,29,6,3,user,10,1,CPU-Node-44,43,188
2026-01-16 21:44:00,CPU,Medium,16,7,8,user,20,1,CPU-Node-42,32,187
2026-01-16 21:46:00,CPU,Medium,28,7,3,user,35,1,CPU-Node-25,33,166
2026-01-16 21:48:00,CPU,Low,32,6,8,user,5,1,CPU-Node-15,48,232
2026-01-16 21:50:00,GPU,Medium,29,0,4,user,32,0,GPU-Node-7,35,163
2026-01-16 21:52:00,CPU,Low,57,9,12,user,29,1,CPU-Node-28,77,338
2026-01-16 21:54:00,CPU,Low,51,10,12,user,19,1,CPU-Node-40,70,294
2026-01-16 21:56:00,CPU,High,37,4,9,user,23,1,CPU-Node-44,52,223
2026-01-16 21:58:00,GPU,Medium,38,2,6,admin,23,1,GPU-Node-3,47,222
2026-01-16 22:00:00,CPU,Medium,28,6,5,user,23,1,CPU-Node-33,32,158
2026-01-16 22:02:00,GPU,High,48,2,6,user,31,1,GPU-Node-22,62,218
2026-01-16 22:04:00,GPU,Medium,44,1,5,user,26,1,GPU-Node-27,57,187
2026-01-16 22:06:00,CPU,Medium,50,6,17,user,34,0,CPU-Node-36,84,432
2026-01-16 22:08:00,CPU,Medium,40,7,12,user,21,1,CPU-Node-42,60,330
2026-01-16 22:10:00,GPU,Medium,43,2,12,user,20,1,GPU-Node-36,74,349
2026-01-16 22:12:00,CPU,Medium,31,2,11,user,39,1,CPU-Node-34,54,254
2026-01-16 22:14:00,GPU,Low,31,2,6,user,34,1,GPU-Node-20,40,214
2026-01-16 22:16:00,CPU,Medium,37,3,3,user,23,1,CPU-Node-24,35,145
2026-01-16 22:18:00,CPU,Low,28,5,7,user,17,1,CPU-Node-41,46,206
2026-01-16 22:20:00,GPU,Low,19,2,7,user,32,1,GPU-Node-6,39,187
2026-01-16 22:22:00,CPU,Medium,44,12,9,user,30,1,CPU-Node-31,57,286
2026-01-16 22:24:00,CPU,Low,39,6,7,admin,18,1,CPU-Node-50,47,206
2026-01-16 22:26:00,GPU,Medium,40,1,4,user,23,1,GPU-Node-11,46,177
2026-01-16 22:28:00,CPU,Medium,38,2,9,user,38,1,CPU-Node-29,57,283
2026-01-16 22:30:00,CPU,Low,39,11,3,user,11,1,CPU-Node-11,48,180
2026-01-16 22:32:00,GPU,Medium,36,3,8,user,27,1,GPU-Node-44,45,233
2026-01-16 22:34:00,CPU,High,34,9,5,user,38,1,CPU-Node-50,41,185
2026-01-16 22:36:00,GPU,High,32,2,4,user,16,1,GPU-Node-15,51,173
2026-01-16 22:38:00,CPU,High,35,4,9,user,38,1,CPU-Node-19,53,262
2026-01-16 22:40:00,GPU,High,39,1,11,user,24,1,GPU-Node-22,67,307
2026-01-16 22:42:00,CPU,Low,29,8,4,user,39,1,CPU-Node-16,36,155
2026-01-16 22:44:00,GPU,High,25,2,0,user,32,1,GPU-Node-5,28,85
2026-01-16 22:46:00,GPU,High,21,2,0,user,34,1,GPU-Node-35,25,95
2026-01-16 22:48:00,GPU,Medium,23,0,10,user,38,0,GPU-Node-21,47,244
2026-01-16 22:50:00,CPU,Medium,32,11,7,user,16,1,CPU-Node-28,41,218
2026-01-16 22:52:00,CPU,Medium,37,3,7,user,43,1,CPU-Node-1,50,218
2026-01-16 22:54:00,GPU,High,23,3,5,user,20,1,GPU-Node-21,24,169
2026-01-16 22:56:00,CPU,High,28,11,6,user,19,1,CPU-Node-23,37,209
2026-01-16 22:58:00,GPU,Low,46,1,7,user,37,1,GPU-Node-31,63,241
2026-01-16 23:00:00,CPU,High,49,8,11,user,34,1,CPU-Node-6,63,317
2026-01-16 23:02:00,CPU,Low,55,5,16,user,37,0,CPU-Node-19,81,415
2026-01-16 23:04:00,CPU,High,32,7,9,user,39,1,CPU-Node-12,42,266
2026-01-16 23:06:00,CPU,Low,33,5,10,admin,37,1,CPU-Node-32,50,267
2026-01-16 23:08:00,CPU,Medium,36,5,9,user,32,1,CPU-Node-26,49,247
2026-01-16 23:10:00,GPU,High,30,3,10,user,32,1,GPU-Node-23,53,255
2026-01-16 23:12:00,CPU,High,45,9,6,admin,24,1,CPU-Node-5,60,224
2026-01-16 23:14:00,CPU,Medium,42,9,6,admin,31,1,CPU-Node-9,47,161
2026-01-16 23:16:00,CPU,Medium,32,9,1,admin,39,1,CPU-Node-33,45,109
2026-01-16 23:18:00,CPU,Medium,18,7,4,user,18,1,CPU-Node-6,34,129
2026-01-16 23:20:00,CPU,High,32,1,6,user,41,1,CPU-Node-49,48,166
2026-01-16 23:22:00,CPU,High,25,7,6,user,28,1,CPU-Node-38,43,203
2026-01-16 23:24:00,CPU,Medium,26,5,3,user,22,1,CPU-Node-47,35,165
2026-01-16 23:26:00,GPU,High,23,1,5,user,37,1,GPU-Node-26,25,189
2026-01-16 23:28:00,GPU,Medium,38,2,7,user,24,1,GPU-Node-10,58,235
2026-01-16 23:30:00,CPU,High,39,5,7,user,41,1,CPU-Node-5,50,202
2026-01-16 23:32:00,CPU,Medium,28,6,7,user,31,1,CPU-Node-42,43,203
2026-01-16 23:34:00,GPU,Medium,17,0,5,user,16,0,GPU-Node-4,22,199
2026-01-16 23:36:00,CPU,Medium,28,15,8,user,24,1,CPU-Node-14,47,214
2026-01-16 23:38:00,CPU,High,38,6,7,user,15,1,CPU-Node-32,44,226
2026-01-16 23:40:00,CPU,Medium,35,11,3,user,31,1,CPU-Node-7,46,174
2026-01-16 23:42:00,GPU,Low,25,2,7,user,21,1,GPU-Node-33,50,199
2026-01-16 23:44:00,CPU,Medium,30,7,6,user,32,1,CPU-Node-3,43,191
2026-01-16 23:46:00,CPU,High,28,10,7,user,11,1,CPU-Node-44,30,184
2026-01-16 23:48:00,CPU,High,47,6,5,user,21,1,CPU-Node-13,66,185
2026-01-16 23:50:00,GPU,Medium,40,1,7,admin,17,1,GPU-Node-1,50,203
2026-01-16 23:52:00,GPU,Low,39,0,10,user,38,0,GPU-Node-39,56,311
2026-01-16 23:54:00,GPU,Low,34,2,5,user,40,1,GPU-Node-50,48,174
2026-01-16 23:56:00,CPU,High,23,8,5,user,49,1,CPU-Node-46,32,191
2026-01-16 23:58:00,CPU,High,16,3,6,user,29,1,CPU-Node-2,28,198
2026-01-17 00:00:00,CPU,High,37,9,11,user,14,1,CPU-Node-38,55,294
2026-01-17 00:02:00,GPU,Low,32,2,12,user,54,1,GPU-Node-33,61,291
2026-01-17 00:04:00,CPU,Medium,32,7,3,user,12,1,CPU-Node-44,38,169
2026-01-17 00:06:00,CPU,Low,24,5,8,admin,22,1,CPU-Node-26,44,208
2026-01-17 00:08:00,GPU,Medium,20,3,2,admin,22,1,GPU-Node-36,28,129
2026-01-17 00:10:00,GPU,Medium,30,2,11,user,28,1,GPU-Node-5,44,252
2026-01-17 00:12:00,CPU,Medium,41,10,1,user,27,1,CPU-Node-37,43,146
2026-01-17 00:14:00,CPU,Medium,23,6,8,user,16,1,CPU-Node-43,41,165
2026-01-17 00:16:00,CPU,High,23,9,1,user,21,1,CPU-Node-18,19,83
2026-01-17 00:18:00,CPU,Medium,10,6,3,admin,47,1,CPU-Node-9,8,117
2026-01-17 00:20:00,CPU,Low,44,7,8,user,37,1,CPU-Node-50,53,267
2026-01-17 00:22:00,CPU,Medium,14,11,0,admin,29,1,CPU-Node-1,17,50
2026-01-17 00:24:00,GPU,Medium,36,3,4,user,24,1,GPU-Node-22,36,175
2026-01-17 00:26:00,CPU,Medium,39,13,6,user,42,1,CPU-Node-6,55,200
2026-01-17 00:28:00,CPU,Medium,18,7,1,user,30,1,CPU-Node-8,21,82
2026-01-17 00:30:00,GPU,High,35,3,11,user,33,1,GPU-Node-30,66,277
2026-01-17 00:32:00,CPU,Low,33,2,5,user,39,1,CPU-Node-15,46,156
2026-01-17 00:34:00,GPU,Medium,52,0,5,user,18,0,GPU-Node-18,65,230
2026-01-17 00:36:00,CPU,High,33,9,11,user,43,1,CPU-Node-30,55,273
2026-01-17 00:38:00,GPU,Medium,35,1,5,user,30,1,GPU-Node-49,42,203
2026-01-17 00:40:00,CPU,Medium,40,6,5,user,17,1,CPU-Node-20,47,183
2026-01-17 00:42:00,CPU,High,30,11,4,user,39,1,CPU-Node-22,30,172
2026-01-17 00:44:00,CPU,Medium,23,8,1,user,35,1,CPU-Node-19,25,111
2026-01-17 00:46:00,GPU,Medium,45,1,7,user,39,1,GPU-Node-45,56,245
2026-01-17 00:48:00,CPU,Medium,29,12,10,user,32,1,CPU-Node-25,44,254
2026-01-17 00:50:00,GPU,Medium,10,1,8,user,25,1,GPU-Node-14,32,177
2026-01-17 00:52:00,CPU,Low,31,6,9,user,36,1,CPU-Node-8,49,262
2026-01-17 00:54:00,CPU,Low,26,5,5,user,26,1,CPU-Node-17,33,165
2026-01-17 00:56:00,GPU,Low,44,2,5,user,31,1,GPU-Node-3,54,215
2026-01-17 00:58:00,CPU,Medium,27,12,7,user,26,1,CPU-Node-21,32,192
2026-01-17 01:00:00,CPU,Low,31,7,9,admin,34,1,CPU-Node-40,47,272
2026-01-17 01:02:00,CPU,Medium,36,5,5,user,15,1,CPU-Node-32,46,218
2026-01-17 01:04:00,GPU,Low,47,3,12,user,40,1,GPU-Node-46,79,288
2026-01-17 01:06:00,GPU,Low,17,2,0,user,31,1,GPU-Node-12,13,50
2026-01-17 01:08:00,GPU,Medium,47,2,2,admin,40,1,GPU-Node-37,56,141
2026-01-17 01:10:00,CPU,Low,33,9,5,user,32,1,CPU-Node-34,45,177
2026-01-17 01:12:00,CPU,Low,29,4,2,user,16,1,CPU-Node-18,28,127
2026-01-17 01:14:00,GPU,Medium,42,3,10,admin,37,1,GPU-Node-16,63,258
2026-01-17 01:16:00,CPU,Low,30,9,2,user,25,1,CPU-Node-13,28,111
2026-01-17 01:18:00,CPU,Medium,37,13,2,user,42,1,CPU-Node-20,41,188
2026-01-17 01:20:00,GPU,Medium,45,3,8,user,13,1,GPU-Node-49,61,229
2026-01-17 01:22:00,GPU,High,26,2,7,user,34,1,GPU-Node-28,30,237
2026-01-17 01:24:00,CPU,Low,33,9,8,user,33,1,CPU-Node-4,49,255
2026-01-17 01:26:00,GPU,High,28,2,0,user,18,1,GPU-Node-42,26,137
2026-01-17 01:28:00,GPU,Medium,29,3,4,user,26,1,GPU-Node-48,29,155
2026-01-17 01:30:00,CPU,Low,48,11,9,user,33,1,CPU-Node-47,65,243
2026-01-17 01:32:00,CPU,Low,40,5,7,user,34,1,CPU-Node-16,54,238
2026-01-17 01:34:00,CPU,Medium,44,9,6,user,40,1,CPU-Node-8,58,211
2026-01-17 01:36:00,CPU,Low,43,6,11,user,41,1,CPU-Node-5,63,283
2026-01-17 01:38:00,CPU,Low,34,6,6,user,31,1,CPU-Node-44,43,189
2026-01-17 01:40:00,GPU,High,35,2,7,user,35,1,GPU-Node-10,46,242
2026-01-17 01:42:00,CPU,Medium,34,8,5,user,21,1,CPU-Node-23,38,212
2026-01-17 01:44:00,GPU,Medium,33,1,11,admin,24,1,GPU-Node-14,61,289
2026-01-17 01:46:00,CPU,Low,34,11,11,user,20,1,CPU-Node-19,58,306
2026-01-17 01:48:00,CPU,High,30,15,0,user,32,1,CPU-Node-12,25,86
2026-01-17 01:50:00,CPU,Medium,45,11,7,admin,47,1,CPU-Node-50,61,201
2026-01-17 01:52:00,CPU,High,39,3,4,admin,19,1,CPU-Node-23,48,176
2026-01-17 01:54:00,CPU,High,42,10,14,user,30,1,CPU-Node-29,67,324
2026-01-17 01:56:00,CPU,Medium,16,9,0,admin,28,1,CPU-Node-49,13,50
2026-01-17 01:58:00,GPU,Medium,27,2,0,user,14,1,GPU-Node-43,36,99
2026-01-17 02:00:00,CPU,Low,29,3,3,user,33,1,CPU-Node-46,36,148
2026-01-17 02:02:00,GPU,High,30,2,7,user,36,1,GPU-Node-39,39,202
2026-01-17 02:04:00,CPU,High,32,3,4,user,24,1,CPU-Node-29,34,149
2026-01-17 02:06:00,GPU,High,56,2,9,user,25,1,GPU-Node-1,75,310
2026-01-17 02:08:00,GPU,High,42,0,7,admin,53,0,GPU-Node-27,47,231
2026-01-17 02:10:00,CPU,Medium,29,6,8,user,30,1,CPU-Node-29,54,221
2026-01-17 02:12:00,CPU,Low,34,4,6,user,28,1,CPU-Node-39,43,217
2026-01-17 02:14:00,CPU,Low,26,10,5,user,47,1,CPU-Node-13,26,213
2026-01-17 02:16:00,CPU,Medium,42,8,4,user,38,1,CPU-Node-32,51,221
2026-01-17 02:18:00,GPU,High,37,3,6,user,24,1,GPU-Node-43,49,244
2026-01-17 02:20:00,CPU,High,33,2,4,user,10,1,CPU-Node-40,38,168
2026-01-17 02:22:00,GPU,Low,18,1,4,user,40,1,GPU-Node-12,28,185
2026-01-17 02:24:00,GPU,High,29,0,2,user,23,0,GPU-Node-50,34,158
2026-01-17 02:26:00,CPU,Medium,50,8,13,user,34,1,CPU-Node-31,70,379
2026-01-17 02:28:00,CPU,Low,32,7,4,user,20,1,CPU-Node-38,36,177
2026-01-17 02:30:00,CPU,High,41,11,6,admin,22,1,CPU-Node-32,55,236
2026-01-17 02:32:00,GPU,Medium,40,1,6,admin,34,1,GPU-Node-22,44,244
2026-01-17 02:34:00,CPU,High,37,5,5,user,18,1,CPU-Node-25,43,218
2026-01-17 02:36:00,CPU,Low,32,10,4,admin,27,1,CPU-Node-13,38,158
2026-01-17 02:38:00,CPU,Low,42,6,9,admin,44,1,CPU-Node-21,56,290
2026-01-17 02:40:00,CPU,High,37,5,6,user,49,1,CPU-Node-40,43,197
2026-01-17 02:42:00,CPU,Low,41,6,9,user,24,1,CPU-Node-4,64,268
2026-01-17 02:44:00,CPU,Medium,39,5,4,admin,37,1,CPU-Node-11,46,179
2026-01-17 02:46:00,CPU,High,35,5,6,user,35,1,CPU-Node-16,48,186
2026-01-17 02:48:00,CPU,Medium,29,4,8,user,17,1,CPU-Node-17,50,233
2026-01-17 02:50:00,CPU,Medium,33,7,2,user,34,1,CPU-Node-25,39,143
2026-01-17 02:52:00,GPU,High,37,1,6,user,31,1,GPU-Node-15,43,227
2026-01-17 02:54:00,CPU,Low,46,10,7,user,40,1,CPU-Node-47,49,276
2026-01-17 02:56:00,CPU,Low,20,8,4,user,24,1,CPU-Node-4,28,136
2026-01-17 02:58:00,CPU,Low,26,5,5,user,41,1,CPU-Node-49,46,149
2026-01-17 03:00:00,CPU,Medium,29,8,2,user,20,1,CPU-Node-4,32,146
2026-01-17 03:02:00,GPU,Medium,30,3,5,user,49,1,GPU-Node-24,31,198
2026-01-17 03:04:00,CPU,High,52,10,13,user,37,1,CPU-Node-9,77,331
2026-01-17 03:06:00,CPU,High,32,9,7,user,24,1,CPU-Node-20,45,212
2026-01-17 03:08:00,CPU,Low,30,6,2,admin,38,1,CPU-Node-39,32,107
2026-01-17 03:10:00,CPU,High,34,8,4,user,22,1,CPU-Node-9,38,142
2026-01-17 03:12:00,CPU,High,27,9,6,admin,40,1,CPU-Node-32,44,189
2026-01-17 03:14:00,CPU,High,47,6,14,user,49,1,CPU-Node-49,75,306
2026-01-17 03:16:00,CPU,High,20,8,2,admin,21,1,CPU-Node-5,20,98
2026-01-17 03:18:00,CPU,High,39,15,8,user,19,1,CPU-Node-31,58,278
2026-01-17 03:20:00,CPU,High,47,3,9,user,32,1,CPU-Node-26,76,251
2026-01-17 03:22:00,CPU,Low,30,7,10,user,23,1,CPU-Node-26,52,274
2026-01-17 03:24:00,CPU,Low,31,6,8,user,27,1,CPU-Node-1,43,208
2026-01-17 03:26:00,CPU,Medium,29,1,4,user,31,1,CPU-Node-8,40,161
2026-01-17 03:28:00,CPU,High,16,10,9,user,22,1,CPU-Node-1,30,192
2026-01-17 03:30:00,GPU,High,42,2,12,user,12,1,GPU-Node-25,65,345
2026-01-17 03:32:00,GPU,High,37,1,4,admin,20,1,GPU-Node-12,41,171
2026-01-17 03:34:00,GPU,High,35,2,11,user,30,1,GPU-Node-49,59,296
2026-01-17 03:36:00,CPU,High,46,7,6,admin,33,1,CPU-Node-3,62,235
2026-01-17 03:38:00,GPU,High,43,1,7,admin,5,1,GPU-Node-9,62,238
2026-01-17 03:40:00,CPU,Medium,53,9,11,user,41,1,CPU-Node-36,77,303
2026-01-17 03:42:00,CPU,High,40,9,7,user,21,1,CPU-Node-24,52,216
2026-01-17 03:44:00,CPU,Medium,35,8,4,admin,31,1,CPU-Node-48,40,162
2026-01-17 03:46:00,CPU,Low,21,10,5,user,20,1,CPU-Node-4,40,195
2026-01-17 03:48:00,GPU,Medium,35,2,15,admin,16,1,GPU-Node-26,61,312
2026-01-17 03:50:00,CPU,Medium,22,9,2,user,29,1,CPU-Node-47,28,147
2026-01-17 03:52:00,GPU,Low,46,3,12,user,13,1,GPU-Node-31,79,315
2026-01-17 03:54:00,GPU,High,28,1,2,user,34,1,GPU-Node-9,19,124
2026-01-17 03:56:00,CPU,High,44,6,4,user,54,1,CPU-Node-43,57,185
2026-01-17 03:58:00,CPU,High,57,9,7,user,23,1,CPU-Node-47,69,282
2026-01-17 04:00:00,CPU,Medium,38,8,3,user,30,1,CPU-Node-37,46,183
2026-01-17 04:02:00,GPU,Medium,36,0,11,user,22,0,GPU-Node-2,57,285
2026-01-17 04:04:00,GPU,Medium,10,3,4,user,34,1,GPU-Node-32,21,94
2026-01-17 04:06:00,CPU,Low,48,3,9,user,23,1,CPU-Node-33,64,265
2026-01-17 04:08:00,GPU,Medium,34,2,6,user,35,1,GPU-Node-31,42,175
2026-01-17 04:10:00,GPU,High,45,2,8,user,29,1,GPU-Node-44,64,283
2026-01-17 04:12:00,GPU,Low,34,2,11,admin,30,1,GPU-Node-45,51,278
2026-01-17 04:14:00,CPU,Low,38,5,7,user,41,1,CPU-Node-44,63,219
2026-01-17 04:16:00,CPU,Medium,30,6,4,user,27,1,CPU-Node-5,42,185
2026-01-17 04:18:00,CPU,Low,41,5,1,user,40,1,CPU-Node-2,43,156
2026-01-17 04:20:00,CPU,Medium,25,9,1,user,60,1,CPU-Node-1,22,110
2026-01-17 04:22:00,GPU,Low,33,1,10,admin,10,1,GPU-Node-1,48,288
2026-01-17 04:24:00,GPU,Low,29,0,9,user,49,0,GPU-Node-36,40,267
2026-01-17 04:26:00,GPU,Medium,45,0,5,user,39,0,GPU-Node-39,58,207
2026-01-17 04:28:00,CPU,Low,48,8,8,user,36,1,CPU-Node-2,63,300
2026-01-17 04:30:00,CPU,Medium,38,4,6,admin,14,1,CPU-Node-37,44,245
2026-01-17 04:32:00,GPU,High,31,3,0,user,23,1,GPU-Node-39,37,139
2026-01-17 04:34:00,GPU,Low,45,0,12,user,27,0,GPU-Node-17,64,308
2026-01-17 04:36:00,CPU,Low,43,9,13,user,19,1,CPU-Node-43,67,322
2026-01-17 04:38:00,CPU,Low,42,1,6,user,26,1,CPU-Node-14,47,223
2026-01-17 04:40:00,CPU,Medium,44,4,10,user,20,1,CPU-Node-9,62,298
2026-01-17 04:42:00,CPU,Low,40,7,8,user,22,1,CPU-Node-13,61,257
2026-01-17 04:44:00,CPU,Low,49,7,11,user,39,1,CPU-Node-3,64,293
2026-01-17 04:46:00,CPU,Medium,40,13,2,user,38,1,CPU-Node-14,48,149
2026-01-17 04:48:00,CPU,High,26,10,0,admin,13,1,CPU-Node-31,34,100
2026-01-17 04:50:00,GPU,Medium,27,2,2,admin,31,1,GPU-Node-19,29,142
2026-01-17 04:52:00,GPU,Low,25,1,9,user,37,1,GPU-Node-33,47,210
2026-01-17 04:54:00,GPU,Medium,54,3,8,user,39,1,GPU-Node-38,63,249
2026-01-17 04:56:00,CPU,Medium,36,13,12,user,25,1,CPU-Node-41,59,320
2026-01-17 04:58:00,CPU,Medium,39,13,9,admin,24,1,CPU-Node-13,59,265
2026-01-17 05:00:00,GPU,Low,31,3,6,user,36,1,GPU-Node-2,40,225
2026-01-17 05:02:00,CPU,Medium,24,8,9,user,25,1,CPU-Node-11,42,245
2026-01-17 05:04:00,GPU,High,44,1,7,user,46,1,GPU-Node-13,59,261
2026-01-17 05:06:00,GPU,Low,37,2,8,user,29,1,GPU-Node-18,52,248
2026-01-17 05:08:00,GPU,Medium,43,1,11,user,27,1,GPU-Node-2,70,272
2026-01-17 05:10:00,CPU,High,33,10,5,user,41,1,CPU-Node-36,44,202
2026-01-17 05:12:00,CPU,Medium,50,7,9,user,38,1,CPU-Node-35,60,292
2026-01-17 05:14:00,CPU,High,39,15,8,user,23,1,CPU-Node-47,45,249
2026-01-17 05:16:00,CPU,Medium,38,12,3,admin,9,1,CPU-Node-27,37,167
2026-01-17 05:18:00,GPU,Medium,24,2,6,user,48,1,GPU-Node-3,44,190
2026-01-17 05:20:00,GPU,High,35,2,5,user,26,1,GPU-Node-1,43,205
2026-01-17 05:22:00,CPU,Medium,26,8,4,user,23,1,CPU-Node-10,32,165
2026-01-17 05:24:00,GPU,Medium,42,1,8,user,30,1,GPU-Node-10,61,269
2026-01-17 05:26:00,CPU,Medium,42,4,8,user,26,1,CPU-Node-23,63,251
2026-01-17 05:28:00,CPU,Medium,60,8,10,user,31,1,CPU-Node-19,80,329
2026-01-17 05:30:00,GPU,High,28,2,3,admin,13,1,GPU-Node-6,36,116
2026-01-17 05:32:00,CPU,High,33,7,1,admin,23,1,CPU-Node-42,30,124
2026-01-17 05:34:00,GPU,Low,39,2,12,user,5,1,GPU-Node-28,67,310
2026-01-17 05:36:00,GPU,Low,48,4,11,user,20,1,GPU-Node-33,67,282
2026-01-17 05:38:00,CPU,Medium,46,11,5,admin,29,1,CPU-Node-43,53,238
2026-01-17 05:40:00,CPU,Low,18,6,0,admin,32,1,CPU-Node-4,24,77
2026-01-17 05:42:00,CPU,High,22,1,5,user,35,1,CPU-Node-35,28,190
2026-01-17 05:44:00,CPU,Medium,42,6,8,user,34,1,CPU-Node-18,59,224
2026-01-17 05:46:00,GPU,Low,44,0,8,user,45,0,GPU-Node-7,61,269
2026-01-17 05:48:00,CPU,High,33,7,4,user,40,1,CPU-Node-18,33,178
2026-01-17 05:50:00,GPU,High,17,2,5,user,25,1,GPU-Node-25,38,165
2026-01-17 05:52:00,GPU,Low,51,2,8,user,28,1,GPU-Node-19,67,254
2026-01-17 05:54:00,GPU,Low,54,3,11,user,21,1,GPU-Node-20,84,328
2026-01-17 05:56:00,CPU,Medium,20,8,1,user,35,1,CPU-Node-50,16,118
2026-01-17 05:58:00,CPU,High,27,7,3,user,31,1,CPU-Node-46,33,107
2026-01-17 06:00:00,CPU,Medium,43,7,13,user,28,1,CPU-Node-12,65,320
2026-01-17 06:02:00,CPU,Medium,27,12,3,user,36,1,CPU-Node-48,36,125
2026-01-17 06:04:00,CPU,High,36,10,10,user,35,1,CPU-Node-5,62,302
2026-01-17 06:06:00,GPU,Medium,47,1,10,admin,39,1,GPU-Node-2,59,267
2026-01-17 06:08:00,GPU,Medium,10,2,0,user,29,1,GPU-Node-7,9,50
2026-01-17 06:10:00,CPU,Medium,26,6,1,user,42,1,CPU-Node-45,33,101
2026-01-17 06:12:00,CPU,High,27,12,6,user,18,1,CPU-Node-13,48,183
2026-01-17 06:14:00,GPU,High,31,3,2,admin,45,1,GPU-Node-39,40,134
2026-01-17 06:16:00,CPU,Low,37,6,8,user,12,1,CPU-Node-3,51,212
2026-01-17 06:18:00,GPU,Medium,34,2,0,user,32,1,GPU-Node-13,41,148
2026-01-17 06:20:00,CPU,Low,36,10,8,user,26,1,CPU-Node-12,47,226
2026-01-17 06:22:00,GPU,Medium,25,2,1,user,36,1,GPU-Node-24,28,96
2026-01-17 06:24:00,CPU,Medium,40,12,9,user,23,1,CPU-Node-24,53,247
2026-01-17 06:26:00,CPU,Medium,33,5,7,user,41,1,CPU-Node-32,50,209
2026-01-17 06:28:00,GPU,Low,27,1,7,user,32,1,GPU-Node-17,43,191
2026-01-17 06:30:00,CPU,Low,39,10,4,user,29,1,CPU-Node-22,48,167
2026-01-17 06:32:00,GPU,High,27,3,0,user,31,1,GPU-Node-34,32,83
2026-01-17 06:34:00,GPU,High,23,3,5,user,22,1,GPU-Node-23,23,192
2026-01-17 06:36:00,GPU,High,31,0,8,user,38,0,GPU-Node-8,49,248
2026-01-17 06:38:00,CPU,High,43,2,7,admin,19,1,CPU-Node-27,58,205
2026-01-17 06:40:00,GPU,High,35,2,3,user,31,1,GPU-Node-11,37,138
2026-01-17 06:42:00,GPU,Medium,34,0,7,user,36,0,GPU-Node-16,40,256
2026-01-17 06:44:00,CPU,Medium,15,7,3,user,23,1,CPU-Node-29,29,150
2026-01-17 06:46:00,CPU,Low,22,7,3,user,29,1,CPU-Node-39,30,135
2026-01-17 06:48:00,GPU,High,35,3,0,user,22,1,GPU-Node-45,35,100
2026-01-17 06:50:00,GPU,High,10,2,0,user,44,1,GPU-Node-40,10,72
2026-01-17 06:52:00,CPU,High,47,8,11,user,49,1,CPU-Node-23,67,319
2026-01-17 06:54:00,GPU,High,48,0,7,user,32,0,GPU-Node-15,60,227
2026-01-17 06:56:00,GPU,High,43,2,9,admin,31,1,GPU-Node-8,54,299
2026-01-17 06:58:00,GPU,Medium,21,1,7,user,39,1,GPU-Node-38,36,182
2026-01-17 07:00:00,GPU,High,33,0,8,user,29,0,GPU-Node-46,49,237
2026-01-17 07:02:00,GPU,High,27,2,6,user,23,1,GPU-Node-36,33,185
2026-01-17 07:04:00,CPU,Medium,54,10,12,user,20,1,CPU-Node-47,79,314
2026-01-17 07:06:00,GPU,Low,23,1,6,user,28,1,GPU-Node-13,38,181
2026-01-17 07:08:00,CPU,Low,40,11,7,admin,18,1,CPU-Node-16,60,250
2026-01-17 07:10:00,GPU,Low,46,3,4,user,22,1,GPU-Node-24,54,194
2026-01-17 07:12:00,CPU,Medium,44,8,12,user,31,1,CPU-Node-18,72,316
2026-01-17 07:14:00,CPU,Low,30,9,7,user,25,1,CPU-Node-23,45,238
2026-01-17 07:16:00,CPU,High,45,9,13,user,28,1,CPU-Node-14,67,340
2026-01-17 07:18:00,GPU,Medium,26,0,1,user,24,0,GPU-Node-45,18,124
2026-01-17 07:20:00,CPU,Low,46,7,6,user,53,1,CPU-Node-30,59,194
2026-01-17 07:22:00,CPU,High,38,4,5,user,40,1,CPU-Node-8,48,193
2026-01-17 07:24:00,GPU,Medium,33,3,3,user,47,1,GPU-Node-41,38,129
2026-01-17 07:26:00,CPU,Low,39,10,10,user,55,1,CPU-Node-20,56,286
2026-01-17 07:28:00,CPU,Low,20,7,5,user,35,1,CPU-Node-50,24,153
2026-01-17 07:30:00,GPU,Medium,57,1,11,user,5,1,GPU-Node-5,72,358
2026-01-17 07:32:00,GPU,Low,53,2,12,user,30,1,GPU-Node-42,83,346
2026-01-17 07:34:00,GPU,Medium,39,0,7,user,27,0,GPU-Node-38,52,290
2026-01-17 07:36:00,GPU,Low,36,1,5,admin,21,1,GPU-Node-20,39,235
2026-01-17 07:38:00,GPU,Low,35,1,8,user,39,1,GPU-Node-33,49,222
2026-01-17 07:40:00,GPU,Medium,23,2,7,user,44,1,GPU-Node-9,31,175
2026-01-17 07:42:00,CPU,High,36,8,5,user,16,1,CPU-Node-46,46,207
2026-01-17 07:44:00,CPU,High,38,8,9,user,23,1,CPU-Node-10,55,228
2026-01-17 07:46:00,CPU,High,37,1,9,user,42,1,CPU-Node-32,50,270
2026-01-17 07:48:00,GPU,High,33,2,8,user,36,1,GPU-Node-40,55,243
2026-01-17 07:50:00,CPU,Medium,25,12,9,user,42,1,CPU-Node-29,38,199
2026-01-17 07:52:00,CPU,Medium,17,10,5,user,26,1,CPU-Node-39,35,133
2026-01-17 07:54:00,CPU,Low,30,13,4,user,39,1,CPU-Node-31,39,178
2026-01-17 07:56:00,GPU,Medium,29,2,6,user,26,1,GPU-Node-19,43,226
2026-01-17 07:58:00,CPU,Medium,35,9,4,user,25,1,CPU-Node-17,40,176
2026-01-17 08:00:00,CPU,Medium,37,11,4,user,33,1,CPU-Node-48,42,169
2026-01-17 08:02:00,GPU,Medium,48,3,9,user,35,1,GPU-Node-4,62,327
2026-01-17 08:04:00,CPU,Medium,20,9,4,user,33,1,CPU-Node-3,36,172
2026-01-17 08:06:00,CPU,Medium,34,7,9,user,27,1,CPU-Node-50,51,253
2026-01-17 08:08:00,GPU,Medium,29,3,8,user,35,1,GPU-Node-6,53,242
2026-01-17 08:10:00,GPU,Medium,32,0,11,user,24,0,GPU-Node-48,41,284
2026-01-17 08:12:00,GPU,Medium,14,2,5,user,46,1,GPU-Node-43,27,177
2026-01-17 08:14:00,CPU,Low,47,11,8,user,20,1,CPU-Node-48,64,280
2026-01-17 08:16:00,CPU,Medium,20,9,7,user,26,1,CPU-Node-48,25,163
2026-01-17 08:18:00,CPU,Medium,12,16,2,user,45,1,CPU-Node-3,20,79
2026-01-17 08:20:00,GPU,Medium,27,2,0,admin,31,1,GPU-Node-38,24,121
2026-01-17 08:22:00,GPU,High,38,2,9,user,37,1,GPU-Node-47,63,264
2026-01-17 08:24:00,CPU,Medium,37,8,6,user,43,1,CPU-Node-25,46,229
2026-01-17 08:26:00,GPU,High,31,0,2,user,27,0,GPU-Node-12,25,146
2026-01-17 08:28:00,CPU,Low,30,8,7,user,28,1,CPU-Node-29,45,192
2026-01-17 08:30:00,CPU,Low,28,7,2,admin,33,1,CPU-Node-26,26,111
2026-01-17 08:32:00,CPU,High,39,8,9,user,33,1,CPU-Node-34,52,271
2026-01-17 08:34:00,GPU,High,33,0,9,user,30,0,GPU-Node-35,57,270
2026-01-17 08:36:00,CPU,Low,34,10,4,user,19,1,CPU-Node-44,35,190
2026-01-17 08:38:00,CPU,Medium,25,2,3,user,16,1,CPU-Node-48,36,144
2026-01-17 08:40:00,CPU,High,66,8,13,user,38,1,CPU-Node-48,84,351
2026-01-17 08:42:00,CPU,Low,30,6,3,user,33,1,CPU-Node-14,29,149
2026-01-17 08:44:00,CPU,High,29,10,1,user,38,1,CPU-Node-23,31,96
2026-01-17 08:46:00,CPU,Low,28,6,0,user,28,1,CPU-Node-15,25,92
2026-01-17 08:48:00,CPU,High,43,8,9,user,26,1,CPU-Node-19,66,299
2026-01-17 08:50:00,GPU,High,19,3,6,user,48,1,GPU-Node-12,30,217
2026-01-17 08:52:00,GPU,High,41,1,6,user,40,1,GPU-Node-4,60,227
2026-01-17 08:54:00,GPU,High,42,1,9,user,40,1,GPU-Node-48,65,258
2026-01-17 08:56:00,CPU,Low,27,7,6,user,29,1,CPU-Node-48,46,205
2026-01-17 08:58:00,GPU,Low,38,0,11,user,39,0,GPU-Node-7,60,318
2026-01-17 09:00:00,CPU,High,84,9,23,user,24,0,CPU-Node-22,100,564
2026-01-17 09:02:00,CPU,Low,86,7,12,user,20,1,CPU-Node-39,100,405
2026-01-17 09:04:00,CPU,Low,90,4,18,user,25,0,CPU-Node-44,100,447
2026-01-17 09:06:00,GPU,High,58,0,14,user,46,0,GPU-Node-35,90,379
2026-01-17 09:08:00,GPU,Low,68,0,15,user,27,0,GPU-Node-45,94,408
2026-01-17 09:10:00,CPU,Low,97,5,14,user,27,1,CPU-Node-40,100,452
2026-01-17 09:12:00,GPU,High,89,2,17,user,30,0,GPU-Node-39,100,488
2026-01-17 09:14:00,GPU,High,82,3,17,user,31,0,GPU-Node-42,100,506
2026-01-17 09:16:00,CPU,Medium,78,8,13,user,49,1,CPU-Node-43,100,405
2026-01-17 09:18:00,GPU,Low,82,2,14,user,25,1,GPU-Node-44,100,395
2026-01-17 09:20:00,CPU,High,86,7,20,user,27,0,CPU-Node-44,100,532
2026-01-17 09:22:00,GPU,High,64,2,13,user,7,1,GPU-Node-43,93,376
2026-01-17 09:24:00,CPU,Low,73,13,10,user,22,1,CPU-Node-21,100,348
2026-01-17 09:26:00,GPU,High,66,3,7,user,24,1,GPU-Node-38,71,315
2026-01-17 09:28:00,GPU,Low,76,2,19,user,35,0,GPU-Node-9,100,494
2026-01-17 09:30:00,CPU,High,80,9,13,admin,34,1,CPU-Node-39,99,394
2026-01-17 09:32:00,GPU,High,70,3,11,user,24,1,GPU-Node-44,91,333
2026-01-17 09:34:00,GPU,Low,63,0,9,user,11,0,GPU-Node-7,79,351
2026-01-17 09:36:00,GPU,Low,71,2,18,user,32,0,GPU-Node-30,100,419
2026-01-17 09:38:00,GPU,High,66,1,14,admin,34,1,GPU-Node-36,87,393
2026-01-17 09:40:00,CPU,High,72,8,11,user,11,1,CPU-Node-42,97,341
2026-01-17 09:42:00,CPU,Medium,69,7,14,user,37,1,CPU-Node-24,94,375
2026-01-17 09:44:00,CPU,Low,85,11,18,user,29,0,CPU-Node-36,100,480
2026-01-17 09:46:00,GPU,Medium,62,1,11,user,43,1,GPU-Node-24,77,304
2026-01-17 09:48:00,CPU,High,80,6,17,user,9,0,CPU-Node-18,100,469
2026-01-17 09:50:00,CPU,Low,70,4,13,user,37,1,CPU-Node-13,94,396
2026-01-17 09:52:00,GPU,Medium,77,3,12,user,27,1,GPU-Node-22,100,400
2026-01-17 09:54:00,CPU,Medium,66,6,16,user,37,0,CPU-Node-27,99,429
2026-01-17 09:56:00,CPU,Medium,72,8,17,user,38,0,CPU-Node-50,100,445
2026-01-17 09:58:00,CPU,High,72,11,15,user,38,1,CPU-Node-19,100,420
2026-01-17 10:00:00,CPU,High,89,10,23,user,54,0,CPU-Node-36,100,585
2026-01-17 10:02:00,CPU,High,86,3,22,admin,16,1,CPU-Node-24,100,563
2026-01-17 10:04:00,GPU,Medium,72,0,13,user,29,0,GPU-Node-39,100,383
2026-01-17 10:06:00,CPU,Medium,84,12,16,user,21,0,CPU-Node-28,100,480
2026-01-17 10:08:00,CPU,Medium,85,5,18,admin,36,0,CPU-Node-29,100,509
2026-01-17 10:10:00,GPU,Low,79,3,15,user,26,1,GPU-Node-24,100,456
2026-01-17 10:12:00,CPU,Low,94,8,17,user,32,0,CPU-Node-48,100,460
2026-01-17 10:14:00,CPU,Medium,87,5,16,user,21,0,CPU-Node-44,100,444
2026-01-17 10:16:00,GPU,High,60,1,13,user,12,1,GPU-Node-8,92,359
2026-01-17 10:18:00,GPU,Low,80,1,13,user,38,1,GPU-Node-21,100,398
2026-01-17 10:20:00,GPU,Medium,79,0,17,user,54,0,GPU-Node-18,100,529
2026-01-17 10:22:00,GPU,Low,80,3,12,user,11,1,GPU-Node-46,100,404
2026-01-17 10:24:00,CPU,High,77,2,12,user,21,1,CPU-Node-19,100,407
2026-01-17 10:26:00,GPU,Medium,79,1,10,user,40,1,GPU-Node-29,93,375
2026-01-17 10:28:00,GPU,Medium,60,3,15,user,40,1,GPU-Node-6,82,403
2026-01-17 10:30:00,CPU,Medium,80,3,16,user,36,0,CPU-Node-40,100,492
2026-01-17 10:32:00,GPU,Medium,65,3,8,user,12,1,GPU-Node-36,73,284
2026-01-17 10:34:00,CPU,Low,79,8,12,user,22,1,CPU-Node-41,100,380
2026-01-17 10:36:00,GPU,High,62,1,12,user,25,1,GPU-Node-46,87,327
2026-01-17 10:38:00,CPU,Low,66,7,17,user,31,0,CPU-Node-31,100,418
2026-01-17 10:40:00,GPU,Low,88,2,16,user,26,0,GPU-Node-42,100,463
2026-01-17 10:42:00,CPU,Medium,64,7,12,user,43,1,CPU-Node-15,86,359
2026-01-17 10:44:00,CPU,Medium,85,10,19,admin,38,0,CPU-Node-47,100,513
2026-01-17 10:46:00,CPU,Medium,95,9,19,user,32,0,CPU-Node-25,100,523
2026-01-17 10:48:00,CPU,Low,74,2,20,user,35,0,CPU-Node-43,100,530
2026-01-17 10:50:00,CPU,High,67,10,11,user,16,1,CPU-Node-29,87,321
2026-01-17 10:52:00,CPU,Low,86,3,14,admin,32,1,CPU-Node-47,100,482
2026-01-17 10:54:00,CPU,Low,79,8,13,user,28,1,CPU-Node-45,100,409
2026-01-17 10:56:00,CPU,Low,60,5,13,user,25,1,CPU-Node-1,88,361
2026-01-17 10:58:00,GPU,Low,71,2,16,user,25,0,GPU-Node-12,100,403
2026-01-17 11:00:00,GPU,Medium,73,3,12,user,48,1,GPU-Node-2,100,372
2026-01-17 11:02:00,CPU,Low,78,9,17,admin,38,0,CPU-Node-21,100,466
2026-01-17 11:04:00,GPU,Medium,75,3,17,admin,28,0,GPU-Node-33,100,444
2026-01-17 11:06:00,GPU,Low,76,2,18,user,20,0,GPU-Node-30,100,485
2026-01-17 11:08:00,GPU,Low,73,1,12,admin,16,1,GPU-Node-3,89,369
2026-01-17 11:10:00,GPU,Medium,77,2,12,user,39,1,GPU-Node-9,100,355
2026-01-17 11:12:00,CPU,High,64,14,14,admin,39,1,CPU-Node-39,99,406
2026-01-17 11:14:00,GPU,Low,93,3,21,user,27,0,GPU-Node-5,100,556
2026-01-17 11:16:00,GPU,Medium,64,3,15,user,39,1,GPU-Node-42,100,395
2026-01-17 11:18:00,CPU,Medium,74,3,14,user,38,1,CPU-Node-39,98,385
2026-01-17 11:20:00,GPU,Medium,86,3,16,user,28,0,GPU-Node-38,100,452
2026-01-17 11:22:00,CPU,Low,69,6,9,user,36,1,CPU-Node-46,86,341
2026-01-17 11:24:00,CPU,Medium,75,8,20,user,17,0,CPU-Node-41,100,518
2026-01-17 11:26:00,CPU,Low,75,12,13,user,29,1,CPU-Node-15,92,399
2026-01-17 11:28:00,CPU,Medium,67,7,12,admin,36,1,CPU-Node-26,94,338
2026-01-17 11:30:00,CPU,Medium,100,7,25,admin,34,0,CPU-Node-39,100,597
2026-01-17 11:32:00,CPU,High,81,10,17,user,30,0,CPU-Node-20,100,467
2026-01-17 11:34:00,CPU,Low,65,3,15,user,14,1,CPU-Node-39,96,409
2026-01-17 11:36:00,CPU,Low,79,5,14,user,34,1,CPU-Node-30,100,401
2026-01-17 11:38:00,CPU,Low,67,9,9,admin,26,1,CPU-Node-21,86,287
2026-01-17 11:40:00,CPU,High,55,4,12,user,41,1,CPU-Node-35,81,338
2026-01-17 11:42:00,GPU,High,79,2,16,user,34,0,GPU-Node-43,100,446
2026-01-17 11:44:00,CPU,High,83,7,13,user,33,1,CPU-Node-38,100,410
2026-01-17 11:46:00,CPU,Low,64,4,10,user,5,1,CPU-Node-10,84,376
2026-01-17 11:48:00,GPU,Low,76,2,15,user,21,1,GPU-Node-13,100,408
2026-01-17 11:50:00,GPU,High,54,1,8,user,27,1,GPU-Node-18,66,250
2026-01-17 11:52:00,CPU,Low,92,13,19,user,13,0,CPU-Node-25,100,479
2026-01-17 11:54:00,GPU,Medium,60,0,15,user,31,0,GPU-Node-7,91,410
2026-01-17 11:56:00,CPU,Medium,96,11,16,user,33,0,CPU-Node-39,100,493
2026-01-17 11:58:00,GPU,Low,74,1,18,user,24,0,GPU-Node-27,100,478
2026-01-17 12:00:00,CPU,High,64,6,17,user,17,0,CPU-Node-49,100,428
2026-01-17 12:02:00,GPU,High,82,2,16,admin,26,1,GPU-Node-47,100,478
2026-01-17 12:04:00,CPU,Medium,85,9,16,user,29,0,CPU-Node-15,100,441
2026-01-17 12:06:00,CPU,Medium,76,7,12,user,30,1,CPU-Node-29,100,399
2026-01-17 12:08:00,GPU,Medium,86,0,12,user,16,0,GPU-Node-5,100,401
2026-01-17 12:10:00,GPU,Medium,62,1,9,user,14,1,GPU-Node-9,84,310
2026-01-17 12:12:00,GPU,High,67,2,13,user,33,1,GPU-Node-43,91,361
2026-01-17 12:14:00,GPU,High,60,2,15,user,32,1,GPU-Node-31,99,401
2026-01-17 12:16:00,GPU,Low,73,2,10,user,29,1,GPU-Node-33,91,330
2026-01-17 12:18:00,GPU,High,64,1,6,user,32,1,GPU-Node-20,75,274
2026-01-17 12:20:00,CPU,High,60,11,15,user,16,1,CPU-Node-26,91,392
2026-01-17 12:22:00,GPU,High,77,0,22,user,42,0,GPU-Node-1,100,550
2026-01-17 12:24:00,CPU,High,83,8,7,user,27,1,CPU-Node-37,96,320
2026-01-17 12:26:00,GPU,Low,69,1,11,user,39,1,GPU-Node-17,88,336
2026-01-17 12:28:00,GPU,High,97,2,16,admin,36,1,GPU-Node-33,100,505
2026-01-17 12:30:00,CPU,Medium,82,10,11,user,33,1,CPU-Node-49,100,383
2026-01-17 12:32:00,CPU,High,97,3,16,user,32,0,CPU-Node-4,100,511
2026-01-17 12:34:00,GPU,Low,95,2,22,user,20,0,GPU-Node-45,100,529
2026-01-17 12:36:00,GPU,Medium,88,0,19,user,25,0,GPU-Node-32,100,522
2026-01-17 12:38:00,CPU,Low,89,4,18,admin,7,0,CPU-Node-46,100,546
2026-01-17 12:40:00,CPU,Medium,98,2,16,user,45,0,CPU-Node-48,100,488
2026-01-17 12:42:00,CPU,Medium,83,6,18,user,22,0,CPU-Node-24,100,477
2026-01-17 12:44:00,GPU,Low,76,2,16,admin,45,0,GPU-Node-16,100,446
2026-01-17 12:46:00,CPU,Low,64,6,15,user,26,1,CPU-Node-26,100,406
2026-01-17 12:48:00,GPU,Low,69,1,11,user,25,1,GPU-Node-44,92,321
2026-01-17 12:50:00,CPU,Low,48,11,7,admin,28,1,CPU-Node-33,68,246
2026-01-17 12:52:00,CPU,High,76,8,13,user,21,1,CPU-Node-7,100,364
2026-01-17 12:54:00,CPU,Low,70,13,16,user,24,0,CPU-Node-10,100,439
2026-01-17 12:56:00,CPU,Medium,60,3,13,user,13,1,CPU-Node-11,81,344
2026-01-17 12:58:00,GPU,Low,82,1,18,user,32,0,GPU-Node-14,100,473
2026-01-17 13:00:00,CPU,High,67,7,12,user,28,1,CPU-Node-37,91,367
2026-01-17 13:02:00,GPU,High,89,1,20,user,19,0,GPU-Node-8,100,531
2026-01-17 13:04:00,GPU,Low,56,1,9,user,34,1,GPU-Node-4,74,264
2026-01-17 13:06:00,CPU,High,71,7,12,user,12,1,CPU-Node-16,90,356
2026-01-17 13:08:00,CPU,High,75,7,18,user,28,0,CPU-Node-31,100,486
2026-01-17 13:10:00,GPU,High,71,2,12,user,25,1,GPU-Node-37,100,367
2026-01-17 13:12:00,CPU,Medium,79,9,11,user,20,1,CPU-Node-29,95,364
2026-01-17 13:14:00,GPU,Medium,72,1,10,user,24,1,GPU-Node-37,91,361
2026-01-17 13:16:00,CPU,Low,73,9,11,user,37,1,CPU-Node-14,100,352
2026-01-17 13:18:00,CPU,High,62,4,16,user,26,0,CPU-Node-7,92,429
2026-01-17 13:20:00,GPU,Low,72,1,13,user,57,1,GPU-Node-41,100,401
2026-01-17 13:22:00,CPU,High,79,8,15,user,27,1,CPU-Node-34,100,423
2026-01-17 13:24:00,CPU,Medium,75,8,14,user,17,1,CPU-Node-10,100,414
2026-01-17 13:26:00,CPU,Low,73,8,13,user,23,1,CPU-Node-5,95,400
2026-01-17 13:28:00,GPU,High,67,0,8,user,12,0,GPU-Node-21,90,345
2026-01-17 13:30:00,GPU,Medium,92,0,19,user,28,0,GPU-Node-43,100,498
2026-01-17 13:32:00,CPU,High,52,8,9,admin,16,1,CPU-Node-39,72,306
2026-01-17 13:34:00,CPU,Medium,79,7,19,user,34,0,CPU-Node-43,100,498
2026-01-17 13:36:00,GPU,High,81,2,15,user,36,1,GPU-Node-44,100,468
2026-01-17 13:38:00,GPU,Low,77,0,17,user,25,0,GPU-Node-45,100,475
2026-01-17 13:40:00,CPU,Low,55,3,11,user,43,1,CPU-Node-30,76,309
2026-01-17 13:42:00,CPU,Medium,65,5,7,user,29,1,CPU-Node-28,75,277
2026-01-17 13:44:00,CPU,High,67,7,8,user,36,1,CPU-Node-40,82,288
2026-01-17 13:46:00,CPU,Low,64,8,17,user,25,0,CPU-Node-14,91,443
2026-01-17 13:48:00,GPU,High,78,2,15,user,26,1,GPU-Node-35,100,431
2026-01-17 13:50:00,GPU,Low,63,1,10,user,41,1,GPU-Node-39,86,337
2026-01-17 13:52:00,CPU,Medium,74,1,14,user,35,1,CPU-Node-41,100,393
2026-01-17 13:54:00,CPU,Medium,58,8,4,user,37,1,CPU-Node-23,74,240
2026-01-17 13:56:00,CPU,Medium,83,9,19,user,45,0,CPU-Node-12,100,476
2026-01-17 13:58:00,GPU,Medium,74,2,8,user,43,1,GPU-Node-20,83,327
2026-01-17 14:00:00,CPU,High,84,5,17,user,28,0,CPU-Node-35,100,463
2026-01-17 14:02:00,GPU,Medium,82,0,19,user,46,0,GPU-Node-22,100,507
2026-01-17 14:04:00,GPU,High,71,3,16,user,28,0,GPU-Node-49,100,441
2026-01-17 14:06:00,CPU,Medium,65,7,14,user,35,1,CPU-Node-5,94,389
2026-01-17 14:08:00,CPU,Low,71,5,20,user,32,0,CPU-Node-32,100,473
2026-01-17 14:10:00,CPU,Medium,80,11,14,user,17,1,CPU-Node-49,100,431
2026-01-17 14:12:00,CPU,Low,94,9,23,user,25,0,CPU-Node-27,100,589
2026-01-17 14:14:00,CPU,Medium,66,7,10,user,19,1,CPU-Node-45,92,324
2026-01-17 14:16:00,GPU,Medium,65,0,12,user,6,0,GPU-Node-45,93,361
2026-01-17 14:18:00,GPU,Medium,85,1,21,user,34,0,GPU-Node-30,100,561
2026-01-17 14:20:00,CPU,Low,52,7,10,user,22,1,CPU-Node-49,74,313
2026-01-17 14:22:00,GPU,High,78,2,12,user,31,1,GPU-Node-31,100,390
2026-01-17 14:24:00,GPU,Medium,87,4,17,user,38,0,GPU-Node-50,100,490
2026-01-17 14:26:00,CPU,Medium,68,7,9,user,16,1,CPU-Node-42,78,307
2026-01-17 14:28:00,CPU,Low,70,8,17,user,24,0,CPU-Node-12,99,431
2026-01-17 14:30:00,CPU,Medium,77,3,17,user,48,0,CPU-Node-36,100,463
2026-01-17 14:32:00,GPU,Medium,65,4,18,user,15,0,GPU-Node-43,100,481
2026-01-17 14:34:00,CPU,Medium,81,5,16,user,23,0,CPU-Node-7,100,457
2026-01-17 14:36:00,GPU,Low,74,0,11,user,15,0,GPU-Node-3,95,351
2026-01-17 14:38:00,CPU,Medium,71,9,9,user,37,1,CPU-Node-44,94,314
2026-01-17 14:40:00,CPU,Low,64,9,11,user,41,1,CPU-Node-43,90,351
2026-01-17 14:42:00,CPU,Low,66,10,12,user,32,1,CPU-Node-16,94,348
2026-01-17 14:44:00,GPU,High,76,0,14,user,25,0,GPU-Node-27,100,454
2026-01-17 14:46:00,CPU,Low,88,1,17,user,11,0,CPU-Node-20,100,480
2026-01-17 14:48:00,GPU,Medium,69,2,19,user,28,0,GPU-Node-18,100,478
2026-01-17 14:50:00,CPU,Low,82,2,16,user,25,0,CPU-Node-1,100,466
2026-01-17 14:52:00,CPU,Medium,83,5,17,user,28,0,CPU-Node-33,100,467
2026-01-17 14:54:00,GPU,High,85,2,14,user,46,1,GPU-Node-35,100,421
2026-01-17 14:56:00,CPU,Low,81,7,15,user,17,1,CPU-Node-42,100,426
2026-01-17 14:58:00,CPU,High,60,7,13,user,23,1,CPU-Node-37,87,365
2026-01-17 15:00:00,CPU,High,73,3,14,user,39,1,CPU-Node-20,100,430
2026-01-17 15:02:00,CPU,Medium,59,6,13,user,11,1,CPU-Node-43,86,345
2026-01-17 15:04:00,CPU,High,82,5,19,user,28,0,CPU-Node-38,100,512
2026-01-17 15:06:00,CPU,High,76,4,14,user,22,1,CPU-Node-5,100,437
2026-01-17 15:08:00,CPU,Low,72,13,15,user,41,1,CPU-Node-29,100,415
2026-01-17 15:10:00,CPU,Medium,67,6,12,user,21,1,CPU-Node-34,80,359
2026-01-17 15:12:00,CPU,Low,94,5,25,user,26,0,CPU-Node-15,100,639
2026-01-17 15:14:00,CPU,Medium,83,10,21,admin,27,0,CPU-Node-48,100,534
2026-01-17 15:16:00,GPU,Low,79,1,19,user,13,0,GPU-Node-32,100,509
2026-01-17 15:18:00,GPU,Medium,69,1,6,user,14,1,GPU-Node-23,72,277
2026-01-17 15:20:00,CPU,High,77,10,12,user,25,1,CPU-Node-47,100,371
2026-01-17 15:22:00,CPU,Low,69,5,10,user,19,1,CPU-Node-50,96,332
2026-01-17 15:24:00,CPU,Low,67,9,18,user,19,0,CPU-Node-44,100,437
2026-01-17 15:26:00,CPU,Low,60,7,10,user,19,1,CPU-Node-24,81,262
2026-01-17 15:28:00,CPU,Low,67,10,12,user,48,1,CPU-Node-48,85,371
2026-01-17 15:30:00,CPU,Medium,76,7,13,user,18,1,CPU-Node-39,100,395
2026-01-17 15:32:00,GPU,Low,69,2,15,admin,10,1,GPU-Node-24,100,404
2026-01-17 15:34:00,GPU,High,79,0,15,user,35,0,GPU-Node-20,100,432
2026-01-17 15:36:00,CPU,Medium,81,9,18,user,24,0,CPU-Node-6,100,498
2026-01-17 15:38:00,GPU,High,82,2,17,user,5,0,GPU-Node-28,100,481
2026-01-17 15:40:00,CPU,High,82,7,19,user,23,0,CPU-Node-36,100,512
2026-01-17 15:42:00,CPU,Medium,78,10,11,user,22,1,CPU-Node-9,100,411
2026-01-17 15:44:00,CPU,High,69,5,14,user,26,1,CPU-Node-11,100,435
2026-01-17 15:46:00,CPU,Medium,87,12,20,user,52,0,CPU-Node-46,100,527
2026-01-17 15:48:00,GPU,Medium,77,2,17,user,8,0,GPU-Node-19,100,437
2026-01-17 15:50:00,GPU,Medium,77,3,18,user,31,0,GPU-Node-21,100,471
2026-01-17 15:52:00,CPU,High,70,10,11,user,23,1,CPU-Node-8,97,398
2026-01-17 15:54:00,GPU,Medium,79,0,14,user,12,0,GPU-Node-44,100,419
2026-01-17 15:56:00,GPU,Low,69,0,8,user,20,0,GPU-Node-40,78,286
2026-01-17 15:58:00,GPU,Low,95,3,16,user,19,0,GPU-Node-39,100,497
